country_code,country_name,year,control_corruption,political_stability,rule_of_law,homicide_rate,exports_percent_gdp,imports_percent_gdp,fdi_percent_gdp,gdp_growth,gdp_per_capita,inflation,population,tourist_arrivals,unemployment,population_log,gdp_per_capita_log,tourist_arrivals_log,homicide_rate_log,trade_percent_gdp,time_trend,homicide_rate_lag1,homicide_rate_log_lag1,homicide_rate_lag2,homicide_rate_log_lag2,homicide_rate_lag3,homicide_rate_log_lag3
COL,Colombia,2000,35.4298466,29.1560141,39.2135289,67.8921586309151,15.915139715438,16.7519457538687,2.43950747934181,2.92486148176778,2555.00751039968,9.22534818585366,39089934.0,707000.0,20.52,17.481375549356354,7.845810442124553,13.468787359304866,4.2325423635736925,32.6670854693067,0,,,,,,
COL,Colombia,2001,,,,70.1095871523678,15.3871357665009,18.5139760284435,2.58851936306874,1.67789830787579,2472.99084035833,7.96556090304834,39709262.0,788000.0,15.04,17.497095018195374,7.813183563656219,13.577254637874743,4.26422216811803,33.9011117949444,1,67.8921586309151,4.2325423635736925,,,,
COL,Colombia,2002,43.2981391,24.1999829,44.9274508,70.3960948977152,14.8155696775272,18.1670695368963,2.17844751407948,2.50398046659659,2428.92969771584,6.35150728778872,40324680.0,661000.0,14.481,17.51247424642019,7.795205985691528,13.401510631691982,4.268243174540494,32.9826392144235,2,70.1095871523678,4.26422216811803,67.8921586309151,4.2325423635736925,,
COL,Colombia,2003,44.3916475,25.0167043,45.6596316,57.4608630160922,16.5752997117627,19.9408838054673,1.81783931129221,3.91827190322513,2311.94218760291,7.1297886294186,40937429.0,668000.0,13.221,17.527555337007097,7.745843224117566,13.41204494952365,4.068357522079989,36.516183517230004,3,70.3960948977152,4.268243174540494,70.1095871523678,4.26422216811803,67.8921586309151,4.2325423635736925
COL,Colombia,2004,46.5663476,31.037227,49.5012851,48.6481875848116,16.7707514248023,19.0926755089972,2.66083488771203,5.33302206759905,2818.57195413044,5.90402005546502,41543171.0,840000.0,13.717,17.54224370956042,7.943985636424234,13.641158361294979,3.9049618859943185,35.8634269337995,4,57.4608630160922,4.068357522079989,70.3960948977152,4.268243174540494,70.1095871523678,4.26422216811803
COL,Colombia,2005,46.0328794,30.8758996,49.0780292,42.9894132012747,16.9710437391629,20.4516537557921,7.02979401438219,4.82876110773741,3456.06610874512,5.05101962689696,42128977.0,981000.0,11.062,17.55624635167605,8.14788625842882,13.796328757914972,3.7839489959053183,37.422697494955,5,48.6481875848116,3.9049618859943185,57.4608630160922,4.068357522079989,70.3960948977152,4.268243174540494
COL,Colombia,2006,43.9298386,33.9730592,49.2299508,40.9429758324124,17.7285877506525,21.9127682099768,4.17238510059526,6.71686869844402,3789.85361217027,4.29342363628927,42691084.0,2096000.0,11.088,17.569500650775314,8.240082672573331,14.555541801522192,3.736310977472892,39.6413559606293,6,42.9894132012747,3.7839489959053183,48.6481875848116,3.9049618859943185,57.4608630160922,4.068357522079989
COL,Colombia,2007,42.7079909,37.4967793,50.942736,39.7776140409658,16.4331421263646,20.6657549719257,4.30867680626701,6.73819469090975,4769.926147194,5.54438485815156,43235374.0,2381000.0,11.204,17.582169560738237,8.470086100993974,14.683031545460512,3.7081332553661266,37.0988970982903,7,40.9429758324124,3.736310977472892,42.9894132012747,3.7839489959053183,48.6481875848116,3.9049618859943185
COL,Colombia,2008,43.425613,36.9281645,51.518047,36.8840024517578,18.1095951350739,21.0580542813616,4.35627834630067,3.28344618616541,5541.83629665898,6.99688495554511,43758808.0,2545000.0,11.273,17.59420347621888,8.620081186310896,14.749641600893991,3.6345289240813536,39.167649416435495,8,39.7776140409658,3.7081332553661266,40.9429758324124,3.736310977472892,42.9894132012747,3.7839489959053183
COL,Colombia,2009,42.233716,38.0455411,50.5062255,35.7272410703666,16.4244956875755,18.731632819883,3.45627065154005,1.13964864548062,5250.97292433518,4.20251661216482,44271541.0,2649000.0,12.066,17.60585261322832,8.566168657337226,14.789693145755079,3.603518743216944,35.156128507458504,9,36.8840024517578,3.6345289240813536,39.7776140409658,3.7081332553661266,40.9429758324124,3.736310977472892
COL,Colombia,2010,40.4961933,42.0439092,52.242414,34.5241750628259,16.3408447597691,17.923758408999,2.24433595561184,4.49465897070922,6398.2958447102,2.27200227892008,44777319.0,1701000.0,11.153,17.617212296864682,8.763786959626445,14.346727459267303,3.5702134523997073,34.264603168768105,10,35.7272410703666,3.603518743216944,36.8840024517578,3.6345289240813536,39.7776140409658,3.7081332553661266
COL,Colombia,2011,43.9491266,45.2566674,52.1375084,35.6322084408409,19.2765050733171,20.1939184812196,4.37269536127322,6.94789198173555,7400.9940695669,3.4150334477625,45259614.0,2356000.0,10.288,17.62792566963131,8.90936960389555,14.672476248201741,3.600927865468571,39.4704235545367,11,34.5241750628259,3.5702134523997073,35.7272410703666,3.603518743216944,36.8840024517578,3.6345289240813536
COL,Colombia,2012,39.8127477,42.3233813,51.228686,35.9613009153726,18.8112052836654,20.0239457350035,4.05728041313345,3.91263576716115,8108.59838244229,3.16930188840055,45715810.0,2434000.0,9.959,17.637954747896842,9.00068030633393,14.70504696337587,3.609871444080799,38.8351510186689,12,35.6322084408409,3.600927865468571,34.5241750628259,3.5702134523997073,35.7272410703666,3.603518743216944
COL,Colombia,2013,39.1534778,42.7518466,50.5839313,33.4159707994424,18.0864397214368,19.9002090764088,4.24252457969381,5.13399351995672,8279.10255642981,2.01699224310383,46151584.0,2595000.0,9.246,17.647441841184357,9.021489854600409,14.769097459938507,3.5385207240662275,37.986648797845604,13,35.9613009153726,3.609871444080799,35.6322084408409,3.600927865468571,34.5241750628259,3.5702134523997073
COL,Colombia,2014,40.5609499,47.7700428,52.0987692,28.654305199833,16.6347491096509,20.8527165314594,4.24107256687862,4.49903000110972,8187.20824890084,2.89883787761738,46565429.0,2866000.0,8.799,17.65636895682362,9.010328245586576,14.868428236288546,3.3896073155720416,37.487465641110305,14,33.4159707994424,3.5385207240662275,35.9613009153726,3.609871444080799,35.6322084408409,3.600927865468571
COL,Colombia,2015,41.6516464,48.5332728,52.5361218,27.2152782480106,15.6502115094968,22.7105526089485,3.95939854860993,2.95590137527523,6248.51490534512,4.9898311584953,46969940.0,3371000.0,8.572,17.66501838059125,8.740099099350715,15.030720290864032,3.3398636130776196,38.3607641184453,15,28.654305199833,3.3896073155720416,33.4159707994424,3.5385207240662275,35.9613009153726,3.609871444080799
COL,Colombia,2016,40.6082158,49.9440415,53.4704434,26.1438669043183,14.7171392781975,21.4855137060045,4.90164572903473,2.08738250162794,5959.84250367574,7.51346024627675,47437512.0,3675000.0,8.922,17.67492386608452,8.692799334152472,15.11706396273788,3.301151124151248,36.202652984202004,16,27.2152782480106,3.3398636130776196,28.654305199833,3.3896073155720416,33.4159707994424,3.5385207240662275
COL,Colombia,2017,39.7795999,51.5596918,53.1095575,25.5510587151196,15.1452897484005,20.1376251940583,4.3931823276543,1.35936086788746,6479.53231292429,4.31431325695011,48131078.0,4056000.0,9.086,17.689438638701436,8.77640361281022,15.21570807080145,3.2790696231686014,35.2829149424588,17,26.1438669043183,3.301151124151248,27.2152782480106,3.3398636130776196,28.654305199833,3.3896073155720416
COL,Colombia,2018,41.6339601,53.5621824,52.0339144,23.8207594532571,15.8997196775431,20.6350331193542,3.38083573220188,2.56432428277704,6816.96818309544,3.24056932930569,49024465.0,4397000.0,9.36,17.707830017187547,8.827170104063562,15.296433275590713,3.2116803777473835,36.5347527968973,18,25.5510587151196,3.2790696231686014,26.1438669043183,3.301151124151248,27.2152782480106,3.3398636130776196
COL,Colombia,2019,42.5515607,49.7099758,51.3858014,23.3990612924966,15.8680386541241,21.6904953267149,4.33058240931506,3.18685539245533,6472.54544924705,3.52301932741447,49907985.0,4531000.0,10.28,17.725691567959988,8.77532473350093,15.326453444351083,3.194544659940113,37.558533980839,19,23.8207594532571,3.2116803777473835,25.5510587151196,3.2790696231686014,26.1438669043183,3.301151124151248
COL,Colombia,2020,42.8684473,53.6015733,51.2088287,22.6427030734102,13.5222755593302,20.5332954086799,2.7588942895314,-7.18591413760859,5339.68711357943,2.52663500084706,50629997.0,1396000.0,15.983,17.740054784692685,8.582922337274953,14.149122278636577,3.1630545292080723,34.0555709680101,20,23.3990612924966,3.194544659940113,23.8207594532571,3.2116803777473835,25.5510587151196,3.2790696231686014
COL,Colombia,2021,42.5969406,47.9510464,50.7518116,25.5801274097033,16.1970059548864,23.8621404387264,3.00175693787234,10.8011981904878,6222.62164397614,3.49505757399448,51188173.0,,13.898,17.751019067232278,8.735946583102677,,3.280163846716173,40.0591463936128,21,22.6427030734102,3.1630545292080723,23.3990612924966,3.194544659940113,23.8207594532571,3.2116803777473835
COL,Colombia,2022,42.8342303,51.2663646,50.1475937,24.9488076386337,20.3883679938331,27.8942871185028,4.97124137726565,7.32827729427979,6680.44506854481,10.1772313546166,51737944.0,,10.541,17.76170199678534,8.806939891338876,,3.2561256601413504,48.2826551123359,22,25.5801274097033,3.280163846716173,22.6427030734102,3.1630545292080723,23.3990612924966,3.194544659940113
COL,Colombia,2023,42.0850276,51.957149,49.2170521,24.9134420347488,17.8077746975806,22.3255418346774,4.57716748279263,0.841819555752039,7012.49169137756,11.7359044948689,52321152.0,,9.591,17.77291128321944,8.855448364999955,,3.254761831553529,40.133316532258,23,24.9488076386337,3.2561256601413504,25.5801274097033,3.280163846716173,22.6427030734102,3.1630545292080723
COL,Colombia,2024,42.3503719,50.9539061,49.2940147,,16.0804545104347,20.2375393681026,3.25416050189283,1.49330728771066,7951.08624019412,6.60908593728228,52886363.0,,9.619,17.783656075315644,8.981063832301487,,,36.317993878537294,24,24.9134420347488,3.254761831553529,24.9488076386337,3.2561256601413504,25.5801274097033,3.280163846716173
CRI,Costa Rica,2000,68.7675874,77.992751,66.8114468,6.3234257019066,42.9303224591994,43.5946009234176,4.81846452551762,3.80207210664838,3812.75386183689,10.9615496593622,3937739.0,1278000.0,5.08,15.18611725868665,8.246107005410186,14.060807696391924,1.9910782105628315,86.524923382617,0,,,,,,
CRI,Costa Rica,2001,,,,6.41066095411089,40.5085719500705,40.34418555697,3.89233614145036,3.49117013515725,3985.12987980056,11.2556157091172,4008947.0,1320000.0,6.051,15.204039171282828,8.290325182863983,14.093143052138025,2.0029196329159427,80.8527575070405,1,6.3234257019066,1.9910782105628315,,,,
CRI,Costa Rica,2002,57.2729975,82.0687129,68.8175509,6.33019318130238,39.2245350275681,41.1894086478451,4.3620269108637,3.41687615891895,4067.71854177094,9.16752048509119,4075705.0,1335000.0,6.396,15.220554295828235,8.3108375664196,14.104442598879876,1.992001870435639,80.41394367541321,2,6.41066095411089,2.0029196329159427,6.3234257019066,1.9910782105628315,,
CRI,Costa Rica,2003,57.7467076,76.6677399,68.2319018,7.24850496564873,40.6717129761414,42.6559945741523,4.48353973161802,4.31718000096654,4173.14853766977,9.44758091616984,4138784.0,1514000.0,6.654,15.235912582850624,8.33642607489451,14.230266373481294,2.1100319676399324,83.3277075502937,3,6.33019318130238,1.992001870435639,6.41066095411089,2.0029196329159427,6.3234257019066,1.9910782105628315
CRI,Costa Rica,2004,55.6774117,78.2044822,68.045255,6.66654365306355,42.2076544521738,43.0488230518016,5.82312653403309,4.42459978667458,4431.01172024063,12.3148150178852,4200078.0,1771000.0,6.445,15.25061365450972,8.396383216251426,14.38705548141755,2.036865881879733,85.25647750397539,4,7.24850496564873,2.1100319676399324,6.33019318130238,1.992001870435639,6.41066095411089,2.0029196329159427
CRI,Costa Rica,2005,55.7893153,80.3342047,69.1984737,7.86156142343543,43.464522824224,45.7581418157306,7.62843541650427,3.97666631433462,4703.00720463794,13.7982949108987,4261240.0,1959000.0,6.749,15.26507075570225,8.45595741386774,14.48794520739107,2.181722981983187,89.2226646399546,5,6.66654365306355,2.036865881879733,7.24850496564873,2.1100319676399324,6.33019318130238,1.992001870435639
CRI,Costa Rica,2006,56.0364084,81.1039252,67.607151,8.12248146668412,43.3140350907406,46.5005192313654,7.92850432469026,7.3266951372695,5256.59641275583,11.4705968149052,4321340.0,2071000.0,5.926,15.279076097308,8.567239026473445,14.543542623236126,2.2107418577214824,89.814554322106,6,7.86156142343543,2.181722981983187,6.66654365306355,2.036865881879733,7.24850496564873,2.1100319676399324
CRI,Costa Rica,2007,57.2387704,80.0309457,67.5715986,8.42418151029137,40.5821371736585,45.8744584376952,8.33742598522417,8.21513209207497,6137.71199435022,9.35724456417157,4380248.0,2302000.0,4.557,15.292615901754287,8.722207312337249,14.649289302668736,2.2432788871536506,86.4565956113537,7,8.12248146668412,2.2107418577214824,7.86156142343543,2.181722981983187,6.66654365306355,2.036865881879733
CRI,Costa Rica,2008,57.8673111,75.860945,67.9848442,11.5313873891892,38.8064601026245,47.5950523878602,7.90900698205041,4.73817511214847,6937.24261660254,13.4244635507284,4440056.0,2409000.0,4.934,15.306177546941482,8.844659657056912,14.694722696706926,2.528236488172563,86.40151249048469,8,8.42418151029137,2.2432788871536506,8.12248146668412,2.2107418577214824,7.86156142343543,2.181722981983187
CRI,Costa Rica,2009,60.4991182,78.2401198,69.3791803,11.6672085436857,34.6323048229081,35.1270124668251,5.2515106858073,-0.87345608994562,6832.69828187486,7.84270167700654,4499791.0,2309000.0,7.824,15.319541509217528,8.829474937779947,14.652325521424455,2.5390166499079085,69.75931728973319,9,11.5313873891892,2.528236488172563,8.42418151029137,2.2432788871536506,8.12248146668412,2.2107418577214824
CRI,Costa Rica,2010,62.1403057,79.5011207,69.627159,11.5672606575735,32.8294112720049,34.6826781316843,5.06371170026852,5.36034347722267,8265.78820580299,5.66275708420021,4555962.0,2495000.0,7.171,15.331947262864734,9.019880372411336,14.72979968796928,2.5310950718497125,67.5120894036892,10,11.6672085436857,2.5390166499079085,11.5313873891892,2.528236488172563,8.42418151029137,2.2432788871536506
CRI,Costa Rica,2011,61.307371,76.3597742,66.4434145,10.282368146525,32.4724707460503,36.1666751589609,6.39172538358965,4.40315921836142,9276.39109377477,4.87799830970702,4609833.0,2526000.0,9.518,15.343702188720139,9.135227859385596,14.742147977775314,2.4232411661029802,68.63914590501119,11,11.5672606575735,2.5310950718497125,11.6672085436857,2.5390166499079085,11.5313873891892,2.528236488172563
CRI,Costa Rica,2012,61.5600476,77.0292845,66.216038,8.72653951862736,31.6513172644756,35.3972218749191,5.70866124116913,4.88259252932575,10126.9991155066,4.49545314354605,4663934.0,2542000.0,9.11,15.355369855968943,9.222960315992161,14.74846212412249,2.274858182232867,67.0485391393947,12,10.282368146525,2.4232411661029802,11.5672606575735,2.5310950718497125,11.6672085436857,2.5390166499079085
CRI,Costa Rica,2013,61.4136608,77.2472696,66.3758491,8.71474107995362,30.5916494074101,33.4747614088744,6.29127736182893,2.49476596233289,10803.2401795009,5.23133614174428,4716147.0,2641000.0,8.218,15.36650271063707,9.287601384736778,14.78666856992365,2.2736444308997323,64.0664108162845,13,8.72653951862736,2.274858182232867,10.282368146525,2.4232411661029802,11.5672606575735,2.5310950718497125
CRI,Costa Rica,2014,63.8221832,77.6374637,67.4949886,10.0060434824472,31.362915449766,33.8283267683351,6.23293662665086,3.54210997703849,10911.4978703456,4.51920098516954,4767119.0,2760000.0,8.499,15.377252697164666,9.297572362743816,14.830741600012107,2.398444529424529,65.19124221810111,14,8.71474107995362,2.2736444308997323,8.72653951862736,2.274858182232867,10.282368146525,2.4232411661029802
CRI,Costa Rica,2015,63.6152798,78.8142788,67.2843551,11.5607212354156,29.9956579824958,30.7579041649883,5.23639457041545,3.65208093006359,11714.7106121672,0.801982005099623,4818038.0,2899000.0,8.415,15.38787734921593,9.368600648303643,14.879876752850267,2.5305745825932826,60.753562147484104,15,10.0060434824472,2.398444529424529,8.71474107995362,2.2736444308997323,8.72653951862736,2.274858182232867
CRI,Costa Rica,2016,64.2782593,78.3766211,67.2259513,11.8759050112518,31.2600961080703,30.9183821849967,4.45296211937019,4.20432320775184,12091.0301560892,-0.0174788505908217,4866998.0,3204000.0,8.085,15.397987877884749,9.400219147265025,14.9799108992802,2.555357736215486,62.178478293067,16,11.5607212354156,2.5305745825932826,10.0060434824472,2.398444529424529,8.71474107995362,2.2736444308997323
CRI,Costa Rica,2017,59.8867107,78.7192203,67.4164655,12.2731177810203,32.7626831133763,32.3092705863581,4.83327522044665,4.15769914676933,12317.0902779911,1.62590692991732,4913177.0,3231000.0,7.729,15.407431337369328,9.418743030458433,14.988302554308289,2.585740770334845,65.0719536997344,17,11.8759050112518,2.555357736215486,11.5607212354156,2.5305745825932826,10.0060434824472,2.398444529424529
CRI,Costa Rica,2018,61.1658072,76.9351248,66.9557639,11.7995456872358,33.6589195458941,33.1284942428784,4.81804579792257,2.85285959760458,12620.0207321581,2.22111461526581,4957818.0,3313000.0,9.01,15.416476282553363,9.443039778895606,15.01336498312322,2.5494096771109707,66.78741378877251,18,12.2731177810203,2.585740770334845,11.8759050112518,2.555357736215486,11.5607212354156,2.5305745825932826
CRI,Costa Rica,2019,62.6655197,76.7980943,68.1874547,11.2610056078008,34.1472985859666,31.2721746627109,4.19904890207774,2.70813912948329,12951.8588421841,2.09604635327807,4999553.0,3366000.0,10.807,15.424859066401956,9.468994596763809,15.029235950821377,2.5064239506191037,65.4194732486775,19,11.7995456872358,2.5494096771109707,12.2731177810203,2.585740770334845,11.8759050112518,2.555357736215486
CRI,Costa Rica,2020,63.2960634,82.0305766,68.7392865,11.3222838436969,31.6977144131717,28.0486406587767,3.34838047556023,-4.14159340574358,12475.6852076814,0.724911478131376,5034320.0,1146500.0,16.432,15.431789020396428,9.431536845578764,13.952225253499515,2.5114093178486447,59.7463550719484,20,11.2610056078008,2.5064239506191037,11.7995456872358,2.5494096771109707,12.2731177810203,2.585740770334845
CRI,Costa Rica,2021,59.995998,83.5034419,68.2686719,11.6205820666553,35.8298587276824,34.2738345782266,5.47775634815964,8.21817953969082,12962.2716075659,1.72647755109241,5059988.0,,15.139,15.436874669719334,9.469798232908374,,2.5353289786053423,70.10369330590899,21,11.3222838436969,2.5114093178486447,11.2610056078008,2.5064239506191037,11.7995456872358,2.5494096771109707
CRI,Costa Rica,2022,59.4934123,85.7815847,69.195918,12.908902016219,40.5888104743828,38.4635798410056,7.34017474268191,5.46119455235068,13971.7649991294,8.27477490232654,5081765.0,,11.325,15.441169200155919,9.544793786369972,,2.632529067968574,79.0523903153884,22,11.6205820666553,2.5353289786053423,11.3222838436969,2.5114093178486447,11.2610056078008,2.5064239506191037
CRI,Costa Rica,2023,61.8899064,86.7219213,68.5784998,17.7454798727379,38.0957487081207,33.3422823259329,6.05567371313475,4.79187732359398,17140.771430122,0.525193508693455,5105525.0,,8.325,15.445833844645792,9.749215198730674,,2.9309526498995653,71.43803103405361,23,12.908902016219,2.632529067968574,11.6205820666553,2.5353289786053423,11.3222838436969,2.5114093178486447
CRI,Costa Rica,2024,61.8341927,87.7441552,68.2626888,,37.5298397915012,32.3235388479498,5.58692738273204,4.08292444182048,18853.2828705886,-0.412853001047069,5129910.0,,6.936,15.450598673133408,9.844442335303391,,,69.853378639451,24,17.7454798727379,2.9309526498995653,12.908902016219,2.632529067968574,11.6205820666553,2.5353289786053423
DOM,República Dominicana,2000,37.0568051,63.1911314,46.5379685,14.0956805476114,35.4978251417642,43.8025679543791,4.0689908919589,4.65172550299128,2831.45883638033,7.72413566181616,8584190.0,3161000.0,6.432,15.965432697250883,7.948547347705056,14.966399307553289,2.714408646449352,79.3003930961433,0,,,,,,
DOM,República Dominicana,2001,,,,12.5569312052756,31.8906200886267,38.6199477193794,4.24930666375932,2.46937023763239,2935.89367312668,8.88306848812961,8720283.0,3090000.0,7.262,15.981162249486978,7.984767174203522,14.94368197249847,2.606897944604448,70.5105678080061,1,14.0956805476114,2.714408646449352,,,,
DOM,República Dominicana,2002,36.0654554,62.6458024,46.9022323,14.4483285859447,30.724010155589,37.9992727472887,3.41225986375611,4.48650367045651,3065.60329524196,5.22336769759447,8852235.0,3058000.0,6.779,15.996180527473536,8.027999662685266,14.93327199248221,2.7375008153521434,68.7232829028777,2,12.5569312052756,2.606897944604448,14.0956805476114,2.714408646449352,,
DOM,República Dominicana,2003,30.6631742,55.4026376,45.1591759,21.1789386478885,42.1529981602708,42.2965050258884,2.88055489904245,-1.34935744782766,2383.26171780393,27.4497127394395,8980620.0,3680000.0,6.938,16.01057948021133,7.776225298094603,15.118423581884207,3.099143129013921,84.4495031861592,3,14.4483285859447,2.7375008153521434,12.5569312052756,2.606897944604448,14.0956805476114,2.714408646449352
DOM,República Dominicana,2004,33.4875527,57.7333991,48.1919429,24.5911758206467,41.1474766418853,40.2039462963058,4.18629057899448,2.58556667449577,2451.69161616569,51.4608598338065,9104892.0,3907000.0,6.303,16.024322409459,7.804533520861816,15.178280629988032,3.2422475975587224,81.35142293819109,4,21.1789386478885,3.099143129013921,14.4483285859447,2.7375008153521434,12.5569312052756,2.606897944604448
DOM,República Dominicana,2005,30.8303396,58.7752899,49.6626369,25.9511238657765,28.3311381514539,33.3224205843488,3.12598170087694,9.43178931977285,3878.31206735244,4.19020260472056,9225034.0,3981000.0,6.587,16.03743143352093,8.263155303774978,15.19704385317559,3.294024998369607,61.6535587358027,5,24.5911758206467,3.2422475975587224,21.1789386478885,3.099143129013921,14.4483285859447,2.7375008153521434
DOM,República Dominicana,2006,34.766857,63.1209164,51.2807475,22.9521262431175,28.2249162691947,35.5415663659558,4.0356569620282,9.17120650955299,4055.14270347371,7.57280523853074,9341183.0,4268000.0,5.654,16.049943461713294,8.30774115790901,15.266656125705534,3.176057098334621,63.7664826351505,6,25.9511238657765,3.294024998369607,24.5911758206467,3.2422475975587224,21.1789386478885,3.099143129013921
DOM,República Dominicana,2007,32.8648154,64.1749084,51.0807652,22.3252575336375,26.7620220119612,34.4672371412028,5.12424998266344,7.41840577774235,4649.64558875814,6.14356655248047,9455658.0,4365000.0,5.158,16.062123850461266,8.444546278205335,15.289128976350888,3.1495367877715976,61.229259153164,7,22.9521262431175,3.176057098334621,25.9511238657765,3.294024998369607,24.5911758206467,3.2422475975587224
DOM,República Dominicana,2008,32.9944638,65.2090209,49.6336723,25.0074949363479,23.9483515015273,37.4801543310121,5.67335967834237,3.26808671288212,5023.58513403515,10.6446210953712,9573130.0,4455000.0,4.764,16.07447077369631,8.521899127914168,15.309537843353914,3.2583847632632077,61.4285058325394,8,22.3252575336375,3.1495367877715976,22.9521262431175,3.176057098334621,25.9511238657765,3.294024998369607
DOM,República Dominicana,2009,33.47595,64.3335548,48.8798661,24.4964939070773,21.0931826103163,29.5577550688862,3.51548540591409,1.00345293018719,4973.95186999952,1.44215131834353,9695265.0,4489000.0,5.467,16.087148179962483,8.51196994799959,15.317140740530808,3.23854094887113,50.6509376792025,9,25.0074949363479,3.2583847632632077,22.3252575336375,3.1495367877715976,22.9521262431175,3.176057098334621
DOM,República Dominicana,2010,32.6620149,64.1999798,47.9343824,25.1930337290323,22.7751186165488,33.2822778009833,3.38320513554667,8.40114541209596,5478.62470398954,6.32993220146146,9820175.0,4478000.0,5.212,16.09994950094579,8.608609382019452,15.314687299454791,3.2654934872076415,56.057396417532104,10,24.4964939070773,3.23854094887113,25.0074949363479,3.2583847632632077,22.3252575336375,3.1495367877715976
DOM,República Dominicana,2011,33.7981599,64.2416013,48.7177497,25.2674003329003,24.3269602141381,34.7422976260316,3.79217588020774,3.19196227475523,5826.51014109195,5.79676809206533,9945621.0,4654000.0,6.087,16.112642911759615,8.670173496523594,15.35323783771328,3.268328639261243,59.0692578401697,11,25.1930337290323,3.2654934872076415,24.4964939070773,3.23854094887113,25.0074949363479,3.2583847632632077
DOM,República Dominicana,2012,32.2596313,66.0132452,48.8053109,22.5214243986665,24.7666213993906,33.7396322737183,5.64036946601582,2.77567100848816,6013.81965002603,3.69449707884777,10070411.0,4901000.0,6.722,16.125112078161767,8.701815374742651,15.404950027931655,3.157911682364466,58.5062536731089,12,25.2674003329003,3.268328639261243,25.1930337290323,3.2654934872076415,24.4964939070773,3.23854094887113
DOM,República Dominicana,2013,32.4842614,65.1487746,50.2567687,19.4038895577301,25.3838177066263,31.4299480948682,2.55757225532805,4.93473300709881,6136.59429329301,4.830950967408,10193833.0,5114000.0,7.351,16.137293487562335,8.722025191892458,15.4474926303749,3.0157255472705997,56.8137658014945,13,22.5214243986665,3.157911682364466,25.2674003329003,3.268328639261243,25.1930337290323,3.2654934872076415
DOM,República Dominicana,2014,32.7943805,66.2497464,52.4781876,17.5463639644216,25.4069026925032,30.2532014581601,3.55938801753347,7.11122629673892,6496.45166971142,2.99864226125219,10315528.0,5576000.0,6.719,16.149160890768336,8.779011409860257,15.53398241076251,2.9202737571408,55.6601041506633,14,19.4038895577301,3.0157255472705997,22.5214243986665,3.157911682364466,25.2674003329003,3.268328639261243
DOM,República Dominicana,2015,32.100597,67.4460467,50.85226,,24.0368347236543,28.3102891430464,3.13851060913817,6.98771131236387,6800.95309395474,0.836746346724557,10434829.0,6129000.0,7.605,16.160659711200566,8.824818042218277,15.62854232562661,,52.3471238667007,15,17.5463639644216,2.9202737571408,19.4038895577301,3.0157255472705997,22.5214243986665,3.157911682364466
DOM,República Dominicana,2016,32.0314087,68.3866462,50.9238377,15.3154603364407,24.1938670386292,27.5367900859185,3.33024928523507,6.71974078681295,7160.44200982307,1.61416607245223,10551430.0,6769000.0,7.284,16.17177195372465,8.876326991264788,15.727864071223042,2.7921131451814474,51.730657124547704,16,,,17.5463639644216,2.9202737571408,19.4038895577301,3.0157255472705997
DOM,República Dominicana,2017,31.8975404,67.2042764,50.5257467,11.3998115468654,24.1797519638034,26.5797835870437,4.55025610026855,3.93386176401576,7412.71571571512,3.27955694678546,10666843.0,7296000.0,5.832,16.18265070320925,8.910952144496719,15.802836947797699,2.5176812746620674,50.759535550847104,17,15.3154603364407,2.7921131451814474,,,17.5463639644216,2.9202737571408
DOM,República Dominicana,2018,30.9229128,65.7974766,50.7755906,9.90534873528498,23.993089643769,28.3420813139322,3.22902365102652,7.09751640210159,7882.98221584944,3.56443426013508,10782053.0,7551000.0,5.861,16.193393550581742,8.972461565044354,15.837190695218345,2.389253378535658,52.3351709577012,18,11.3998115468654,2.5176812746620674,15.3154603364407,2.7921131451814474,,
DOM,República Dominicana,2019,31.8595937,66.5750893,51.7576203,9.41799066618377,23.325332586795,27.587649613902,3.17366550445317,4.8940301149584,8183.01623600375,1.81060377042959,10894043.0,7550000.0,6.356,16.203726684044828,9.009816094639277,15.83705825367553,2.3435341833909193,50.912982200697,19,9.90534873528498,2.389253378535658,11.3998115468654,2.5176812746620674,15.3154603364407,2.7921131451814474
DOM,República Dominicana,2020,33.8041609,69.4518509,53.1311846,8.72977662309348,18.7972072415048,25.9359541051708,3.13265976088131,-7.92905234231061,7135.22273255899,3.78103179915517,11008300.0,2748000.0,6.126,16.214160091690886,8.872798746320544,14.82638429622533,2.2751909383900357,44.7331613466756,20,9.41799066618377,2.3435341833909193,9.90534873528498,2.389253378535658,11.3998115468654,2.5176812746620674
DOM,República Dominicana,2021,37.0379972,71.4850078,53.9454493,10.5362752855436,21.5282997986043,30.4217229317071,3.53154938314388,14.0124289062207,8527.0754858205,8.24300347981809,11123476.0,,7.702,16.224568387868715,9.05100173126772,,2.4454964434291275,51.9500227303114,21,8.72977662309348,2.2751909383900357,9.41799066618377,2.3435341833909193,9.90534873528498,2.389253378535658
DOM,República Dominicana,2022,39.4915989,74.0892959,54.5692147,12.3678475675698,22.0261866198241,32.3520110514603,3.56897046352612,5.23795652902595,10104.2464008585,8.81109209279587,11230734.0,,5.504,16.234164685219852,9.22071105019958,,2.5928523884430565,54.3781976712844,22,10.5362752855436,2.4454964434291275,8.72977662309348,2.2751909383900357,9.41799066618377,2.3435341833909193
DOM,República Dominicana,2023,39.5157241,73.6492482,54.6895584,10.9166976980638,21.3233165320401,28.5202966444017,3.94375586800192,2.19229848237939,10630.431743829,4.78561281021135,11331265.0,,5.555,16.243076277257174,9.271476086111296,,2.4779405845018423,49.8436131764418,23,12.3678475675698,2.5928523884430565,10.5362752855436,2.4454964434291275,8.72977662309348,2.2751909383900357
DOM,República Dominicana,2024,42.7411629,76.5216624,55.8897387,,22.7679273981921,29.0155869970404,3.6013993607877,4.95352204492849,10875.6618443092,3.30223338951227,11427557.0,,5.312,16.25153827714322,9.294282713351858,,,51.7835143952325,24,10.9166976980638,2.4779405845018423,12.3678475675698,2.5928523884430565,10.5362752855436,2.4454964434291275
GTM,Guatemala,2000,36.6410337,48.7789577,40.9669812,24.8256222306266,20.1950343956927,28.950553509261,-4.08835554722306,3.6088687174876,1648.96578971559,5.97757734737136,11697592.0,826000.0,2.143,16.274893566619983,7.407903576265312,13.624351263156136,3.251367108834576,49.1455879049537,0,,,,,,
GTM,Guatemala,2001,,,,26.9854300399802,28.6635482851857,42.0054848917618,-5.088199966054,2.33257486608854,1537.68663578252,7.28587366610138,11969422.0,835000.0,2.251,16.297865788983152,7.338034381440451,13.635188201437066,3.331684019028192,70.66903317694751,1,24.8256222306266,3.251367108834576,,,,
GTM,Guatemala,2002,31.8074442,47.5866806,41.7438102,29.6482816428349,26.7262767971618,40.3785347273026,-4.97449876130187,3.83928708556792,1669.33517469705,8.13263054281054,12246915.0,884000.0,2.254,16.32078462650412,7.420180727164561,13.69221347284086,3.422576596955279,67.1048115244644,2,26.9854300399802,3.331684019028192,24.8256222306266,3.251367108834576,,
GTM,Guatemala,2003,31.5893679,48.9497859,41.0027099,33.8260706875462,26.1810997164793,40.8212394697631,0.0903239703402523,2.56037766801896,1722.54701910774,5.60347675434469,12525842.0,880000.0,2.807,16.34330442822457,7.45155929952991,13.68767832281738,3.5503662639899902,67.0023391862424,3,29.6482816428349,3.422576596955279,26.9854300399802,3.331684019028192,24.8256222306266,3.251367108834576
GTM,Guatemala,2004,36.0072726,48.9448025,43.7568448,35.1905874431052,27.4194097089723,42.7954626492149,1.36317570702825,3.13791683609193,1840.91184884,7.57862247309729,12807402.0,1182000.0,2.971,16.365533842999678,7.518016297870501,13.982719322971512,3.5887990696380303,70.2148723581872,4,33.8260706875462,3.5503662639899902,29.6482816428349,3.422576596955279,26.9854300399802,3.331684019028192
GTM,Guatemala,2005,35.1053029,49.5050118,43.5027067,40.7866100416894,25.454901513817,41.6487980943867,2.01617500337249,3.27602692588886,2046.46611650758,9.1086498571922,13087629.0,1316000.0,3.059,16.387177990845878,7.623869738994796,14.09010815074553,3.7325759542819616,67.1036996082037,5,35.1905874431052,3.5887990696380303,33.8260706875462,3.5503662639899902,29.6482816428349,3.422576596955279
GTM,Guatemala,2006,34.946904,50.0587622,42.977498,44.0248234172562,25.3398334344627,42.572090305199,2.13587522888421,5.35139778711536,2225.1234753878,6.56085282795384,13367459.0,1502000.0,2.96,16.408333878659867,7.70756768761689,14.222308777084956,3.8072139691721794,67.9119237396617,6,40.7866100416894,3.7325759542819616,35.1905874431052,3.5887990696380303,33.8260706875462,3.5503662639899902
GTM,Guatemala,2007,35.6435377,50.8040963,43.0796107,42.3453198203345,25.9805176037841,43.0208467063922,2.55959192771149,6.33771869016203,2458.81573919384,6.82161753590326,13652040.0,1628000.0,2.847,16.429399518978073,7.807435106181165,14.302863439795049,3.769198734776126,69.0013643101763,7,44.0248234172562,3.8072139691721794,40.7866100416894,3.7325759542819616,35.1905874431052,3.5887990696380303
GTM,Guatemala,2008,38.7438607,51.9237649,42.586499,45.1519299292567,25.1243459208619,40.0543846004484,1.89952208705823,3.29352400028485,2763.05988172926,11.355761126315,13935174.0,1715000.0,2.898,16.449926705364902,7.924093997409978,14.354924221672386,3.8319387786932673,65.1787305213103,8,42.3453198203345,3.769198734776126,44.0248234172562,3.8072139691721794,40.7866100416894,3.7325759542819616
GTM,Guatemala,2009,37.7046661,51.4490311,43.1314365,45.7103110094951,24.3678264820599,33.6728604918074,1.34627822535543,0.476898106596394,2611.64632773352,1.85910254733028,14215611.0,1311000.0,3.22,16.46985128490819,7.867736078369997,14.086301525522053,3.843964932798318,58.040686973867295,9,45.1519299292567,3.8319387786932673,42.3453198203345,3.769198734776126,44.0248234172562,3.8072139691721794
GTM,Guatemala,2010,35.5132962,51.2474752,43.3351526,41.1031293722721,26.2254643341594,36.8997282404628,2.71030706792051,2.88417542800377,2805.25960237322,3.8595090983316,14500112.0,1384000.0,3.497,16.489666931498903,7.939251363539998,14.140489137702843,3.740122069808806,63.125192574622204,10,45.7103110094951,3.843964932798318,45.1519299292567,3.8319387786932673,42.3453198203345,3.769198734776126
GTM,Guatemala,2011,36.9515703,51.9002933,41.4438293,38.4055692334411,27.0677057848772,37.9793452571685,1.87038244023626,4.16390688293349,3168.98370607705,6.214123930671,14792126.0,1434000.0,3.169,16.50960557013072,8.061166218016941,14.17597899749153,3.6739071574173283,65.0470510420457,11,41.1031293722721,3.740122069808806,45.7103110094951,3.843964932798318,45.1519299292567,3.8319387786932673
GTM,Guatemala,2012,31.9388738,52.8007905,42.1429492,34.1624967821479,25.267092636425,36.6923266987792,2.82256297187213,2.97470856847661,3286.61959336267,3.78180754679678,15089647.0,1491000.0,2.765,16.52951943749493,8.097614836319716,14.214958264437461,3.559980082302225,61.9594193352042,12,38.4055692334411,3.6739071574173283,41.1031293722721,3.740122069808806,45.7103110094951,3.843964932798318
GTM,Guatemala,2013,32.9608278,52.596713,41.0375769,33.5015723155484,21.9981664670011,34.6870824337369,2.87216286478145,3.69476814623695,3444.15802275864,4.34337131279521,15387337.0,1516000.0,3.017,16.54905545640493,8.144434747990546,14.231586504814842,3.5410048973625563,56.685248900737996,13,34.1624967821479,3.559980082302225,38.4055692334411,3.6739071574173283,41.1031293722721,3.740122069808806
GTM,Guatemala,2014,29.8408598,52.6953567,42.7400931,33.4975903480006,21.7443606885213,33.3389129283464,2.43302117698753,4.44397825774911,3689.14510410202,3.4183616966296,15681725.0,1739000.0,2.717,16.56800657959068,8.213150031087679,14.368821368379383,3.54088947661255,55.0832736168677,14,33.5015723155484,3.5410048973625563,34.1624967821479,3.559980082302225,38.4055692334411,3.6739071574173283
GTM,Guatemala,2015,29.7569805,53.1864427,43.4926816,,19.8299071093932,30.0635447457053,1.93508794944894,4.09217170075418,3893.50533299068,2.3887203283955,15971743.0,1865000.0,2.506,16.58633165637714,8.267065144732472,14.438772147252939,,49.893451855098505,15,33.4975903480006,3.54088947661255,33.5015723155484,3.5410048973625563,34.1624967821479,3.559980082302225
GTM,Guatemala,2016,30.7721186,54.0529231,42.8561377,,18.753087949948,27.6196464426206,1.28045862124744,2.6778031930216,4060.13784737643,4.44844199942827,16268760.0,1906000.0,2.583,16.6047572624002,8.308972204575173,14.460517887855119,,46.3727343925686,16,,,33.4975903480006,3.54088947661255,33.5015723155484,3.5410048973625563
GTM,Guatemala,2017,30.229089,53.2007692,43.2936781,32.8054740415143,18.4950394164293,27.5743640248619,1.39328931381397,3.0798512212244,4324.99768915601,4.42453655182546,16567357.0,2120000.0,2.462,16.622944871550697,8.37216688506665,14.566927118346197,3.5206227432668133,46.0694034412912,17,,,,,33.4975903480006,3.54088947661255
GTM,Guatemala,2018,28.0364322,53.4356567,42.7707203,28.9035441420162,18.1693258488802,28.8423594935889,1.25790065429015,3.40687328176345,4352.94593289707,3.75186186704508,16845685.0,2406000.0,2.283,16.63960509888172,8.378608120822063,14.693476591144272,3.397977006549938,47.0116853424691,18,32.8054740415143,3.5206227432668133,,,,
GTM,Guatemala,2019,27.7851878,53.2129632,42.2356563,25.9415998284592,17.6119727745274,27.9047614104306,1.51707073546928,4.01789830861587,4511.99839552697,3.69998398008605,17103803.0,2560000.0,2.193,16.654811394407012,8.414495437576539,14.75551820708067,3.2936715540912855,45.516734184958,19,28.9035441420162,3.397977006549938,32.8054740415143,3.5206227432668133,,
GTM,Guatemala,2020,25.8627648,55.44489,42.7879231,18.1882859775834,16.3436118075967,24.7971475931852,1.29230382378627,-1.78555117570465,4477.61785000665,3.21444062197345,17357325.0,594000.0,2.965,16.669525165461664,8.40684645408132,13.29463628184505,2.9542999875095446,41.1407594007819,20,25.9415998284592,3.2936715540912855,28.9035441420162,3.397977006549938,32.8054740415143,3.5206227432668133
GTM,Guatemala,2021,23.4977807,55.2773771,42.5873048,20.2458705569498,17.6296569856584,31.6314924570096,4.19448571319716,8.04170398855833,4912.62240414681,4.26105127422813,17598650.0,,2.174,16.683332752520982,8.499563172741766,,3.0561625497547658,49.261149442668,21,18.1882859775834,2.9542999875095446,25.9415998284592,3.2936715540912855,28.9035441420162,3.397977006549938
GTM,Guatemala,2022,23.4971554,60.175191,41.282466,22.0474401521257,18.9517853338562,35.4973111273629,1.51665826758099,4.15492196609047,5356.92435887895,6.88512823344287,17847877.0,,3.051,16.697395123542297,8.586145275728807,,3.137554706968538,54.4490964612191,22,20.2458705569498,3.0561625497547658,18.1882859775834,2.9542999875095446,25.9415998284592,3.2936715540912855
GTM,Guatemala,2023,26.462081,61.9825372,41.1815348,23.3657267272051,16.6174908714024,31.7123069758568,1.58230175223989,3.52430434049013,5754.42833909847,6.20657592272126,18124838.0,,2.344,16.712793820734035,8.657724983311365,,3.1931775025366917,48.3297978472592,23,22.0474401521257,3.137554706968538,20.2458705569498,3.0561625497547658,18.1882859775834,2.9542999875095446
GTM,Guatemala,2024,29.356717,63.7385299,42.0421926,,15.8834632887959,31.4218348560856,1.63228788754296,3.71558453779777,6150.89465281457,2.86992752918294,18406359.0,,2.613,16.72820676070013,8.724352822222906,,,47.3052981448815,24,23.3657267272051,3.1931775025366917,22.0474401521257,3.137554706968538,20.2458705569498,3.0561625497547658
HND,Honduras,2000,26.9386535,58.9755071,37.6896464,48.2838225250265,53.972182998888,66.4199815853478,4.8698431531529,9.61221879337278,1092.56400746252,11.0480349344976,6577773.0,689000.0,3.883,15.699206796166399,6.996282513319912,13.442998001373553,3.8975958836891924,120.3921645842358,0,,,,,,
HND,Honduras,2001,,,,51.6129566869927,51.3817002306282,64.5613715073255,4.04940697578742,2.72319327321379,1132.1648753329,9.67415556864781,6757993.0,672000.0,4.0,15.726236510446425,7.0318868977446245,13.418015107599418,3.96296241425845,115.9430717379537,1,48.2838225250265,3.8975958836891924,,,,
HND,Honduras,2002,25.5883514,59.1101615,42.899634,52.2131990441944,52.730582054494,65.2668723958051,3.6562173778393,3.75433786119939,1132.49965345317,7.6905097203429,6938859.0,788000.0,4.02,15.752647909744407,7.032182551355526,13.577254637874743,3.9743064679097855,117.9974544502991,2,51.6129566869927,3.96296241425845,48.2838225250265,3.8975958836891924,,
HND,Honduras,2003,27.0406286,54.986864,42.1692295,57.211379965735,54.0940274951722,68.154249680362,4.74055553954205,4.54703805165397,1156.08162681357,7.67416639397743,7119213.0,887000.0,5.3,15.778307743570993,7.052791658169877,13.695601388686796,4.064080867680794,122.2482771755342,3,52.2131990441944,3.9743064679097855,51.6129566869927,3.96296241425845,48.2838225250265,3.8975958836891924
HND,Honduras,2004,28.03923,54.4070083,44.8189316,49.8561822453764,58.4229834527808,77.0387752890733,6.67606399673031,6.23230296069102,1215.13995412761,8.11379097093383,7298994.0,1026000.0,5.99,15.803247088403017,7.1026145377233485,13.841179279371246,3.9290016931847185,135.4617587418541,4,57.211379965735,4.064080867680794,52.2131990441944,3.9743064679097855,51.6129566869927,3.96296241425845
HND,Honduras,2005,28.9218552,53.8767716,46.5857523,42.9506250338895,59.0058417153113,77.4839263031749,6.16028277171203,6.05059922215973,1304.70039153826,8.80906074819817,7478355.0,1118000.0,4.909,15.827523405978662,7.173728708369963,13.927052827151165,3.783066845506501,136.4897680184862,5,49.8561822453764,3.9290016931847185,57.211379965735,4.064080867680794,52.2131990441944,3.9743064679097855
HND,Honduras,2006,29.1543482,53.7655764,43.7718972,40.7218024373527,56.0546420538277,77.0771930504925,6.57287305327357,6.56724355177587,1425.84780051892,5.57775207654292,7656832.0,1136000.0,3.574,15.851108879146711,7.262521863524089,13.943024758544537,3.731023832395714,133.1318351043202,6,42.9506250338895,3.783066845506501,49.8561822453764,3.9290016931847185,57.211379965735,4.064080867680794
HND,Honduras,2007,29.3182519,57.4253476,43.8644198,45.7956895764454,53.5090115392915,81.5616233786251,7.82223281251053,6.18832716678008,1577.73789197407,6.93621470895786,7834798.0,1309000.0,3.211,15.87408565169134,7.363747386198851,14.084774808833686,3.845791095614447,135.0706349179166,7,40.7218024373527,3.731023832395714,42.9506250338895,3.783066845506501,49.8561822453764,3.9290016931847185
HND,Honduras,2008,29.0399776,55.6790993,42.0790369,55.6000203180321,51.3252766875914,84.4236785054621,8.65020371949481,4.23160011009342,1732.49062702803,11.4034270813932,8012587.0,1561000.0,3.156,15.896524238186435,7.457315320964593,14.260837840112353,4.036009344184905,135.74895519305352,8,45.7956895764454,3.845791095614447,40.7218024373527,3.731023832395714,42.9506250338895,3.783066845506501
HND,Honduras,2009,27.8612324,56.0140831,42.1613911,64.4696634518731,39.5302508197518,57.3747551991386,3.38987200238321,-2.43162787988011,1781.15703614674,5.49634273772203,8189899.0,1589000.0,3.292,15.918412123640879,7.485018452421594,14.278616074845276,4.181586881946021,96.90500601889039,9,55.6000203180321,4.036009344184905,45.7956895764454,3.845791095614447,40.7218024373527,3.731023832395714
HND,Honduras,2010,27.8363145,54.0444474,41.7090701,74.5408954410341,45.7589061967483,63.6829320449336,3.83460574737835,3.73114034433009,1893.32722662035,4.69889064976232,8365878.0,1965000.0,4.119,15.939671848042664,7.54609099766531,14.491003312191221,4.324674171080007,109.4418382416819,10,64.4696634518731,4.181586881946021,55.6000203180321,4.036009344184905,45.7956895764454,3.845791095614447
HND,Honduras,2011,28.471068,55.6369504,41.1740984,83.1793333078082,51.2576866755535,70.9592159217832,5.88681418228473,3.83569066207505,2073.66121088074,6.7622795731476,8540583.0,1852000.0,4.474,15.960339830413591,7.637071024858434,14.431777234144919,4.432949443470343,122.2169025973367,11,74.5408954410341,4.324674171080007,64.4696634518731,4.181586881946021,55.6000203180321,4.036009344184905
HND,Honduras,2012,25.6781127,55.921737,38.2833267,82.2941714854712,50.9027988216362,70.2854169866486,5.83610988955542,4.12868774866939,2126.03474686503,5.19618615531848,8715076.0,1903000.0,3.755,15.980564957494906,7.662013902543044,14.458942671764223,4.422378576562361,121.18821580828481,12,83.1793333078082,4.432949443470343,74.5408954410341,4.324674171080007,64.4696634518731,4.181586881946021
HND,Honduras,2013,25.4597418,55.5043898,37.5525515,72.3455871413622,47.9414903194725,68.3645589279634,5.77862113948416,2.79155975746801,2081.12843527945,5.16189898581494,8889278.0,1857000.0,5.646,16.00035638934384,7.640665542547515,14.43447337883766,4.295182341107251,116.30604924743591,13,82.2941714854712,4.422378576562361,83.1793333078082,4.432949443470343,74.5408954410341,4.324674171080007
HND,Honduras,2014,28.4408733,53.4529725,38.9854505,64.9996731259012,47.5626547300206,65.4124425546899,8.62899693066618,3.0580805621437,2179.88171977271,6.12924930313031,9063122.0,2082000.0,7.078,16.01972421027259,7.687025897326175,14.548840008464333,4.1896497893763005,112.9750972847105,14,72.3455871413622,4.295182341107251,82.2941714854712,4.422378576562361,83.1793333078082,4.432949443470343
HND,Honduras,2015,31.6906491,53.8787376,39.5934368,55.7305404552518,45.1667574562581,62.097647897982,6.27594328427599,3.84007997093951,2271.20265980349,3.15783117980915,9237305.0,2093000.0,6.147,16.038760734408207,7.728064776258591,14.554109479211109,4.038312698091119,107.2644053542401,15,64.9996731259012,4.1896497893763005,72.3455871413622,4.295182341107251,82.2941714854712,4.422378576562361
HND,Honduras,2016,29.4470652,52.9159142,39.4845732,54.7151729955654,42.7141047814182,57.1016121691742,5.28156973350556,3.89297219726413,2307.34468351082,2.72461223295289,9412380.0,2228000.0,6.727,16.057536402005034,7.74385265469053,14.616615328862245,4.020252515502999,99.8157169505924,16,55.7305404552518,4.038312698091119,64.9996731259012,4.1896497893763005,72.3455871413622,4.295182341107251
HND,Honduras,2017,28.9677959,49.3152433,41.0666387,40.2998017393682,43.0938548370178,58.7192562426045,4.10592046689605,4.84291391050387,2413.0076562942,3.93436084442037,9588137.0,2144000.0,5.528,16.076037163128532,7.7886292385558455,14.57818426759063,3.7208576994559053,101.8131110796223,17,54.7151729955654,4.020252515502999,55.7305404552518,4.038312698091119,64.9996731259012,4.1896497893763005
HND,Honduras,2018,28.5007101,50.0723422,40.9391734,37.9817721287217,41.4548165613247,62.0963456541272,5.99386120691106,3.84499476966735,2464.64241531918,4.34734937777536,9765210.0,2323000.0,5.648,16.09433662743802,7.80980201117464,14.658370442230284,3.6630941555581273,103.5511622154519,18,40.2998017393682,3.7208576994559053,54.7151729955654,4.020252515502999,55.7305404552518,4.038312698091119
HND,Honduras,2019,26.7021605,50.6002222,41.1935718,41.0111655865032,40.2185209903792,59.2410142548624,3.83846408231678,2.55963434592314,2502.32744328073,4.36587159819274,9943633.0,2315000.0,5.698,16.11244300481422,7.824976555077984,14.654920677467821,3.7379354302499324,99.4595352452416,19,37.9817721287217,3.6630941555581273,40.2998017393682,3.7208576994559053,54.7151729955654,4.020252515502999
HND,Honduras,2020,27.3481657,53.313827,39.8551546,35.7028493255269,35.8751401030378,52.1257162805914,1.0106822391556,-8.96508223267296,2307.61494319511,3.46841177951171,10119640.0,669000.0,10.982,16.129988648068327,7.743969778005341,13.41354083387756,3.6028543903445636,88.0008563836292,20,41.0111655865032,3.7379354302499324,37.9817721287217,3.6630941555581273,40.2998017393682,3.7208576994559053
HND,Honduras,2021,25.486816,50.8680943,40.4990278,38.2025965034663,39.3653983599255,64.0072450999929,2.84361329738544,12.5652843771279,2735.14751503977,4.48087963413446,10289877.0,,8.506,16.14667115438602,7.913940649430753,,3.6687429819361457,103.37264345991841,21,35.7028493255269,3.6028543903445636,41.0111655865032,3.7379354302499324,37.9817721287217,3.6630941555581273
HND,Honduras,2022,27.262832,56.817659,41.0373347,34.9679353875888,42.4391817948962,70.2593431190701,2.41292398026651,4.14356194013767,3003.28996826399,9.08963911525032,10463872.0,,8.774,16.1634391201884,8.007463622850228,,3.582627857883625,112.6985249139663,22,38.2025965034663,3.6687429819361457,35.7028493255269,3.6028543903445636,41.0111655865032,3.7379354302499324
HND,Honduras,2023,26.1630725,59.3382064,39.1783868,31.4424316507577,37.3686804713719,61.4232993622646,1.68381240542467,3.57584760454412,3227.45762509776,6.66325180347463,10644851.0,,6.07,16.18058685902998,8.07944999330781,,3.479467184846038,98.7919798336365,23,34.9679353875888,3.582627857883625,38.2025965034663,3.6687429819361457,35.7028493255269,3.6028543903445636
HND,Honduras,2024,23.1946934,58.552621,38.6045194,,33.9216124364928,57.7477993509193,1.29157460831069,3.63240745450875,3415.96027916712,4.60621098127101,10825703.0,,4.91,16.19743377200745,8.136213926962379,,,91.6694117874121,24,31.4424316507577,3.479467184846038,34.9679353875888,3.582627857883625,38.2025965034663,3.6687429819361457
NIC,Nicaragua,2000,30.77629,60.0728991,44.0632288,9.47710001137849,20.1081658866931,41.1903315733091,5.21568567857809,4.10159025073438,1017.3124434882,7.06991352252517,5022633.0,581000.0,7.181,15.429464856156851,6.924919569601626,13.272507757002963,2.3491919241283106,61.2984974600022,0,,,,,,
NIC,Nicaragua,2001,,,,10.5546083051206,19.0419108824493,38.9382206647775,2.80655753554232,2.96084349057273,1051.874235891,5.98604186279518,5087825.0,584000.0,7.222,15.442360988756498,6.958328838519138,13.277657974137664,2.447084344849802,57.980131547226804,1,9.47710001137849,2.3491919241283106,,,,
NIC,Nicaragua,2002,31.3361991,59.3078309,48.8083856,10.7574705924444,18.8471358845682,39.2441485235103,3.90334311480045,0.753938876079573,1014.3339042591,3.75017465778466,5149909.0,579000.0,7.517,15.454489602580892,6.921987424086836,13.269059483669357,2.464488833659743,58.091284408078494,2,10.5546083051206,2.447084344849802,9.47710001137849,2.3491919241283106,,
NIC,Nicaragua,2003,32.9821249,58.940248,51.2776184,12.185846245133,20.704998914845,41.4700669729064,3.78225034215297,2.52073289551447,1021.35216668794,5.30238773219936,5210963.0,646000.0,7.6,15.46627523350153,6.9288826819909675,13.378556330751158,2.5791440001599812,62.1750658877514,3,10.7574705924444,2.464488833659743,10.5546083051206,2.447084344849802,9.47710001137849,2.3491919241283106
NIC,Nicaragua,2004,36.8271745,57.7608133,50.0419466,12.2512960818705,23.0598557398256,44.1354610401784,4.31560328721207,5.31217056950739,1098.62118662335,8.47021063584077,5272912.0,735000.0,6.41,15.47809332958139,7.001811205833934,13.507627138738266,2.584095365148072,67.19531678000399,4,12.185846245133,2.5791440001599812,10.7574705924444,2.464488833659743,10.5546083051206,2.447084344849802
NIC,Nicaragua,2005,33.7928568,58.868414,50.2782145,13.6463048137106,24.3821308946094,47.2635928126897,3.81407422484717,4.28239833770654,1183.30214010175,9.59909986064425,5342105.0,804000.0,5.37,15.49113032801859,7.076064232976514,13.597355791941425,2.6841880725014167,71.6457237072991,5,12.2512960818705,2.584095365148072,12.185846245133,2.5791440001599812,10.7574705924444,2.464488833659743
NIC,Nicaragua,2006,33.3419567,60.6569707,48.9272792,13.3238467052683,31.2666288650856,56.0430419669934,4.24030000066427,4.15294559846254,1248.17371577788,9.1401996677772,5418855.0,891000.0,5.31,15.505395096485884,7.129436734577441,13.700100828786772,2.661925750128927,87.30967083207901,6,13.6463048137106,2.6841880725014167,12.2512960818705,2.584095365148072,12.185846245133,2.5791440001599812
NIC,Nicaragua,2007,31.5189713,63.8464378,48.1396804,12.9883276955078,33.0635730423674,59.9621571869656,5.14186605474194,5.0763520180987,1350.38145753377,11.1269347446118,5497243.0,978000.0,4.89,15.519757251796252,7.208142392655722,13.79326597151132,2.6382232458289114,93.02573022933299,7,13.3238467052683,2.661925750128927,13.6463048137106,2.6841880725014167,12.2512960818705,2.584095365148072
NIC,Nicaragua,2008,31.4207864,62.0440171,46.9960221,13.1980225202019,34.4704620011048,62.3235227291007,7.38263377911966,3.43571693608081,1523.68437086409,19.8262031287429,5576593.0,1011000.0,6.2,15.534088574404898,7.328886609065013,13.826451487121803,2.653102695769049,96.7939847302055,8,12.9883276955078,2.6382232458289114,13.3238467052683,2.661925750128927,13.6463048137106,2.6841880725014167
NIC,Nicaragua,2009,31.5739851,60.6521116,45.8213526,14.1781256977468,33.9814942096139,53.0121162357305,5.22852820149836,-3.2926651586197,1467.08288052845,3.68700160498797,5656601.0,1010000.0,8.16,15.548333739753645,7.291031273158185,13.825461878915961,2.719855292522525,86.9936104453444,9,13.1980225202019,2.653102695769049,12.9883276955078,2.6382232458289114,13.3238467052683,2.661925750128927
NIC,Nicaragua,2010,30.9568817,56.1074682,45.2589635,13.682036444762,40.4671151559929,59.8969432679261,5.59335824334059,4.41009911716546,1526.56706951408,5.45513425887423,5737450.0,1071000.0,7.83,15.562525418716016,7.330776748002456,13.884104283136265,2.6866247359605393,100.364058423919,10,14.1781256977468,2.719855292522525,13.1980225202019,2.653102695769049,12.9883276955078,2.6382232458289114
NIC,Nicaragua,2011,30.9474474,57.3803214,46.4669164,12.682480356333,45.0169781525763,66.8104757834228,9.5791738556055,6.31668553491842,1679.71192084633,8.082387980991,5819051.0,1122000.0,6.613,15.576647747992908,7.4263775820069595,13.93062425632998,2.6161162083567033,111.8274539359991,11,13.682036444762,2.6866247359605393,14.1781256977468,2.719855292522525,13.1980225202019,2.653102695769049
NIC,Nicaragua,2012,30.7577121,57.0858938,45.097498,11.4042929452756,47.4691755587782,67.7081129154196,7.36516075625111,6.4961364710876,1784.69836017555,7.1935505333896,5901287.0,1233000.0,5.208,15.590681020681059,7.487004694037964,14.02496159317616,2.5180426179599382,115.17728847419781,12,12.682480356333,2.6161162083567033,13.682036444762,2.6866247359605393,14.1781256977468,2.719855292522525
NIC,Nicaragua,2013,31.3138874,58.9055269,45.2567884,9.92672854383165,45.2142694902064,65.7699383901753,8.78722600899979,4.92709413447304,1835.43996363715,7.13546785289407,5983845.0,1273000.0,5.28,15.60457389589456,7.51503949395039,14.05688766308519,2.391211947581355,110.98420788038169,13,11.4042929452756,2.5180426179599382,12.682480356333,2.6161162083567033,13.682036444762,2.6866247359605393
NIC,Nicaragua,2014,27.6320698,63.0979285,44.3139725,8.6540960289815,45.008072249634,61.6901279411621,9.06363827053251,4.78546013589983,1958.37047579547,6.03596861798425,6066492.0,1390000.0,4.52,15.618291071755648,7.579868016528035,14.144815024531075,2.267382284255486,106.6982001907961,14,9.92672854383165,2.391211947581355,11.4042929452756,2.5180426179599382,12.682480356333,2.6161162083567033
NIC,Nicaragua,2015,27.573173,62.675682,43.1109349,8.52113297894743,40.0837782888412,58.1103863053949,7.58033255797744,4.79226768332697,2074.45620634731,3.99737996694396,6149417.0,1456000.0,4.7,15.631867838541238,7.637454329088445,14.19120419455172,2.2535138521157365,98.1941645942361,15,8.6540960289815,2.267382284255486,9.92672854383165,2.391211947581355,11.4042929452756,2.5180426179599382
NIC,Nicaragua,2016,26.0140069,62.8230877,43.764329,7.26815838263741,38.8820263906579,54.9317014223508,7.44462628012218,4.56314739524967,2131.68704828322,3.52317317628473,6232666.0,1596000.0,3.9,15.64531472860197,7.66466898665169,14.283011683558112,2.1124117977363617,93.8137278130087,16,8.52113297894743,2.2535138521157365,8.6540960289815,2.267382284255486,9.92672854383165,2.391211947581355
NIC,Nicaragua,2017,25.9757738,62.5133137,44.5847218,6.82368909372622,41.338969262606,55.0416171725122,7.51057620596971,4.63120757580209,2182.61380995674,3.85067166284727,6316231.0,1958000.0,3.3,15.658633227469739,7.6882784329551965,14.487434612797692,2.0571561944335306,96.3805864351182,17,7.26815838263741,2.1124117977363617,8.52113297894743,2.2535138521157365,8.6540960289815,2.267382284255486
NIC,Nicaragua,2018,23.3334614,46.3491215,37.8323141,10.65611679854,42.2771474372665,51.7075930552738,6.43060058137235,-3.3633566598573,2035.16549390507,4.94723728039886,6400080.0,1412000.0,5.2,15.671821048251775,7.6183324183563705,14.160518405250372,2.455831089307696,93.9847404925403,18,6.82368909372622,2.0571561944335306,7.26815838263741,2.1124117977363617,8.52113297894743,2.2535138521157365
NIC,Nicaragua,2019,23.7722425,49.1764798,36.9437643,7.94304819024202,44.8044297851925,49.2377861394288,3.96093444094211,-2.89686986728901,1958.62051528095,5.37628990844126,6483657.0,1455000.0,5.457,15.684795260993692,7.579995685693672,14.190517145872716,2.190876491948656,94.0422159246213,19,10.65611679854,2.455831089307696,6.82368909372622,2.0571561944335306,7.26815838263741,2.1124117977363617
NIC,Nicaragua,2020,24.8089499,56.4442218,35.9122865,,41.7461005411755,46.8920225817213,5.86574902695673,-2.23654176262323,1938.44704754382,3.68181341625572,6565267.0,474000.0,6.18,15.697303735112891,7.56964244053661,13.06896471037963,,88.6381231228968,20,7.94304819024202,2.190876491948656,10.65611679854,2.455831089307696,6.82368909372622,2.0571561944335306
NIC,Nicaragua,2021,23.1346448,58.3250352,34.4840903,11.3473196321723,46.4042462306705,59.8031518362997,7.36996671682569,10.4543887816515,2138.38573878237,4.92841396948968,6644741.0,,6.076,15.709336272695682,7.667806495695835,,2.5134390056865334,106.2073980669702,21,,,7.94304819024202,2.190876491948656,10.65611679854,2.455831089307696
NIC,Nicaragua,2022,22.9683266,62.681135,34.2325129,,49.895771373158,65.558899558761,8.23239594861789,3.55027477135765,2322.89069619459,10.4674244465991,6730654.0,,4.969,15.722182873719758,7.750567678798382,,,115.454670931919,22,11.3473196321723,2.5134390056865334,,,7.94304819024202,2.190876491948656
NIC,Nicaragua,2023,22.6526543,64.3659665,32.6545438,,45.8658095323572,59.1537260474944,6.25581191942426,4.42779393186883,2609.44491147975,8.38765854872536,6823613.0,,4.698,15.735899654939391,7.866892800103687,,,105.0195355798516,23,,,11.3473196321723,2.5134390056865334,,
NIC,Nicaragua,2024,19.2956729,64.3681288,31.509348,,40.986351560247,58.1597135297009,6.86575238184716,3.58094495324541,2847.87639497305,4.62473841057141,6916140.0,,4.98,15.749368368495412,7.9543288709485465,,,99.14606508994791,24,,,,,11.3473196321723,2.5134390056865334
PAN,Panamá,2000,38.189408,67.6610565,53.1716622,9.93233884821742,68.9601167325743,70.2378181350816,6.9176468268032,4.20900547865375,3975.09308659503,1.49896111605778,3010369.0,600000.0,6.188,14.917573220573479,8.287803444825563,13.304686600863562,2.391725263580463,139.1979348676559,0,,,,,,
PAN,Panamá,2001,,,,9.9689317914936,68.7000854646216,66.8842656537739,4.9522944609476,0.949908149985234,3991.7767076924,0.307062436028722,3069537.0,737000.0,6.293,14.937037293857507,8.291991700920143,13.510344528022657,2.395066894112261,135.5843511183955,1,9.93233884821742,2.391725263580463,,,,
PAN,Panamá,2002,38.340529,71.1452299,58.0522546,12.0152977748691,62.8290573143366,63.1954251355142,1.93034036728479,2.50884372716125,4090.58617397129,1.00583090379039,3129344.0,800000.0,6.302,14.956333955885864,8.316443557587073,13.592368256649284,2.5661254175447,126.02448244985081,2,9.9689317914936,2.395066894112261,9.93233884821742,2.391725263580463,,
PAN,Panamá,2003,39.6785688,67.3046163,58.2838857,10.5649025160456,58.1335706161728,59.1339083244728,7.72303743989763,5.09686030493801,4264.66428846636,0.391666666666709,3189807.0,897000.0,6.303,14.975470971363336,8.35811874368972,13.706812255867513,2.447974866425706,117.26747894064559,3,12.0152977748691,2.5661254175447,9.9689317914936,2.395066894112261,9.93233884821742,2.391725263580463
PAN,Panamá,2004,39.8470736,67.5288149,59.5504961,9.47355777770635,60.576824415491,64.1849321049543,8.46279991168861,8.17565333965649,4644.56582353041,0.474723078204362,3251155.0,1004000.0,6.097,14.994520875787149,8.443453175088093,13.819503575249252,2.348853774009918,124.76175652044529,4,10.5649025160456,2.447974866425706,12.0152977748691,2.5661254175447,9.9689317914936,2.395066894112261
PAN,Panamá,2005,38.3171583,64.1948667,58.3686571,10.9869362611305,68.2355959083914,70.9755691783328,6.64344440768547,8.27618334503531,5017.7410922824,2.85588324760957,3313026.0,1070000.0,5.967,15.013372529123258,8.520735129796615,13.883170141017091,2.4838174118779235,139.2111650867242,5,9.47355777770635,2.348853774009918,10.5649025160456,2.447974866425706,12.0152977748691,2.5661254175447
PAN,Panamá,2006,39.2645281,67.0314366,58.5586407,6.54810061378814,69.1942342226276,72.2783370587819,15.7789064536681,9.85723870564752,5528.76705469354,2.45789346442102,3375024.0,1215000.0,5.792,15.031912993374595,8.617720113906431,14.010255457801716,2.021295957278106,141.4725712814095,6,10.9869362611305,2.4838174118779235,9.47355777770635,2.348853774009918,10.5649025160456,2.447974866425706
PAN,Panamá,2007,38.2764723,67.6308668,59.1359355,8.11638724767199,71.9791727879009,76.6864283016716,10.2406206022371,13.1530653782933,6317.81730274124,4.1686330029888,3437490.0,1428000.0,5.665,15.050252111861823,8.751129063998889,14.171786122161533,2.2100735904803095,148.66560108957248,7,6.54810061378814,2.021295957278106,10.9869362611305,2.4838174118779235,9.47355777770635,2.348853774009918
PAN,Panamá,2008,43.5961875,66.8910785,58.0503975,14.0831048875658,78.2985921255699,86.2876940102004,9.29189970284583,10.1974325907958,7347.59050324397,8.7586831772878,3500648.0,1575000.0,5.639,15.068458652179961,8.902127715773384,14.269766465162304,2.713575235787382,164.5862861357703,8,8.11638724767199,2.2100735904803095,6.54810061378814,2.021295957278106,10.9869362611305,2.4838174118779235
PAN,Panamá,2009,41.9603151,67.6325507,57.1315419,15.7671135605313,69.9648088440032,67.0812127666744,3.90591048455581,1.61186405976055,7796.92617035048,2.40905304082201,3564381.0,1562000.0,5.857,15.08650096421609,8.96148485428317,14.261478249586428,2.819419441792,137.0460216106776,9,14.0831048875658,2.713575235787382,8.11638724767199,2.2100735904803095,6.54810061378814,2.021295957278106
PAN,Panamá,2010,41.1526372,64.3407234,56.8693643,12.677292626363,70.025242127624,75.4234766788056,8.43207038785787,6.07339353106087,8331.46421351868,3.49128872618809,3628535.0,1726000.0,5.845,15.104339543512978,9.027794495646724,14.361317729999618,2.6157369851785397,145.4487188064296,10,15.7671135605313,2.819419441792,14.0831048875658,2.713575235787382,8.11638724767199,2.2100735904803095
PAN,Panamá,2011,40.999257,65.0272305,58.1949008,14.8639320731842,77.7456721038553,80.4627232429577,12.31683544373,11.9088772249531,9662.29592216607,5.87580243678763,3693505.0,2004000.0,4.03,15.122086429679538,9.175986572068863,14.510656240188764,2.7640481093868576,158.208395346813,11,12.677292626363,2.6157369851785397,15.7671135605313,2.819419441792,14.0831048875658,2.713575235787382
PAN,Panamá,2012,38.7692687,64.8678113,54.624519,16.9448445310514,74.5443157318036,78.6643046352987,8.13045858967083,9.62729346439019,11064.8063606203,5.69819959165993,3759256.0,2086000.0,3.691,15.139731623446337,9.311524752162143,14.550759393929125,2.8873028609260087,153.2086203671023,12,14.8639320731842,2.7640481093868576,12.677292626363,2.6157369851785397,15.7671135605313,2.819419441792
PAN,Panamá,2013,39.3627533,64.1190427,54.3663159,17.3318403029072,64.5610772417975,68.5104916939844,8.09167357098281,6.32435388662846,12273.3225037637,4.02715991571061,3825329.0,2202000.0,3.674,15.157155034615757,9.415183283752766,14.604877050397265,2.908639455224862,133.0715689357819,13,16.9448445310514,2.8873028609260087,14.8639320731842,2.7640481093868576,12.677292626363,2.6157369851785397
PAN,Panamá,2014,40.1064209,70.4546434,57.2689219,15.5186126360303,54.8890820412486,60.0815228858041,9.69216526905834,4.62581375565551,13213.1989637473,2.62652699929143,3892101.0,2305000.0,4.391,15.174459672619356,9.488971530481976,14.650591668252272,2.8044877836964046,114.9706049270527,14,17.3318403029072,2.908639455224862,16.9448445310514,2.8873028609260087,14.8639320731842,2.7640481093868576
PAN,Panamá,2015,39.495488,74.2319898,56.9326339,11.8938357734005,47.3866198943049,49.1925374485908,9.17966898468326,5.26691719595516,14082.6548502728,0.137492058461588,3960035.0,2553000.0,4.335,15.191763421575443,9.552699166644704,14.752780087919588,2.556749350139137,96.5791573428957,15,15.5186126360303,2.8044877836964046,17.3318403029072,2.908639455224862,16.9448445310514,2.8873028609260087
PAN,Panamá,2016,38.0727399,73.8820907,57.2809918,10.0519063068018,41.7407554754564,42.6552163983547,8.78226077131318,4.57196707937275,14832.3611608191,0.73973402529995,4029086.0,2379000.0,4.717,15.209050109192637,9.60456663761834,14.68219120962969,2.4026029295371614,84.3959718738111,16,11.8938357734005,2.556749350139137,15.5186126360303,2.8044877836964046,17.3318403029072,2.908639455224862
PAN,Panamá,2017,36.7794426,73.7530242,57.1999888,9.22242063167726,41.4710106917443,42.576526548549,6.34573158944271,5.7440594635578,15694.6297454295,0.875585918759963,4098707.0,2517000.0,5.338,15.22618211608261,9.661073878391196,14.738578671415745,2.3245834091450583,84.0475372402933,17,10.0519063068018,2.4026029295371614,11.8938357734005,2.556749350139137,15.5186126360303,2.8044877836964046
PAN,Panamá,2018,36.98446,72.0083477,55.2783613,9.62124332136356,42.3471044929045,43.78385701834,6.39404563819442,3.91824253321265,16151.3273478476,0.761578359399945,4167860.0,2487000.0,5.161,15.242913272599768,9.689757513994708,14.726588124876333,2.3628560825359397,86.1309615112445,18,9.22242063167726,2.3245834091450583,10.0519063068018,2.4026029295371614,11.8938357734005,2.556749350139137
PAN,Panamá,2019,37.0700881,72.6305083,54.7795714,11.3349220328569,40.2141745207689,40.2144760441879,6.71350419888271,3.10295395631086,16477.9066285687,-0.355083821021246,4234700.0,2494000.0,6.256,15.258823045306487,9.709775770429617,14.729398806184347,2.512434429155255,80.4286505649568,19,9.62124332136356,2.3628560825359397,9.22242063167726,2.3245834091450583,10.0519063068018,2.4026029295371614
PAN,Panamá,2020,37.5600685,71.5267292,55.0269074,11.6461589453797,36.269088105591,32.431335405012,-2.85980025219661,-17.8211174074602,13290.5608347594,-1.55027540803761,4293261.0,647000.0,14.663,15.27255714200436,9.49480935057307,13.380103119076898,2.537353528383917,68.700423510603,20,11.3349220328569,2.512434429155255,9.62124332136356,2.3628560825359397,9.22242063167726,2.3245834091450583
PAN,Panamá,2021,37.4881752,71.7946556,55.2287748,12.6570480772218,41.6067039493249,38.5267595739638,2.71982266279312,16.4669992022652,15509.8069109784,1.63070337301898,4345405.0,,10.177,15.284629522924675,9.64922780676868,,2.6142557310255823,80.1334635232887,21,11.6461589453797,2.537353528383917,11.3349220328569,2.512434429155255,9.62124332136356,2.3628560825359397
PAN,Panamá,2022,36.6764246,72.9911154,55.2473963,11.3389170493456,48.0265978360198,45.4486710192298,3.09254919376261,11.0386022908773,17378.6070083597,2.85965128834711,4400773.0,,8.086,15.297290765276427,9.762995246491029,,2.512758255253845,93.4752688552496,22,12.6570480772218,2.6142557310255823,11.6461589453797,2.537353528383917,11.3349220328569,2.512434429155255
PAN,Panamá,2023,36.9282056,71.9653279,53.7744679,11.7072934419645,45.6292440025453,42.7196665144342,3.26384312723174,7.16634016390665,18797.1933894611,1.48641355277038,4458759.0,,6.544,15.310381034156144,9.841462849878885,,2.5421761153938647,88.3489105169795,23,11.3389170493456,2.512758255253845,12.6570480772218,2.6142557310255823,11.6461589453797,2.537353528383917
PAN,Panamá,2024,37.131345,71.8407332,53.2051087,,44.3578422661429,39.3159365958787,2.41063281860388,2.74784148771307,19161.218843129,0.69322555100446,4515577.0,,8.451,15.323043532902753,9.860643663443586,,,83.6737788620216,24,11.7072934419645,2.5421761153938647,11.3389170493456,2.512758255253845,12.6570480772218,2.6142557310255823
SLV,El Salvador,2000,33.5070747,65.5803869,42.9625873,59.7472879846202,26.8272702258496,41.8828186786415,1.47137092746017,1.12790697674419,1982.87093542615,2.27128756828723,5943366.0,867000.0,6.96,15.597786197510567,7.5923010408878495,13.672795409164552,4.10672243899569,68.7100889044911,0,,,,,,
SLV,El Salvador,2001,,,,60.1535507350797,25.0092920568115,40.8814464794137,2.2707041485317,0.879613659882722,2058.04459070452,3.7508205747202,5968060.0,804000.0,6.96,15.6019324744345,7.629511583168267,13.597355791941425,4.113387926434003,65.8907385362252,1,59.7472879846202,4.10672243899569,,,,
SLV,El Salvador,2002,33.3082279,65.0974946,46.041179,47.3555199373003,25.5130894550755,40.4060013216952,3.71125187529755,1.57291844759789,2115.41187355626,1.86552503610077,5986631.0,885000.0,6.2,15.60503937446873,7.657004811791247,13.69334405393293,3.8785803816144857,65.9190907767707,2,60.1535507350797,4.113387926434003,59.7472879846202,4.10672243899569,,
SLV,El Salvador,2003,36.8846311,59.8729956,46.5471268,55.9464014802791,25.9234207599485,42.3135617186615,1.06615183714648,1.56539303147618,2207.83089518069,2.1203909173333,5998599.0,798000.0,6.9,15.60703649992696,7.6997658171364405,13.589865129563993,4.042110500544356,68.23698247861,3,47.3555199373003,3.8785803816144857,60.1535507350797,4.113387926434003,59.7472879846202,4.10672243899569
SLV,El Salvador,2004,40.2408056,62.8794965,50.2807702,64.8994757581223,25.9062104819237,43.8760536948454,2.64681242347754,0.889404485692197,2285.68907438892,4.45194392395045,6004671.0,1030000.0,6.8,15.608048224318386,7.734422822150927,13.845070331079134,4.188130486364867,69.7822641767691,4,55.9464014802791,4.042110500544356,47.3555199373003,3.8785803816144857,60.1535507350797,4.113387926434003
SLV,El Salvador,2005,39.4296562,64.3493375,49.8127723,64.6399118153084,25.2665668798476,44.4492447952102,3.47761600217717,2.68083009363194,2447.39140845394,4.69094870903769,6005578.0,1306000.0,7.22,15.608199261986584,7.802778005066506,14.082480354515004,4.184183922761335,69.7158116750578,5,64.8994757581223,4.188130486364867,55.9464014802791,4.042110500544356,47.3555199373003,3.8785803816144857
SLV,El Salvador,2006,40.3759952,61.6432692,47.2095013,65.4247078983383,25.9396783352886,47.5158891717381,1.50707286112592,4.3369986028604,2665.61807194853,4.03712359429612,6002319.0,1501000.0,6.57,15.607656452520445,7.888191231642117,14.221642776837895,4.196069094170469,73.4555675070267,6,64.6399118153084,4.184183922761335,64.8994757581223,4.188130486364867,55.9464014802791,4.042110500544356
SLV,El Salvador,2007,39.6437487,65.2295171,46.5897268,58.1880552418794,25.5670345496495,52.05402148515,9.11434743633077,1.84760220587859,2830.65693770733,4.57808572377153,6009824.0,1720000.0,6.41,15.6089060215568,7.948264097163967,14.357835430184815,4.080719751968895,77.6210560347995,7,65.4247078983383,4.196069094170469,64.6399118153084,4.184183922761335,64.8994757581223,4.188130486364867
SLV,El Salvador,2008,39.7293163,66.3888709,46.9200629,52.7258860134014,26.7405871721015,53.925386767807,5.0206011155903,2.15440298282768,2983.24829577976,6.70792293515939,6029297.0,1875000.0,5.88,15.612140978159028,8.000768017986637,14.444119750719839,3.9838949340333776,80.6659739399085,8,58.1880552418794,4.080719751968895,65.4247078983383,4.196069094170469,64.6399118153084,4.184183922761335
SLV,El Salvador,2009,42.9353865,62.6945171,46.2576028,72.4503614995274,23.9512044914048,42.1199866830439,2.09486399547314,-2.10876837627522,2910.18651752011,1.05595029731201,6048279.0,1482000.0,7.33,15.615284326729887,7.975972453479253,14.208903759601775,4.296609824316793,66.0711911744487,9,52.7258860134014,3.9838949340333776,58.1880552418794,4.080719751968895,65.4247078983383,4.196069094170469
SLV,El Salvador,2010,42.8790615,65.9035937,44.9172297,65.7026379683301,26.9466693264064,46.5906183461333,-0.613406192808089,2.15419536693635,3040.07300952878,1.17933576873673,6068249.0,1606000.0,4.893,15.618580653546026,8.019636810404243,14.289257796153656,4.200244501889584,73.53728767253969,10,72.4503614995274,4.296609824316793,52.7258860134014,3.9838949340333776,58.1880552418794,4.080719751968895
SLV,El Salvador,2011,44.7012501,65.5483485,46.9722941,71.7719022936632,28.9817775582263,50.2948661442788,0.603930846788838,3.80688113429295,3330.60049486653,5.1289237668161,6090127.0,1634000.0,4.297,15.622179493327426,8.110907895505955,14.306542166397001,4.287329923197246,79.2766437025051,11,65.7026379683301,4.200244501889584,72.4503614995274,4.296609824316793,52.7258860134014,3.9838949340333776
SLV,El Salvador,2012,39.6360714,68.7188264,44.8487465,42.4273897096406,28.5710611774443,49.077510444844,2.01123945886672,2.82262371802327,3497.91256915509,1.72973481581383,6113975.0,1738000.0,3.843,15.626087692448436,8.15992166074219,14.368246160181302,3.7710903413474166,77.6485716222883,12,71.7719022936632,4.287329923197246,65.7026379683301,4.200244501889584,72.4503614995274,4.296609824316793
SLV,El Salvador,2013,41.0277533,62.8250309,46.7961584,40.9360792814407,29.7248960481943,50.7262984426328,1.11490857279595,2.23562439198375,3582.26694005169,0.757669184522973,6138839.0,1822000.0,3.693,15.630146194296062,8.18375110247148,14.41544590564931,3.7361465371134273,80.4511944908271,13,42.4273897096406,3.7710903413474166,71.7719022936632,4.287329923197246,65.7026379683301,4.200244501889584
SLV,El Salvador,2014,38.2676453,63.2723383,48.403949,63.6220773963139,29.5528752334192,48.5515505143743,2.2408951362935,1.70870628357073,3666.01248913873,1.14134467538233,6162955.0,1886000.0,4.154,15.63406692827891,8.206859835142001,14.449969272398093,4.168556107764391,78.1044257477935,14,40.9360792814407,3.7361465371134273,42.4273897096406,3.7710903413474166,71.7719022936632,4.287329923197246
SLV,El Salvador,2015,37.5010265,62.5107624,46.2133864,107.638231074992,29.4861730232304,47.0740977138215,2.10997804482034,2.40000008852115,3790.34089108162,-0.731384487387957,6183676.0,1973000.0,3.998,15.637423474603857,8.240211238908092,14.495066291846996,4.688023381231139,76.5602707370519,15,63.6220773963139,4.168556107764391,40.9360792814407,3.7361465371134273,42.4273897096406,3.7710903413474166
SLV,El Salvador,2016,36.7158438,60.3169369,46.6250271,85.0858022421141,28.4585905008509,44.3605028722982,1.98198031581358,2.53906241135864,3901.34014965811,0.60404908699661,6200800.0,2052000.0,4.418,15.64018887394944,8.269075401208582,14.534325972602113,4.455344499370865,72.8190933731491,16,107.638231074992,4.688023381231139,63.6220773963139,4.168556107764391,40.9360792814407,3.7361465371134273
SLV,El Salvador,2017,37.4171956,58.9980114,44.8569639,63.764040219627,29.0297643758665,45.2748868157855,2.01688451540263,2.24761908134138,4020.12671373919,1.0123540331558,6213533.0,2247000.0,4.385,15.642240213230417,8.29906870194694,14.625106996205195,4.170750514442579,74.304651191652,17,85.0858022421141,4.455344499370865,107.638231074992,4.688023381231139,63.6220773963139,4.168556107764391
SLV,El Salvador,2018,36.3624105,57.5302486,45.2721572,53.7958771232068,28.9343737810256,46.69924310697,1.58620478716365,2.4124442237792,4183.54620971358,1.09033000581892,6219807.0,2536000.0,4.006,15.643249435295047,8.338914541381254,14.746098988860943,4.003614956145698,75.6336168879956,18,63.764040219627,4.170750514442579,85.0858022421141,4.455344499370865,107.638231074992,4.688023381231139
SLV,El Salvador,2019,37.5455753,61.1402853,46.6096714,38.5386955905095,29.9559096080003,46.0861034911466,2.59024369040438,2.43747159065784,4320.11671534627,0.0753241350024612,6222318.0,2639000.0,4.17,15.643653064101878,8.371037698314458,14.785910994416803,3.6772798275804335,76.0420130991469,19,53.7958771232068,4.003614956145698,63.764040219627,4.170750514442579,85.0858022421141,4.455344499370865
SLV,El Salvador,2020,37.7419733,62.0278402,47.9097515,21.5087446038674,24.5267982788944,41.9327086708139,1.55101998611342,-7.893101359867,3997.19279583709,-0.371590212324095,6234673.0,707000.0,5.008,15.645636689850853,8.293347592683672,13.468787359304866,3.113903882766664,66.4595069497083,20,38.5386955905095,3.6772798275804335,53.7958771232068,4.003614956145698,63.764040219627,4.170750514442579
SLV,El Salvador,2021,36.7216613,60.9163267,45.3033875,17.343956146806,28.7814953892726,53.0635805908039,2.7560499827498,11.9047617015957,4642.60743101342,3.46692585313082,6255782.0,,4.327,15.649016714052815,8.443031433726683,,2.909300154951241,81.8450759800765,21,21.5087446038674,3.113903882766664,38.5386955905095,3.6772798275804335,53.7958771232068,4.003614956145698
SLV,El Salvador,2022,34.3058025,62.9718864,43.1191046,7.89768799960639,32.4334933265056,56.2676438832499,0.0823187826775637,2.9546041089332,5074.60050994225,7.19861615609867,6280319.0,,2.999,15.652931333332644,8.532003083558864,,2.1857914676655152,88.7011372097555,22,17.343956146806,2.909300154951241,21.5087446038674,3.113903882766664,38.5386955905095,3.6772798275804335
SLV,El Salvador,2023,36.1311218,66.8191376,47.1590826,2.24,28.7918551914872,51.0204099872994,2.31870856682009,3.35508721646165,5319.7195268688,4.04554694222477,6309624.0,,2.992,15.657586644786337,8.579175860432532,,1.1755733298042381,79.8122651787866,23,7.89768799960639,2.1857914676655152,17.343956146806,2.909300154951241,21.5087446038674,3.113903882766664
SLV,El Salvador,2024,36.7575081,68.0353506,47.3724053,1.9,32.6598571720595,53.0227154854696,3.01317166597907,2.5904637107794,5503.10317151907,0.853782292567288,6338193.0,,3.261,15.662104270015824,8.613067425115718,,1.0647107369924282,85.68257265752911,24,2.24,1.1755733298042381,7.89768799960639,2.1857914676655152,17.343956146806,2.909300154951241
