country_code,country_name,year,year_trend,control_corruption,political_stability,rule_of_law,homicide_rate_log,exports_percent_gdp,fdi_percent_gdp,gdp_growth,gdp_per_capita_log,inflation,population_log,tourist_arrivals_log,unemployment,rule_of_law_hat,fdi_hat,tourism_hat
COL,Colombia,2000,0,35.2865308,29.8839848,38.8722855,4.2325423635736925,15.915139715438,2.43950747934181,2.92486148176778,7.845810442124553,9.22534818585365,17.481375549356354,13.468787359304866,20.52,41.52219175320053,3.649113180176869,14.188759220961753
COL,Colombia,2002,2,43.1304513,25.3197419,43.0749396,4.268243174540494,14.8155696775272,2.17844751407948,2.50398046659659,7.795205985691528,6.35150728778872,17.51247424642019,13.401510631691982,14.481,42.46312572622746,1.522443453404282,14.018754188904559
COL,Colombia,2003,3,44.2469541,26.0280015,43.8729139,4.068357522079989,16.5752997117627,1.81783931129221,3.91827190322513,7.745843224117566,7.1297886294186,17.527555337007097,13.41204494952365,13.221,43.515011238660335,1.6550729502715171,14.038120310333944
COL,Colombia,2004,4,46.3593505,31.939793,47.8045975,3.9049618859943194,16.7707514248023,2.66083488771203,5.33302206759905,7.943985636424234,5.90402005546502,17.54224370956042,13.64115836129498,13.717,46.812324666823194,2.37793311828257,14.133537168057172
COL,Colombia,2005,5,45.8270002,31.7315837,47.3314856,3.7839489959053183,16.9710437391629,7.02979401438219,4.82876110773741,8.14788625842882,5.05101962689695,17.55624635167605,13.796328757914972,11.062,46.2387939644914,2.2673149318135657,14.120595245505383
COL,Colombia,2006,6,43.7548743,34.5742712,47.4503858,3.736310977472892,17.7285877506525,4.17238510059526,6.71686869844402,8.240082672573331,4.29342363628926,17.569500650775314,14.555541801522192,11.088,46.1089418064116,2.8034345766364837,14.169333726151603
COL,Colombia,2007,7,42.5056073,38.2877257,49.4009901,3.708133255366127,16.4331421263646,4.30867680626701,6.73819469090975,8.470086100993974,5.54438485815155,17.582169560738237,14.683031545460512,11.204,46.68358030718572,3.3783125442565662,14.228427222838874
COL,Colombia,2008,8,43.1971573,37.8071024,49.9302984,3.6345289240813536,18.1095951350739,4.35627834630067,3.28344618616541,8.620081186310896,6.9968849555451,17.59420347621888,14.749641600893993,11.273,47.57095629299485,3.643460636226294,14.253182464961268
COL,Colombia,2009,9,41.9935632,39.1755145,48.9970118,3.603518743216944,16.4244956875755,3.45627065154005,1.13964864548062,8.566168657337226,4.20251661216481,17.60585261322832,14.78969314575508,12.066,47.220402186243064,3.8174156043480316,14.268281477287841
COL,Colombia,2010,10,40.2418143,43.1639794,50.7518616,3.5702134523997078,16.3408447597691,2.24433595561184,4.49465897070922,8.763786959626445,2.27200227892008,17.617212296864682,14.346727459267305,11.153,47.205857445694605,4.234774582054957,14.312219097173964
COL,Colombia,2011,11,43.6714103,45.9787128,50.2483332,3.600927865468571,19.2765050733171,4.37269536127322,6.94789198173555,8.90936960389555,3.4150334477625,17.62792566963131,14.67247624820174,10.288,49.894567521773865,4.304073247664832,14.344184003852074
COL,Colombia,2012,12,39.5560695,43.151392,49.2600929,3.609871444080799,18.8112052836654,4.05728041313345,3.91263576716115,9.00068030633393,3.16930188840055,17.637954747896842,14.70504696337587,9.959,46.989936063213854,4.36930609960238,14.321002491439888
COL,Colombia,2013,13,38.9235722,43.7037921,48.6401238,3.5385207240662275,18.0864397214368,4.24252457969381,5.13399351995672,9.021489854600407,2.01699224310383,17.647441841184357,14.769097459938507,9.246,46.66496743511649,4.391641697774681,14.322206076751474
COL,Colombia,2014,14,40.3387065,48.8925418,49.8831049,3.3896073155720416,16.6347491096509,4.24107256687862,4.49903000110972,9.010328245586576,2.89883787761737,17.65636895682362,14.868428236288546,8.799,48.80329363346527,4.767644497399115,14.38112994118183
COL,Colombia,2015,15,41.4314416,49.5727208,50.0884527,3.33986361307762,15.6502115094968,3.95939854860993,2.95590137527523,8.740099099350715,4.98983115849529,17.66501838059125,15.030720290864032,8.572,49.309777043732765,4.6067378745807765,14.374322637323699
COL,Colombia,2016,16,40.3758051,50.9727937,50.9612969,3.301151124151248,14.7171392781975,4.90164572903473,2.08738250162794,8.692799334152472,7.51346024627674,17.67492386608452,15.11706396273788,8.922,49.290992458078826,4.908957108304197,14.401546328563201
COL,Colombia,2017,17,39.5383299,52.5716247,50.6762137,3.2790696231686014,15.1452897484005,4.3931823276543,1.35936086788746,8.77640361281022,4.3143132569501,17.689438638701436,15.21570807080145,9.086,49.32789978721597,5.150206385961358,14.425094284057176
COL,Colombia,2018,18,41.405998,54.5255309,49.701606,3.2116803777473835,15.8997196775431,3.38083573220188,2.56432428277704,8.827170104063562,3.24056932930569,17.707830017187547,15.296433275590712,9.36,51.13777371512615,5.356944824482284,14.459018182481062
COL,Colombia,2019,19,42.3435637,50.4304751,49.1724423,3.194544659940113,15.8680386541241,4.33058240931506,3.18685539245533,8.77532473350093,3.52301932741446,17.725691567959988,15.326453444351085,10.28,50.9503301379136,5.134755947845964,14.428302232208253
COL,Colombia,2020,20,42.6636046,54.2459136,48.6606218,3.1630545292080723,13.5222755593302,2.7588942895314,-7.18591413760859,8.582922337274953,2.52663500084706,17.740054784692685,14.149122278636575,15.983,53.311911793238316,6.118064560707282,14.530922748495604
CRI,Costa Rica,2000,0,68.5921845,77.3356885,65.3048916,1.9910782105628315,42.9303221707385,4.81846449896273,3.86871808953644,8.246107010921255,10.9615496593622,15.18611725868665,14.060807696391924,5.08,70.45148676671825,4.764123277909224,14.613237758572726
CRI,Costa Rica,2002,2,57.143028,81.7856914,67.3024742,1.992001870435639,39.2245352070616,4.36202694033196,3.41687639041064,8.310837559663966,9.16752048509118,15.220554295828236,14.104442598879876,6.396,65.53115258186716,6.015864384113176,14.689299145456525
CRI,Costa Rica,2003,3,57.622973,76.1467767,66.5482031,2.1100319676399324,40.6717129184331,4.48353970316272,4.31717986636224,8.336426081241125,9.44758091616983,15.235912582850624,14.230266373481294,6.654,64.43192378504712,5.5418034661502915,14.628505124980702
CRI,Costa Rica,2004,4,55.5280511,77.7265223,66.4836079,2.036865881879733,42.2076534629626,5.8231265333186,4.42459959654504,8.396383216374122,12.3148150178852,15.25061365450972,14.38705548141755,6.445,64.21009411303253,6.105969974784191,14.674916138514115
CRI,Costa Rica,2005,5,55.6495671,80.0237175,67.6124235,2.181722981983187,43.4645223606983,7.62843539507747,3.97666636818026,8.455957416676547,13.7982949108987,15.26507075570225,14.48794520739107,6.749,64.85138167172441,6.2894116211319755,14.70024487637214
CRI,Costa Rica,2006,6,55.9348432,80.6908838,66.2066705,2.2107418577214824,43.3140351086932,7.92850433097117,7.3266954325067,8.567239025681252,11.4705968149052,15.279076097308,14.543542623236126,5.926,64.86999567235155,6.156628739530511,14.692263261424387
CRI,Costa Rica,2007,7,57.0957135,79.7853711,66.0464956,2.24327888715365,40.5821375084213,8.33742597856098,8.21513198348715,8.722207313136439,9.35724456417157,15.292615901754289,14.649289302668736,4.557,64.63109388133944,5.644070123985646,14.648749450876425
CRI,Costa Rica,2008,8,57.7269153,75.7933293,66.4427462,2.528236488172563,38.8064606509756,7.90900698278232,4.73817487754022,8.844659656964371,13.4244635507283,15.306177546941482,14.694722696706926,4.934,63.64760921342225,5.086058094283718,14.587343822771007
CRI,Costa Rica,2009,9,60.3773986,78.1993684,67.7552551,2.5390166499079085,34.6323050259288,5.25151067245965,-0.873455942787785,8.829474940321626,7.84270167700653,15.319541509217528,14.652325521424457,7.824,65.77403779183912,5.153707623140736,14.614153503599157
CRI,Costa Rica,2010,10,62.0102548,79.4541674,68.1503268,2.5310950718497125,32.8294113467273,5.06371170213526,5.36034352634111,9.019880372042689,5.66275708420021,15.331947262864734,14.72979968796928,7.171,66.73508657849541,5.0136910419854495,14.61375206053651
CRI,Costa Rica,2011,11,61.1718727,76.6845977,64.9264179,2.42324116610298,32.4724708770444,6.39172539644787,4.40315923970431,9.1352278573739,4.87799830970702,15.34370218872014,14.742147977775314,9.518,66.66917309962771,5.443051013128386,14.63765576256572
CRI,Costa Rica,2012,12,61.4268371,77.0920998,64.6597621,2.274858182232867,31.6513173356963,5.70866124854743,4.88259241025739,9.222960314699684,4.49545314354605,15.355369855968943,14.74846212412249,9.11,67.17509428535054,5.60761660473511,14.654870537089137
CRI,Costa Rica,2013,13,61.2814766,77.153462,64.8418686,2.2736444308997323,30.5916493612524,6.29127735209415,2.49476611209954,9.287601386284129,5.23133614174428,15.36650271063707,14.78666856992365,8.218,66.89151517026791,5.500024802480613,14.644932533398796
CRI,Costa Rica,2014,14,63.6632595,77.5166561,66.3685302,2.398444529424529,31.3629152835975,6.23293662208767,3.54210987765977,9.297572363475926,4.51920098516953,15.377252697164666,14.830741600012107,8.499,68.0829240186678,5.2608323811890685,14.635788228749217
CRI,Costa Rica,2015,15,63.4401897,78.6355453,65.935817,2.5305745825932826,29.9956578647983,5.23639457671538,3.65208096802883,9.36860064710054,0.801982005099623,15.38787734921593,14.879876752850269,8.415,67.66374759326752,5.047152266166975,14.620059958399352
CRI,Costa Rica,2016,16,64.1176151,78.4171178,65.8170374,2.555357736215486,31.2600963003845,4.45296211770326,4.20432325175899,9.400219147639367,-0.0174788505908217,15.397987877884749,14.9799108992802,8.085,67.94267037574919,4.9637710491828955,14.614902598711312
CRI,Costa Rica,2017,17,59.7032522,78.5448694,66.277594,2.585740770334845,32.7626831479863,4.83327522078441,4.1576989627609,9.418743030388557,1.62590692991731,15.407431337369328,14.988302554308287,7.729,65.71971209736324,5.353899247980905,14.630130599165552
CRI,Costa Rica,2018,18,61.0056411,76.735494,65.8900262,2.5494096771109707,33.7385107761536,4.829438721344,2.6159044043379,9.440677934480144,2.2211146152658,15.416476282553363,15.01336498312322,9.01,66.60868381975921,5.468096102391289,14.639316717578026
CRI,Costa Rica,2019,19,62.5292538,76.5896171,66.9617832,2.506423950619104,34.3253215593308,4.22094016659811,2.41751181762513,9.463794752995096,2.09604635327807,15.424859066401956,15.029235950821375,10.807,68.10669692014088,5.746363642254252,14.670203093570162
CRI,Costa Rica,2020,20,63.1650182,81.6952443,67.8366858,2.5114093178486447,31.9064976578059,3.37043523313038,-4.27335432161462,9.42497174906754,0.724911478131375,15.431789020396428,13.952225253499517,16.432,70.97683461182918,6.8236686545642975,14.787357801673853
DOM,República Dominicana,2000,0,36.7998081,63.6298001,44.6542196,2.714408646449352,35.4978251417642,4.0689908919589,4.65172550299128,7.948547347705056,7.72413566181615,15.965432697250884,14.966399307553289,6.432,49.11737598977069,5.427452152840889,14.4785675820626
DOM,República Dominicana,2002,2,35.950275,63.162825,44.7024061,2.7375008153521434,30.724010155589,3.41225986375611,4.48650367045651,8.027999662685266,5.22336769759446,15.996180527473536,14.93327199248221,6.779,48.17566886974334,5.243740008201009,14.456777107874238
DOM,República Dominicana,2003,3,30.5054317,55.718872,43.3697194,3.099143129013921,42.1529981602708,2.88055489904245,-1.34935744782766,7.776225298094603,27.4497127394394,16.01057948021133,15.118423581884208,6.938,44.63516721294444,5.706366772705717,14.445591542385841
DOM,República Dominicana,2004,4,33.3098417,58.1533844,46.0778597,3.2422475975587224,41.1474766418853,4.18629057899448,2.58556667449577,7.804533520861816,51.4608598338065,16.024322409459,15.178280629988032,6.303,47.4080525074604,6.075603572390392,14.499870659669384
DOM,República Dominicana,2005,5,30.6147401,59.2115536,47.322777,3.294024998369607,28.3311381514539,3.12598170087694,9.43178931977285,8.263155303774978,4.19020260472056,16.03743143352093,15.19704385317559,6.587,43.06270536947688,4.593674524848115,14.360681078293876
DOM,República Dominicana,2006,6,34.5887949,63.2623629,49.0826523,3.176057098334621,28.2249162691947,4.0356569620282,9.17120650955299,8.30774115790901,7.57280523853073,16.049943461713294,15.266656125705534,5.654,46.39801948094263,4.752159156674679,14.407576630400582
DOM,República Dominicana,2007,7,32.6530768,64.527305,48.7548159,3.1495367877715976,26.7620220119612,5.12424998266344,7.41840577774235,8.444546278205335,6.14356655248047,16.062123850461266,15.289128976350888,5.158,45.56794875063351,4.936047018189694,14.41989244600472
DOM,República Dominicana,2008,8,32.7897739,65.4106236,47.1851378,3.258384763263208,23.9483515015273,5.67335967834237,3.26808671288212,8.521899127914168,10.6446210953711,16.07447077369631,15.309537843353914,4.764,45.56230075384492,4.832683275899548,14.414653447969533
DOM,República Dominicana,2009,9,33.2767873,64.886063,46.490686,3.23854094887113,21.0931826103163,3.51548540591409,1.00345293018719,8.51196994799959,1.44215131834353,16.087148179962483,15.317140740530808,5.467,45.207217619496994,4.483751696084109,14.384016097182675
DOM,República Dominicana,2010,10,32.4510258,64.9199956,45.6350077,3.265493487207641,22.7751186165488,3.38320513554667,8.40114541209596,8.608609382019452,6.32993220146146,16.09994950094579,15.314687299454793,5.212,45.1916633116546,4.779217940995611,14.406580497512246
DOM,República Dominicana,2011,11,33.542595,64.873245,46.5660671,3.268328639261243,24.3269602141381,3.79217588020774,3.19196227475523,8.670173496523594,5.79676809206533,16.112642911759615,15.35323783771328,6.087,46.22241737502584,4.951669467679498,14.426543780867185
DOM,República Dominicana,2012,12,32.032281,66.4306599,46.8745346,3.157911682364466,24.7666213993906,5.64036946601582,2.77567100848816,8.701815374742651,3.69449707884776,16.125112078161767,15.404950027931656,6.722,46.24096569807403,5.434374181563701,14.468282573428848
DOM,República Dominicana,2013,13,32.2508937,65.7284045,47.6363216,3.0157255472706,25.3838177066263,2.55757225532805,4.93473300709881,8.722025191892458,4.830950967408,16.137293487562335,15.4474926303749,7.351,46.88634971942476,5.752384692750052,14.494771133775426
DOM,República Dominicana,2014,14,32.5615749,66.8331451,49.8492033,2.9202737571408,25.4069026925032,3.55938801753347,7.11122629673892,8.779011409860257,2.99864226125218,16.149160890768336,15.53398241076251,6.719,47.35740916630996,5.8377589922836925,14.507829123294892
DOM,República Dominicana,2016,16,31.7819762,68.5519931,47.7981194,2.792113145181448,24.1938670386292,3.33024928523507,6.71974078681295,8.876326991264788,1.61416607245222,16.17177195372465,15.727864071223042,7.284,47.80680286993302,6.280679540833372,14.549920538089074
DOM,República Dominicana,2017,17,31.6402349,67.4637175,47.3345164,2.517681274662068,24.1797519638034,4.55025610026855,3.93386176401576,8.910952144496719,3.27955694678546,16.18265070320925,15.8028369477977,5.832,47.86455112522297,6.426443330889658,14.558123392018691
DOM,República Dominicana,2018,18,30.7634121,65.9469346,47.5276274,2.389253378535658,23.993089643769,3.22902365102652,7.09751640210159,8.972461565044354,3.56443426013507,16.193393550581742,15.837190695218345,5.861,47.45142532648622,6.606286920187735,14.564454347334392
DOM,República Dominicana,2019,19,31.6185157,66.7744903,48.7017175,2.34353418339092,23.325332586795,3.17366550445317,4.8940301149584,9.009816094639277,1.81060377042959,16.203726684044828,15.83705825367553,6.356,48.26859370080111,6.698307716737929,14.579503549157241
DOM,República Dominicana,2020,20,33.553066,69.9277076,50.4017581,2.275190938390036,18.7972072415048,3.13265976088131,-7.92905234231061,8.872798746320544,3.78103179915516,16.214160091690886,14.82638429622533,6.126,49.68564639556507,6.594080708952145,14.590691747269037
GTM,Guatemala,2000,0,36.4253418,50.2131715,39.7765583,3.251367108834576,20.1950343956927,-4.08835554722306,3.6088687174876,8.06020288035462,5.97757734737136,16.274893566619983,13.624351263156136,2.143,42.306941672492414,2.523867820740911,14.17008353969844
GTM,Guatemala,2002,2,31.6690548,49.2101143,39.2414173,3.422576596955279,26.7262767971618,-4.97449876130187,3.83928708556792,8.075043883077315,8.13263054281054,16.32078462650412,13.69221347284086,2.254,39.979399064348506,3.045877894994309,14.19123229122956
GTM,Guatemala,2003,3,31.4200515,50.1020421,38.6392974,3.5503662639899902,26.1810997164793,0.0903239703402523,2.56037766801896,8.077805570944838,5.60347675434469,16.34330442822457,13.68767832281738,2.807,39.76886853640885,2.9708076708005606,14.186801889657191
GTM,Guatemala,2004,4,35.8246135,49.8931273,41.5842466,3.5887990696380303,27.4194097089723,1.36317570702825,3.13791683609193,8.086473061160998,7.57862247309729,16.365533842999678,13.982719322971512,2.971,42.27810041716844,2.7483883268161584,14.186060960044024
GTM,Guatemala,2005,5,34.9110624,50.4675832,41.1657718,3.7325759542819616,25.454901513817,2.01617500337249,3.27602692588886,8.097064004165896,9.1086498571922,16.387177990845878,14.09010815074553,3.059,41.555228807659354,2.651920975471011,14.175581267719545
GTM,Guatemala,2006,6,34.7665824,50.9033246,41.0857386,3.8072139691721794,25.3398334344627,2.13587522888421,5.35139778711536,8.128039338557464,6.56085282795384,16.408333878659867,14.222308777084956,2.96,41.29973782201272,2.5386517402306055,14.166540107226986
GTM,Guatemala,2007,7,35.460776,51.6469157,41.0928415,3.769198734776126,25.9805176037841,2.55959192771149,6.33771869016203,8.168423567117761,6.82161753590326,16.429399518978073,14.302863439795049,2.847,42.06491758622278,2.6660480874526833,14.183685242843739
GTM,Guatemala,2008,8,38.5427601,52.6221145,40.6894949,3.8319387786932673,25.1243459208619,1.89952208705823,3.29352400028485,8.180300877715307,11.355761126315,16.449926705364902,14.354924221672386,2.898,44.005741667306694,2.550622983370676,14.190901647095364
GTM,Guatemala,2009,9,37.4860387,52.2082581,41.2801954,3.843964932798318,24.3678264820599,1.34627822535543,0.476898106596394,8.165133943672892,1.85910254733028,16.46985128490819,14.086301525522051,3.22,42.854183681186626,2.323780002714855,14.164567167145583
GTM,Guatemala,2010,10,35.2860247,52.0388513,41.4796434,3.740122069808806,26.2254643341594,2.71030706792051,2.88417542800377,8.173751956179775,3.8595090983316,16.489666931498903,14.140489137702843,3.497,42.307840619142915,2.8441917137129877,14.200120021665041
GTM,Guatemala,2011,11,36.6847937,53.0292715,39.1893325,3.673907157417328,27.0677057848772,1.87038244023626,4.16390688293349,8.194608817793403,6.214123930671,16.50960557013072,14.17597899749153,3.169,43.61577990797861,2.999063963970155,14.223767979777795
GTM,Guatemala,2012,12,32.2842052,53.6642168,40.422741,3.559980082302225,25.267092636425,2.82256297187213,2.97470856847661,8.204008174640052,3.78180754679678,16.52951943749493,14.21495826443746,2.765,41.34523566969011,3.329116443830749,14.235634058322885
GTM,Guatemala,2013,13,33.2766314,53.3610765,39.1168875,3.5410048973625563,21.9981664670011,2.87216286478145,3.69481894978053,8.220754121817835,4.34337131279521,16.54905545640493,14.231586504814842,3.017,41.70113417057884,3.17663848021029,14.225459214542962
GTM,Guatemala,2014,14,30.2285619,53.4202728,40.4388382,3.54088947661255,21.7443606885213,2.43302117698753,4.44397783368888,8.245283643012058,3.4183616966296,16.56800657959068,14.368821368379384,2.717,40.00197927423399,3.356131914521633,14.227915719396613
GTM,Guatemala,2017,17,29.9629181,53.9242978,40.596175,3.5206227432668133,18.4950394164293,1.39328931381397,3.07985126948702,8.28721145752381,4.42453655182546,16.622944871550697,14.566927118346197,2.462,39.85669328930294,3.345347389277684,14.227651290728982
GTM,Guatemala,2018,18,28.1792179,54.2170508,40.0835439,3.397977006549938,18.1693258488802,1.25790065429015,3.40687348346576,8.304052478764707,3.75186186704508,16.63960509888172,14.693476591144272,2.283,39.21284936128972,3.6312091591559135,14.24604398423668
GTM,Guatemala,2019,19,27.5352234,54.0326157,39.6565997,3.293671554091285,17.6119727745274,1.51707073546928,4.01789785040324,8.328238976301511,3.69998398008605,16.654811394407012,14.75551820708067,2.193,39.058179815511764,3.794040279419402,14.256876866124884
GTM,Guatemala,2020,20,25.5915523,56.2626186,40.3404859,2.9542999875095446,16.3436118075967,1.29230382378627,-1.78555175063326,8.295508354645456,3.21444062197345,16.669525165461664,13.29463628184505,2.965,39.46288875854677,4.61480407123654,14.329083070638307
HND,Honduras,2000,0,26.7639136,59.6687239,35.9375044,3.897595883689192,53.972182998888,4.8698431531529,9.61221881702615,6.996282513319912,11.0480349344976,15.6992067961664,13.442998001373551,3.883,39.46944527171547,3.992881085482491,14.292014172910278
HND,Honduras,2002,2,25.385038,60.1190581,41.5566406,3.9743064679097855,52.730582054494,3.6562173778393,3.75433786119939,7.032182551355526,7.69050972034271,15.752647909744407,13.577254637874743,4.02,38.54343080314973,3.9626326403777217,14.28484656300661
HND,Honduras,2003,3,26.8279275,55.9184893,39.888118,4.064080867680794,54.0940274951722,4.74055553954205,4.54703805165397,7.052791658169877,7.67416639397937,15.778307743570991,13.695601388686796,5.3,38.65757667339941,3.7271417123930135,14.254822175255732
HND,Honduras,2004,4,27.8174511,55.3012132,42.8684267,3.9290016931847194,58.4229834527808,6.67606399673031,6.23230296069102,7.1026145377233485,8.1137909709338,15.803247088403015,13.841179279371246,5.99,40.09836049602885,4.197904625360856,14.29858764613159
HND,Honduras,2005,5,28.6746335,54.9385161,44.7406001,3.783066845506501,59.0058417153113,6.16028277171203,6.05059922215973,7.173728708369963,8.80906074819819,15.827523405978662,13.927052827151163,4.909,40.72528413318496,4.249917003793712,14.305672260314221
HND,Honduras,2006,6,28.9166008,54.7563767,41.9251493,3.731023832395714,56.0546420538277,6.57287305327357,6.56724355177587,7.262521863524089,5.57775207654298,15.851108879146713,13.943024758544537,3.574,40.24776964430617,3.9043687519835064,14.275513572228427
HND,Honduras,2007,7,29.0903825,58.0674366,42.2492751,3.845791095614447,53.5090115392915,7.82223281251053,6.18832716678008,7.363747386198851,6.93621470895774,15.87408565169134,14.084774808833686,3.211,40.74227345777146,3.9297677046938286,14.29087575059464
HND,Honduras,2008,8,28.7789483,56.661228,40.2762108,4.036009344184905,51.3252766875914,8.65020371949481,4.23160011009342,7.457315320964593,11.4034270813932,15.896524238186435,14.260837840112352,3.156,39.94647422984811,3.680626939817346,14.262206350475086
HND,Honduras,2009,9,27.5983405,57.0346967,40.3345774,4.181586881946021,39.5302508197518,3.38987200238321,-2.43162787988011,7.485018452421594,5.49634273772208,15.91841212364088,14.278616074845276,3.292,37.75713242958455,2.8772332403540624,14.187257054193958
HND,Honduras,2010,10,27.5740405,55.1222766,39.8686011,4.324674171080007,45.7589061967483,3.83460574737835,3.73114034433009,7.54609099766531,4.69889064976226,15.939671848042664,14.49100331219122,4.119,37.827276770996946,3.0326145505212274,14.193765062486982
HND,Honduras,2011,11,28.2246925,56.9223322,39.3458484,4.432949443470343,51.2576866755535,5.88681418228473,3.83569066207505,7.637071024858434,6.7622795731476,15.960339830413591,14.43177723414492,4.474,39.20827691745575,3.4600394878843215,14.241188747408987
HND,Honduras,2012,12,25.6796455,57.1544917,36.4162734,4.422378576562361,50.9027988216362,5.83610988955542,4.12868774866939,7.662013902543044,5.19618615531848,15.980564957494906,14.458942671764223,3.755,37.67865643409136,3.537874646445337,14.237549352107816
HND,Honduras,2013,13,25.4661377,56.7397402,35.6509943,4.295182341107251,47.9414903194725,5.77862113948416,2.79155975746801,7.640665542547515,5.16189898581494,16.00035638934384,14.43447337883766,5.646,38.06781924788975,3.857128356036874,14.263285511099884
HND,Honduras,2014,14,28.3087415,54.1154324,36.7478307,4.1896497893763005,47.5626547300206,8.62899693066618,3.0580805621437,7.687025897326175,6.12924930313022,16.01972421027259,14.548840008464332,7.078,39.73443457842334,3.879555320072532,14.26821043273322
HND,Honduras,2015,15,31.4353319,54.6121397,37.0515566,4.038312698091119,45.1667574562581,6.27594328427599,3.84007997093951,7.728064776258591,3.15783117980923,16.038760734408207,14.554109479211109,6.147,41.31033927807189,3.571094489118316,14.256769975785236
HND,Honduras,2016,16,29.1456034,53.8554146,36.6842303,4.020252515502999,42.7141047814182,5.28156973350556,3.89297219726413,7.74385265469053,2.72461223295289,16.057536402005034,14.616615328862244,6.727,39.93255038081057,3.6943893092161293,14.254608980440233
HND,Honduras,2017,17,28.6864181,50.4087337,38.1934627,3.720857699455905,43.0938548370178,4.10592046689605,4.84291391050387,7.788629238555845,3.93436084442044,16.076037163128532,14.57818426759063,5.528,39.43208606320844,3.7790514481972437,14.247198875701297
HND,Honduras,2018,18,28.2290627,51.1298505,38.14234,3.6630941555581273,41.4548165613247,5.99386120691106,3.84499476966735,7.80980201117464,4.34734937777528,16.09433662743802,14.658370442230284,5.648,39.4668746669124,3.9274834210650695,14.26096775659129
HND,Honduras,2019,19,26.4344138,51.7655593,38.4368702,3.737935430249933,40.2189637388964,3.83846408231678,2.55963434592314,7.824976555077984,4.36587159819267,16.11244300481422,14.65492067746782,5.698,38.43570648283561,3.9823301333593353,14.260156796945651
HND,Honduras,2020,20,28.1678381,54.5120159,37.8437257,3.602854390344564,35.8751401030378,1.0106822391556,-8.96508223267296,7.743969778005341,3.46841177951184,16.129988648068327,13.41354083387756,10.982,41.38117239617134,4.8271560044782476,14.352870272866777
NIC,Nicaragua,2000,0,30.5290172,60.3426818,41.6351696,2.3491919241283106,20.1081658866931,5.21568567857809,4.10159025073438,6.924919569601626,7.06991352252517,15.429464856156851,13.272507757002964,7.181,42.46983442250797,4.231615743223486,14.332489357190425
NIC,Nicaragua,2002,2,31.1589843,59.5380496,46.1935501,2.464488833659743,18.8471358845682,3.90334311480045,0.753938876079573,6.921987424086836,3.75017465778466,15.454489602580892,13.269059483669356,7.517,42.175573303326566,3.8793084667041846,14.301149501332848
NIC,Nicaragua,2003,3,32.7728419,59.0118407,48.6352463,2.579144000159981,20.704998914845,3.78225034215297,2.52073289551447,6.928882681990968,5.30238773219936,15.46627523350153,13.378556330751158,7.6,42.93317305453076,3.732878838602744,14.293459225113864
NIC,Nicaragua,2004,4,36.6115679,58.191765,47.3846099,2.584095365148072,23.0598557398256,4.31560328721207,5.31217056950739,7.001811205833934,8.47021063584077,15.47809332958139,13.507627138738266,6.41,44.90547742672283,3.4552541785319804,14.28302611260241
NIC,Nicaragua,2005,5,33.5312557,59.2174417,47.6396381,2.6841880725014167,24.3821308946094,3.81407422484717,4.28239833770654,7.076064232976514,9.59909986064425,15.49113032801859,13.597355791941425,5.37,43.261642061945444,3.6233031694463627,14.28792751964302
NIC,Nicaragua,2006,6,33.0788655,61.1300036,46.3233394,2.661925750128927,31.2666288650856,4.24030000066427,4.15294559846254,7.129436734577441,9.1401996677772,15.505395096485884,13.700100828786772,5.31,44.22010047386911,4.21776012961039,14.345607956570605
NIC,Nicaragua,2007,7,31.2376551,64.0501612,45.562215,2.6382232458289114,33.0635730423674,5.14186605474194,5.0763520180987,7.208142392655722,11.1269347446118,15.519757251796252,13.79326597151132,4.89,44.269262819582515,4.763707624759309,14.396537680957326
NIC,Nicaragua,2008,8,31.1398338,62.3569202,44.3220203,2.653102695769049,34.4704620011048,7.38263377911966,3.43571693608081,7.328886609065013,19.8262031287429,15.534088574404898,13.826451487121805,6.2,44.926125700860275,5.260983975989113,14.43377305944496
NIC,Nicaragua,2009,9,31.2991833,61.1846356,43.2645052,2.719855292522525,33.9814942096139,5.22852820149836,-3.2926651586197,7.291031273158185,3.68700160498797,15.548333739753645,13.82546187891596,8.16,44.220513368673686,4.874497446682767,14.395934197232354
NIC,Nicaragua,2010,10,30.684883,56.6908219,42.5282916,2.6866247359605397,40.4671151559929,5.59335824334059,4.41009911716546,7.330776748002456,5.45513425887423,15.562525418716016,13.884104283136264,7.83,43.5739443119713,4.993976576116086,14.387007484651033
NIC,Nicaragua,2011,11,30.6773896,58.0842927,43.591364,2.6161162083567038,45.0169781525763,9.5791738556055,6.31668553491842,7.426377582006959,8.082387980991,15.576647747992908,13.93062425632998,6.613,44.419666589588545,5.389849573634809,14.42718030172155
NIC,Nicaragua,2012,12,30.7862749,57.9889278,42.6398118,2.5180426179599382,47.4691755587782,7.36516075625111,6.4961364710876,7.487004694037964,7.1935505333896,15.59068102068106,14.02496159317616,5.208,44.559465693606256,5.432747085229256,14.431106353235428
NIC,Nicaragua,2013,13,31.3427349,59.7097061,42.6323922,2.391211947581355,45.2142694902064,8.78722600899979,4.92709413447304,7.51503949395039,7.13546785289407,15.60457389589456,14.05688766308519,5.28,45.44394320730089,5.622845801047021,14.456822301811716
NIC,Nicaragua,2014,14,27.7066611,63.4318004,41.3797112,2.267382284255486,45.008072249634,9.06363827053251,4.78546013589983,7.579868016528035,6.03596861798425,15.618291071755648,14.144815024531075,4.52,44.510607486565945,6.2415149513962955,14.509140512207786
NIC,Nicaragua,2015,15,27.2776863,62.884096,39.6740565,2.2535138521157365,40.0837782888412,7.58033255797744,4.79226768332697,7.637454329088445,3.99737996694396,15.631867838541238,14.19120419455172,4.7,43.76753541733512,6.0171551642276775,14.485335997280313
NIC,Nicaragua,2016,16,25.7077346,63.0333858,40.2307418,2.1124117977363617,38.8820263906579,7.44462628012218,4.56314739524967,7.66466898665169,3.52317317628473,15.64531472860197,14.283011683558112,3.9,43.001057640005776,6.163510969321267,14.491811697669355
NIC,Nicaragua,2017,17,25.6669823,62.7940555,41.2427467,2.0571561944335306,41.338969262606,7.51057620596971,4.63120757580209,7.6882784329551965,3.85067166284727,15.65863322746974,14.487434612797692,3.3,43.178525402208756,6.29093307888542,14.50200763631503
NIC,Nicaragua,2018,18,23.1967986,46.9001644,34.496984,2.455831089307696,42.2771474372665,6.43060058137235,-3.3633566598573,7.61833241835637,4.94723728039886,15.671821048251775,14.160518405250372,5.2,37.73724760294912,5.065972931670796,14.323383941685924
NIC,Nicaragua,2019,19,23.4666749,49.7556204,34.0156849,2.190876491948656,44.8044297851925,3.96093444094211,-2.89686986728901,7.579995685693672,5.37628990844126,15.684795260993692,14.190517145872716,5.457,39.52194612779938,5.800266322738839,14.40017809331443
PAN,Panamá,2000,0,38.0423509,67.6657382,51.8636903,2.391725263580463,68.9601164522227,6.91764679868008,4.2090057360153,8.28780344889098,1.49896111605777,14.91757322057348,13.304686600863562,6.188,52.77292565490335,6.7775512168094245,14.6185794061887
PAN,Panamá,2002,2,38.1984131,70.7766768,55.4063328,2.5661254175447,62.829057458876,1.93034037172558,2.50884408826073,8.316443555286554,1.00583090379039,14.956333955885864,13.592368256649284,6.302,52.71413050965463,6.512423674961973,14.607420338727207
PAN,Panamá,2003,3,39.5257255,67.3024826,55.4660436,2.447974866425706,58.1335706021341,7.72303743803259,5.09686013628365,8.358118743931211,0.391666666666657,14.975470971363336,13.706812255867511,6.303,52.49303492718729,6.092206826079703,14.563246979726577
PAN,Panamá,2004,4,39.6845183,67.6050062,56.7476249,2.348853774009918,60.5768245688004,8.46279993310649,8.1756535098435,8.443453172557264,0.474723078204336,14.994520875787147,13.819503575249252,6.097,53.1996546141287,6.410141472711874,14.593205268494188
PAN,Panamá,2005,5,38.1384618,64.8954049,55.6340459,2.4838174118779235,68.2355957470283,6.6434443919751,8.27618322400723,8.520735132161407,2.85588324760959,15.013372529123258,13.883170141017091,5.967,52.32749471750624,6.649136971786582,14.597328477156008
PAN,Panamá,2006,6,39.118731,67.3552989,55.9072744,2.021295957278106,69.1942341743752,15.7789064426648,9.8572387394466,8.61772011460378,2.45789346442096,15.031912993374595,14.010255457801716,5.792,54.734474189431104,7.489101387674321,14.685173865611425
PAN,Panamá,2007,7,38.1179794,67.8203779,56.5515657,2.210073590480309,71.9791727604966,10.2406205983382,13.1530653136012,8.751129064379615,4.16863300298887,15.050252111861823,14.171786122161532,5.665,54.358117917837774,7.624180071422003,14.694375972653223
PAN,Panamá,2008,8,43.4541438,67.1081281,55.5747344,2.713575235787382,78.2985922617111,9.29189971900206,10.197432548532,8.90212771403464,8.75868317728784,15.06845865217996,14.269766465162304,5.639,56.82049574175761,7.058625902034219,14.665578976549922
PAN,Panamá,2009,9,41.8105676,67.8726493,55.0315577,2.819419441792,69.9648087248022,3.9059104779012,1.61186417596689,8.9614848559869,2.409053040822,15.08650096421609,14.261478249586428,5.857,54.929638015194314,6.571203030940467,14.617961851887314
PAN,Panamá,2010,10,40.9835613,64.493439,54.817713,2.61573698517854,70.025242051299,8.43207037866722,6.07339340909564,9.027794496736687,3.491288726188,15.104339543512978,14.361317729999618,5.845,54.3537769504019,6.746384899462246,14.617163418583218
PAN,Panamá,2011,11,40.8264444,65.1686268,56.3915733,2.7640481093868576,77.7456722088295,12.3168354603605,11.9088772241134,9.17598657071864,5.8758024367877,15.122086429679538,14.510656240188764,4.03,54.58745870066329,6.896952727760734,14.632293596483015
PAN,Panamá,2012,12,38.5631332,64.8455984,52.2018806,2.8873028609260087,74.5443156942107,8.13045858557062,9.62729355007232,9.311524752666443,5.69819959165992,15.139731623446336,14.550759393929123,3.691,52.79689283864454,6.756110282963544,14.608504721427133
PAN,Panamá,2013,13,39.1491722,64.1932128,51.8266046,2.908639455224862,64.5610772701238,8.09167357453305,6.32435373509259,9.415183283314018,4.0271599157106,15.157155034615757,14.604877050397263,3.674,52.03508673975863,6.151007221745772,14.555176547337325
PAN,Panamá,2014,14,39.8747927,70.7028074,54.5146583,2.8044877836964046,54.8890820604972,9.6921652724572,4.62581384604574,9.488971530131296,2.62652699929151,15.174459672619356,14.650591668252272,4.391,53.58991546099302,6.383303609245019,14.603226383160461
PAN,Panamá,2015,15,39.2716193,74.1501152,54.0341183,2.556749350139137,47.3866199170958,9.17966898909828,5.26691726402875,9.552699166163745,0.137492058461504,15.191763421575445,14.752780087919588,4.335,53.963741722169324,6.621761676056508,14.63446394912322
PAN,Panamá,2016,16,37.6620671,73.7741202,54.6320009,2.4026029295371614,41.7407554629987,8.78226076869208,4.57196696307969,9.604566637916797,0.739734025300033,15.209050109192637,14.68219120962969,4.717,53.11215991279839,6.764839375683039,14.638515124822911
PAN,Panamá,2017,17,36.5408642,73.7176296,54.2168564,2.3245834091450583,41.4710106747803,6.34573158684694,5.74405946988693,9.661073878800254,0.875585918759878,15.22618211608261,14.738578671415745,5.338,52.95914920998212,7.0982763970861775,14.662778919917944
PAN,Panamá,2018,18,36.7609585,72.1174424,52.6321447,2.36285608253594,42.3471044405144,6.3940456399755,3.9181980847881,9.689757513716156,0.761578359399944,15.242913272599768,14.726588124876333,5.161,52.68708862678173,6.954875280461735,14.645117592317085
PAN,Panamá,2019,19,36.8493715,72.7148713,52.1697757,2.512434429155255,40.2141744857332,6.7135041995988,3.10306793272473,9.709775770322953,-0.355083821021245,15.258823045306489,14.729398806184347,6.256,52.62803813914462,6.8556868189826545,14.638966504338658
PAN,Panamá,2020,20,37.3493253,71.6480793,52.8383789,2.537353528383917,36.2690881640488,-2.85980025111741,-17.8212299459324,9.494809350950442,-1.5502754080376,15.27255714200436,13.380103119076898,14.663,54.388832229722134,7.711431135785457,14.712916671915021
SLV,El Salvador,2000,0,33.280372,65.5818393,42.0473419,4.10672243899569,26.8272702258496,1.47137092746017,1.12790697674419,7.5923010408878495,2.27128756828723,15.597786197510567,13.672795409164552,6.96,42.28307017656085,2.813936624382613,14.23893445395878
SLV,El Salvador,2002,2,33.1580423,65.4443922,44.8278584,3.8785803816144857,25.5130894550755,3.71125187529755,1.57291844759789,7.657004811791247,1.86552503610077,15.60503937446873,13.69334405393293,6.2,42.46782242471258,2.9699358097750306,14.251672552911405
SLV,El Salvador,2003,3,36.7660513,60.5493385,45.285145,4.042110500544356,25.9234207599485,1.06615183714648,1.56539303147618,7.69976581713644,2.1203909173333,15.60703649992696,13.589865129563991,6.9,43.122697469734305,2.2723021766552307,14.187873753920638
SLV,El Salvador,2004,4,40.0908064,63.3848636,48.9116433,4.188130486364867,25.9062104819237,2.64681242347754,0.889404485692197,7.734422822150927,4.45194392395045,15.608048224318386,13.845070331079134,6.8,45.34180984012145,2.1176109457860726,14.199635720331854
SLV,El Salvador,2005,5,39.2668625,64.70213,48.3868735,4.184183922761335,25.2665668798476,3.47761600217717,2.68083009363194,7.802778005066506,4.69094870903769,15.608199261986584,14.082480354515004,7.22,45.389242962262905,2.375506734751255,14.223667364053409
SLV,El Salvador,2006,6,40.2352499,62.3107418,45.6991141,4.196069094170469,25.9396783352886,1.50707286112592,4.3369986028604,7.888191231642117,4.03712359429612,15.607656452520445,14.221642776837896,6.57,45.24009285986673,2.0676566221324677,14.191861252422624
SLV,El Salvador,2007,7,39.4762309,65.7302391,45.1010249,4.080719751968895,25.5670345496495,9.11434743633077,1.84760220587859,7.948264097163967,4.57808572377153,15.6089060215568,14.357835430184815,6.41,45.95936524103088,2.5579296967391727,14.2445701138033
SLV,El Salvador,2008,8,39.5536527,66.8570269,45.4092015,3.9838949340333776,26.7405871721015,5.0206011155903,2.15440298282768,8.000768017986637,6.70792293515939,15.612140978159028,14.44411975071984,5.88,46.64203760121549,2.8464351933076166,14.274632822677907
SLV,El Salvador,2009,9,42.7294968,63.2527135,45.0488318,4.296609824316793,23.9512044914048,2.09486399547314,-2.10876837627522,7.975972453479253,1.05595029731201,15.615284326729888,14.208903759601776,7.33,46.541442702776955,1.8155773688143384,14.184237116906399
SLV,El Salvador,2010,10,42.6730068,66.532444,43.1965315,4.200244501889584,26.9466693264064,-0.613406192808089,2.15419536693635,8.019636810404243,1.17933576873673,15.618580653546026,14.289257796153656,4.893,47.15685566065952,1.9954509057496956,14.212114947826583
SLV,El Salvador,2011,11,44.45176,66.2860095,45.2329914,4.287329923197246,28.9817775582263,0.603930846788838,3.77358499834686,8.110907895505955,5.1289237668161,15.622179493327426,14.306542166397,4.297,48.16728323246784,1.9130992550016472,14.211872602540943
SLV,El Salvador,2012,12,39.4985633,69.2463755,43.0148003,3.7710903413474166,28.5710611774443,2.01123945886672,2.88770010188691,8.15992166074219,1.72973481581383,15.626087692448436,14.368246160181302,3.843,47.22726453684399,3.0589198595858065,14.302083436575753
SLV,El Salvador,2013,13,40.8632091,63.8876178,45.2381082,3.7361465371134273,29.7248960481943,1.11490857279595,2.18295232499635,8.18375110247148,0.757669184522973,15.630146194296062,14.41544590564931,3.693,46.802534794912766,2.617119017809685,14.24914561580725
SLV,El Salvador,2014,14,38.0404523,64.1791153,46.4711587,4.168556107764391,29.5528752334192,2.2408951362935,1.7293998423459,8.206859835142001,1.14134467538233,15.63406692827891,14.449969272398093,4.154,44.491514928792576,2.3591206674345884,14.214781099882849
SLV,El Salvador,2015,15,37.2559025,63.4839557,43.7543201,4.437919567607641,29.4861730232304,2.10997804482034,2.40000008852115,8.240211238908092,-0.731384487387957,15.637423474603857,14.495066291846996,3.998,43.144029915798065,1.9380104105455374,14.17143394646612
SLV,El Salvador,2016,16,36.4629222,61.6051676,44.1267632,4.437919567607641,28.4585905008509,1.98198031581358,2.53906241135864,8.269075401208582,0.60404908699661,15.64018887394944,14.534325972602112,4.418,42.41359322313639,1.930271257991084,14.160199983934113
SLV,El Salvador,2017,17,37.1622409,60.1543384,42.1456598,4.170750514442579,29.0297643758665,2.01688451540263,2.24761908134138,8.29906870194694,1.0123540331558,15.642240213230416,14.625106996205195,4.385,43.19682381149183,2.188935419192994,14.18080120971617
SLV,El Salvador,2018,18,36.12166,58.7190176,42.6501709,4.003614956145698,28.9343737810256,1.58620478716365,2.4124442237792,8.338914541381254,1.09033000581892,15.643249435295049,14.746098988860943,4.006,42.645018571292255,2.3476219105095346,14.184831635215247
SLV,El Salvador,2019,19,37.3123805,62.2422412,44.0743893,3.6772798275804335,29.9559096080003,2.59024369040438,2.43747159065784,8.371037698314458,0.0753241350024612,15.643653064101878,14.785910994416804,4.17,45.04646556673353,3.0468539928889697,14.265133700311209
SLV,El Salvador,2020,20,37.5165892,63.3356789,45.071142,3.113903882766664,24.5267982788944,1.55101998611342,-7.893101359867,8.293347592683672,-0.371590212324095,15.645636689850852,13.468787359304866,5.008,46.425404105148615,3.678229285067175,14.325965345797563
