country_code,country,year,exports_percent_gdp,fdi_percent_gdp,gdp_growth,gdp_per_capita,imports_percent_gdp,inflation,population,remittances_percent_gdp,tourist_arrivals,unemployment
BS,Bahamas,2000,38.0475628585261,3.09850714482936,4.14841930754267,24940.0775086078,41.5973810340409,1.60632941740579,323835.0,,4204000.0,7.118
BS,Bahamas,2001,34.0725886439131,1.23072964943982,2.62600982683425,25371.9237667614,38.4282919944264,2.04498977505121,327836.0,,4183000.0,6.87
BS,Bahamas,2002,36.175454557738,1.72038337334312,2.70495624731029,26781.6195938652,34.1025271473546,2.17357792508093,331614.0,,4406000.0,9.05
BS,Bahamas,2003,35.8102341689881,2.14428489451629,-1.26491667612372,26429.1247787663,35.2533063362378,3.02504526252236,335618.0,,4594000.0,10.84
BS,Bahamas,2004,38.215231096961,3.02143829739302,0.882373744518318,26650.2934234303,37.7867522740851,0.981914036757662,339782.0,,5004000.0,10.2
BS,Bahamas,2005,38.7598869482117,5.72797116772737,3.39608420536011,28602.4181869995,42.6363839694191,1.59160618079802,343894.0,,4779000.0,10.2
BS,Bahamas,2006,38.3092773365463,6.94760136713467,2.51659221712706,29184.7865087908,49.2414369667314,2.38982627439254,348375.0,,4731000.0,7.54
BS,Bahamas,2007,40.0919541095878,6.71809341196458,1.44609991235758,30051.8489587756,47.9208614529201,2.49257794939396,353334.0,,4601000.0,7.88
BS,Bahamas,2008,39.4936348090443,8.17172902365571,-2.32364807041851,29392.3824416397,47.935588067642,4.4895599537506,358120.0,,4394000.0,8.18
BS,Bahamas,2009,34.190679986696,6.65159948547179,-4.17542805647342,27512.9130950084,42.3303639766138,2.06273473452682,362810.0,,4645000.0,14.25
BS,Bahamas,2010,34.9532873206178,8.63699216304667,1.53866248693835,27473.100430502,43.7223151105018,1.34402738392836,367478.0,,5255000.0,14.435
BS,Bahamas,2011,37.4352685331837,6.61957509346653,0.613170735890648,27090.8376801379,50.898420626685,3.1987814166032,371729.0,,5588000.0,14.52
BS,Bahamas,2012,38.1273086825118,4.90812842804373,4.52003886739061,28552.0242683151,46.1242117831424,1.97336755976254,375469.0,,5940000.0,14.02
BS,Bahamas,2013,39.8566150850095,3.64907926264642,-2.86320081549439,27642.7419759179,44.6917988028982,0.722414784530551,378953.0,,6151000.0,16.18
BS,Bahamas,2014,37.3629826467129,2.25581446274834,1.8469701294558,29137.2175632622,43.1740445816987,1.51375643050831,382298.0,,6320000.0,13.8
BS,Bahamas,2015,35.8315874839494,0.642663417838075,0.997411675486745,30719.405417469,33.846387781307,1.86148302863371,385346.0,,6112000.0,12.0
BS,Bahamas,2016,32.8518883249585,3.28594665732394,-1.15650811269629,30616.5363157284,34.3610332550564,-0.346376929989397,388055.0,,6265000.0,12.7
BS,Bahamas,2017,31.7259719287533,2.4470958481014,3.3713988456489,31875.4881749619,36.6083121098426,1.51820700736147,390485.0,,6136000.0,9.8
BS,Bahamas,2018,35.251809785322,3.83334911094036,2.39795510823548,32642.3353203452,36.9024588117823,2.26586346678736,392717.0,,6622000.0,10.0
BS,Bahamas,2019,34.9807938540333,3.63206527371394,-0.838585871193203,33640.3369861278,33.8058296301875,2.49123527368046,394675.0,,7250000.0,9.336
BS,Bahamas,2020,23.2736992434769,4.19368341635396,-20.0893664891399,26178.7537607708,30.1470588235294,0.0385210980054558,395863.0,0.49025118689208,1794500.0,12.016
BS,Bahamas,2021,27.9712552961701,3.18239411083404,17.5861390037409,30367.8605757708,37.9612860347263,2.90491262928478,396373.0,0.440646340450278,,11.078
BS,Bahamas,2022,37.1589142824247,3.82040434055862,10.8779009410268,34957.1613279737,38.8240458234989,5.60540633583044,397538.0,0.416556329514708,,9.25
BS,Bahamas,2023,37.8114502367185,2.11151935376225,3.04824180553773,38231.774484278,38.7380249225672,3.05291578969743,399440.0,0.410399245643789,,8.645
BS,Bahamas,2024,37.7835884998232,1.51932088638775,3.37866553336166,39455.4466548546,41.4588701935223,0.409162489083286,401283.0,0.416407710575514,,9.049
BZ,Belice,2000,42.870421436555,2.59763309185999,12.2406120663359,4726.50675459616,53.7314232780714,3.06743966930585,240799.0,2.18500558060573,374000.0,10.841
BZ,Belice,2001,41.8864239146419,5.21949933984009,4.99356206143864,4718.77715104739,51.2759811343445,3.65141786561502,248379.0,2.42293440764412,385000.0,9.07
BZ,Belice,2002,43.6216330567744,2.04686311047792,5.39907320663811,4858.86062599362,49.4578254145862,4.24026660688645,256009.0,2.15740041437119,694000.0,10.04
BZ,Belice,2003,44.5690554451158,-0.83504705917142,9.66522679614125,4959.74012434605,49.7940674408255,2.31808274663101,263780.0,2.45750707704954,999000.0,10.342
BZ,Belice,2004,42.2851095770467,7.9628629551609,4.78066505273344,5153.71308265363,44.1002441076359,6.39443099742399,271688.0,2.4032338577466,1329000.0,10.586
BZ,Belice,2005,45.729283841046,8.6080583090955,2.2191905367057,5270.41479135312,47.2678427922054,-1.1043104441191,279731.0,3.031497751378,1037000.0,10.91
BZ,Belice,2006,51.802408996474,6.84256959940517,4.51145460193301,5524.78167834986,47.0786653270988,-7.11376771265014,287878.0,4.01216166455308,903000.0,9.39
BZ,Belice,2007,50.5800129170809,8.22731936335606,3.33939738340764,5762.21023302938,45.3755382349022,2.31808274642021,296100.0,4.28552763184669,880000.0,8.51
BZ,Belice,2008,53.8397113388589,9.75973413898317,-1.62747776449082,5711.81458859709,51.6221629383723,6.39443100250034,304361.0,4.399830016353,846000.0,8.18
BZ,Belice,2009,45.4443249910287,6.44782371601601,-0.446709636828217,5399.67100001919,44.1365593950638,-1.10431044864355,312614.0,4.65508341704994,941000.0,8.323
BZ,Belice,2010,50.6252185549087,5.51460930694585,1.41741099233461,5461.40735999001,44.2329405958324,0.917977378808888,320245.0,4.4674149692595,1054000.0,8.412
BZ,Belice,2011,56.7220499146992,5.20581667105349,-0.13007112300869,5596.05222152289,50.1929102941744,1.602056156402,327298.0,4.11249792720126,1106000.0,8.424
BZ,Belice,2012,59.326479519541,10.1300443506209,3.94389321816617,5732.66519942347,51.840172845888,1.30058074547858,334414.0,3.96152002185937,1028000.0,8.378
BZ,Belice,2013,56.023852203192,4.53263160783493,4.06646561608865,5957.34953619006,52.6487618646393,0.50974776898322,341627.0,3.65575977484598,1022000.0,8.349
BZ,Belice,2014,55.4922660304805,6.5987393918196,3.89226067249989,6128.12053089077,51.6202514383076,1.20139964481058,348923.0,3.7570307808845,1289000.0,8.244
BZ,Belice,2015,51.5667685462712,2.69569808214426,2.7602602736023,6154.62264230369,52.5041902536696,-0.861584009427748,356333.0,3.86413122740168,1299000.0,7.578
BZ,Belice,2016,47.3072672928322,1.46157075571746,-0.0187414958130319,6140.86713919469,49.1925685375896,0.663427167917601,364705.0,4.31643119387222,1391000.0,7.0
BZ,Belice,2017,49.8095974752301,1.40473162686238,-1.83323729057784,6071.85451846453,47.8976597048161,1.14765339305816,373202.0,3.98117350466052,1441000.0,6.596
BZ,Belice,2018,51.7351399388179,5.33885311944147,0.822068592512508,6011.99036888587,49.2540744241568,0.269982622646335,380226.0,4.04707684933587,1697000.0,9.346
BZ,Belice,2019,52.0189198848801,3.94384011758557,4.25658710030072,6171.61449761423,50.4229370227973,0.187069385181424,385829.0,4.06590139952572,1674000.0,9.053
BZ,Belice,2020,37.6373221387979,3.72214070775569,-13.5228997055506,5238.54078175696,44.0058211740566,0.121434644614894,390812.0,5.89481400963481,487000.0,10.763
BZ,Belice,2021,47.5814821772776,5.16738739330779,17.9899244143607,6142.98930557031,51.4009547657221,3.23563659237071,395346.0,5.57356290247454,,10.302
BZ,Belice,2022,52.5787874243921,4.95003696669658,9.25051329530994,7068.21728043145,55.2614626616446,6.27689319447544,402733.0,5.00304345845639,,8.682
BZ,Belice,2023,54.9308418513115,0.553310090034322,0.500127941638667,7424.75821321022,51.4696639994596,4.38984017487675,411106.0,3.87408142483921,,8.278
BZ,Belice,2024,55.2233936496697,4.01045578413843,3.50466435023895,7681.24400583113,53.7490528718063,3.28955985952768,417072.0,3.79385953140795,,8.698
BR,Brasil,2000,10.1880480043795,5.03391680528314,4.38794944745618,3766.54811466032,12.4517133524146,7.04414105947266,174018282.0,0.205903522832894,5313000.0,10.889
BR,Brasil,2001,12.37171066993,4.14759377398385,1.38989640095637,3176.28935747524,14.564574352134,6.84035902487523,176301203.0,0.2587422042289,4773000.0,10.649
BR,Brasil,2002,14.2305902713775,3.25358061271527,3.05346185909312,2855.94018885769,13.3877671308534,8.45016437708331,178503484.0,0.393057978948569,3785000.0,10.641
BR,Brasil,2003,15.1807837086861,1.81340052439304,1.14082899824888,3090.6070097455,12.9596010144732,14.7149197228147,180622688.0,0.409627690516944,4133000.0,11.168
BR,Brasil,2004,16.5457615119353,2.71353166307823,5.75996463670954,3663.823188064,13.1324909668183,6.59718509985963,182675143.0,0.420223881591128,4794000.0,10.072
BR,Brasil,2005,15.2438292665623,1.73389354602718,3.20213206130431,4827.78173074714,11.8429659377691,6.86953720898964,184688101.0,0.314631171954278,5358000.0,10.551
BR,Brasil,2006,14.3743163038801,1.753125703626,3.96198871122617,5934.14470924968,11.6673835879099,4.18356812896909,186653106.0,0.296775300792405,5017000.0,9.692
BR,Brasil,2007,13.3276751040789,3.19082601308524,6.06987060678338,7409.69130673473,11.9649362714605,3.64127299102652,188552320.0,0.236608669672595,5026000.0,9.28
BR,Brasil,2008,13.5340005128387,2.99060946922903,5.09419544658736,8908.33176538648,13.7235689045173,5.67859390284168,190367302.0,0.214793412211116,5050000.0,8.268
BR,Brasil,2009,10.8513711347491,1.88848224095724,-0.125812002161169,8678.6592244676,11.2546044712842,4.88803479876799,192079951.0,0.173315277293489,4802000.0,9.419
BR,Brasil,2010,10.8655847752557,3.73001288350945,7.52822581815364,11403.2821278747,11.9065933379213,5.03872690108075,193701929.0,0.13956669623869,5161000.0,8.42
BR,Brasil,2011,11.5825126785455,3.91518011405433,3.97442307944702,13396.6243562986,12.3518924973266,6.6364496221309,195284734.0,0.122875010809796,5433000.0,7.578
BR,Brasil,2012,11.8775390704316,3.75496285641218,1.92117598576537,12521.7213519966,13.2367345403083,5.40349914036997,196876111.0,0.112933662857454,5677000.0,7.251
BR,Brasil,2013,11.7422306460189,3.04150901624338,3.00482266944432,12458.8912138813,14.0437266814484,6.20431066640101,198478299.0,0.109901876363478,5813000.0,7.071
BR,Brasil,2014,11.0119428190539,3.57135266957477,0.503955740242247,12274.9939689363,13.6734629940752,6.32904015516139,200085127.0,0.107811945028355,6430000.0,6.755
BR,Brasil,2015,12.900191418386,3.59214931791344,-3.54576339269425,8936.19661712113,14.0534345189741,9.02990102416136,201675532.0,0.160741889371087,6306000.0,8.538
BR,Brasil,2016,12.4666790429968,4.13737803865892,-3.27591690782192,8836.28652735657,12.0670030347037,8.73914352329393,203218114.0,0.152575400687928,6547000.0,11.58
BR,Brasil,2017,12.5189678698768,3.33825981739039,1.32286905404399,10080.5092819305,11.8007665044289,3.44637335032669,204703445.0,0.130785125421543,6589000.0,12.792
BR,Brasil,2018,14.6349994955075,4.07858821454947,1.783666761634,9300.66164923219,14.2412038808791,3.66485028376729,206107261.0,0.1530302781715,6621000.0,12.329
BR,Brasil,2019,14.1229191913178,3.692673213156,1.22077782360842,9029.83326681073,14.7673386785785,3.73297621216894,207455459.0,0.171549773709679,6353000.0,11.936
BR,Brasil,2020,16.4535520094071,2.59263795310275,-3.2767587964736,7074.19378337644,15.8485265343869,3.21176803803376,208660842.0,0.241596231143309,,13.697
BR,Brasil,2021,19.1094303688709,2.77979084938159,4.76260437908608,7972.5366498646,18.5469003909373,8.30165975585673,209550294.0,0.2455346442576,,13.158
BR,Brasil,2022,19.6307650034371,3.8680317970139,3.01669435393015,9281.33334441234,19.1853009729027,9.28010608956873,210306415.0,0.25481314242508,,9.231
BR,Brasil,2023,17.9693243032741,2.86383344298207,3.24165532906981,10377.5892792557,15.6969055268697,4.59356282283204,211140729.0,0.202347527557964,,7.947
BR,Brasil,2024,17.9385794398559,3.38960808548439,3.41931516501906,10310.5486973693,17.6459444987685,4.36746407652337,211998573.0,0.224281818071329,,6.801
CL,Chile,2000,30.1237545610247,6.20376708218785,4.9716214882971,5052.99245766325,28.5881687725565,3.84327295706565,15503635.0,0.0169773325515229,,10.491
CL,Chile,2001,31.8473112100134,5.8676609577396,3.15403492459967,4563.5952986689,30.2974551227546,3.56910053001467,15683849.0,0.0166259773670377,,10.39
CL,Chile,2002,32.2572216653296,3.62905823074114,3.20279913520113,4430.84741157984,30.2266330761295,2.48939816650705,15857925.0,0.0176477170283023,,10.168
CL,Chile,2003,35.0609735492762,4.556949756395,4.72324526861041,4773.40177520754,30.6324426463729,2.8101787574361,16024752.0,0.0154263329265511,,9.765
CL,Chile,2004,39.6857497510041,5.01507138064187,6.67425416822923,6120.59152055344,30.2036106315913,1.05473871403517,16187322.0,0.0117081852977969,,10.162
CL,Chile,2005,40.1755713149739,4.89870698303569,5.83704571917758,7480.32330998636,31.8869620579791,3.05257621387849,16348778.0,,,9.34
CL,Chile,2006,43.8656741327676,3.0910197191962,6.04999082563968,9318.65655296121,29.8459599875652,3.39201733699405,16509195.0,,,9.024
CL,Chile,2007,45.1298514125536,6.11348994449279,5.16823098528431,10346.4138184533,31.8471726465886,4.40779938398044,16671581.0,,,8.427
CL,Chile,2008,41.1625609327669,10.4571112913238,3.78939280635238,10683.2188772511,39.5140657210171,8.71626873039607,16838988.0,,3713000.0,9.285
CL,Chile,2009,37.1156346662754,7.42256247898025,-1.11803723642878,10098.8017167286,29.5703965832241,0.353045178360937,17009731.0,0.0302355853046632,3657000.0,11.313
CL,Chile,2010,37.903993986295,6.84144686828522,5.85165102224047,12632.8704724192,31.8136862469673,1.41071107954321,17181464.0,0.0287143864918113,3584000.0,8.547
CL,Chile,2011,37.6897797617714,10.4897738058645,6.22389678509138,14487.3927832032,34.7918624475716,3.34121694259302,17351816.0,0.0282109379327787,3963000.0,7.492
CL,Chile,2012,33.845591494963,11.9097449981544,6.15534001855494,15241.9069981119,34.3105520389641,3.00744840213047,17519119.0,0.0269750395725642,4397000.0,6.79
CL,Chile,2013,32.0874628670083,7.61396398974862,3.30850824710085,15683.5486369155,33.0558248393655,1.7895555398459,17687006.0,0.0256342544301111,4457000.0,6.361
CL,Chile,2014,33.0039028305543,9.83500371419039,1.79264947139259,14529.6767206336,32.6307246042164,4.71867527854672,17864195.0,0.0233520103179811,4601000.0,6.761
CL,Chile,2015,29.1910790733686,7.32780348711267,2.15194249981184,13433.9202987032,30.1580314947545,4.34877353217044,18047625.0,0.0243316680794115,5487000.0,6.605
CL,Chile,2016,27.9231577302995,4.55707488153847,1.753038749071,13649.8520452803,28.1347025767999,3.78619355893118,18267221.0,0.0258882864665846,6712000.0,6.926
CL,Chile,2017,28.3313768888156,1.89647029836548,1.35769537343957,14879.9086227187,27.6947817505058,2.18271846868519,18558868.0,0.0240958635192695,7621000.0,7.257
CL,Chile,2018,28.5290452274717,2.68461345207245,3.99002947789977,15659.4808675628,29.6480060761165,2.43488981353057,18893191.0,0.0236116491601402,6603000.0,7.623
CL,Chile,2019,27.8723266080413,4.87915172452024,0.644223402631923,14496.9345640362,29.7345891776124,2.55754475703327,19197744.0,0.0249265784840927,5431000.0,7.493
CL,Chile,2020,31.3228006627665,4.50500989019161,-6.1396969411886,13117.9930230086,26.8459687305709,3.04549084804326,19370624.0,0.0260513620463149,,10.934
CL,Chile,2021,31.974345622206,4.81031437211446,11.3374032409913,16216.1840860289,32.8656468569676,4.52456838259144,19456334.0,0.0210723910740891,,9.281
CL,Chile,2022,35.6216861605322,6.2344860828365,2.06391864254198,15399.1044717559,39.6117335928437,11.643866711056,19553036.0,0.0282871022985963,,8.249
CL,Chile,2023,30.7750617433637,5.72340675956374,0.677024831595858,17081.5180740049,29.901582730252,7.58168251407962,19658835.0,0.0289060771358775,,9.013
CL,Chile,2024,33.7320704435058,3.97989457086765,2.80512637106611,16658.9652720351,30.2256760867506,4.29763891572524,19764771.0,0.0304727117459801,,8.718
CO,Colombia,2000,15.915139715438,2.43950747934181,2.92486148176778,2555.00751039968,16.7519457538687,9.22534818585366,39089934.0,1.61213693911831,707000.0,20.52
CO,Colombia,2001,15.3871357665009,2.58851936306874,1.67789830787579,2472.99084035833,18.5139760284435,7.96556090304834,39709262.0,2.09403813220323,788000.0,15.04
CO,Colombia,2002,14.8155696775272,2.17844751407948,2.50398046659659,2428.92969771584,18.1670695368963,6.35150728778872,40324680.0,2.53195366414596,661000.0,14.481
CO,Colombia,2003,16.5752997117627,1.81783931129221,3.91827190322513,2311.94218760291,19.9408838054673,7.1297886294186,40937429.0,3.25006038249131,668000.0,13.221
CO,Colombia,2004,16.7707514248023,2.66083488771203,5.33302206759905,2818.57195413044,19.0926755089972,5.90402005546502,41543171.0,2.72409600444899,840000.0,13.717
CO,Colombia,2005,16.9710437391629,7.02979401438219,4.82876110773741,3456.06610874512,20.4516537557921,5.05101962689696,42128977.0,2.29780092865447,981000.0,11.062
CO,Colombia,2006,17.7285877506525,4.17238510059526,6.71686869844402,3789.85361217027,21.9127682099768,4.29342363628927,42691084.0,2.40996885200382,2096000.0,11.088
CO,Colombia,2007,16.4331421263646,4.30867680626701,6.73819469090975,4769.926147194,20.6657549719257,5.54438485815156,43235374.0,2.16273306753812,2381000.0,11.204
CO,Colombia,2008,18.1095951350739,4.35627834630067,3.28344618616541,5541.83629665898,21.0580542813616,6.99688495554511,43758808.0,1.99042004970298,2545000.0,11.273
CO,Colombia,2009,16.4244956875755,3.45627065154005,1.13964864548062,5250.97292433518,18.731632819883,4.20251661216482,44271541.0,1.77437358615557,2649000.0,12.066
CO,Colombia,2010,16.3408447597691,2.24433595561184,4.49465897070922,6398.2958447102,17.923758408999,2.27200227892008,44777319.0,1.40693436300273,1701000.0,11.153
CO,Colombia,2011,19.2765050733171,4.37269536127322,6.94789198173555,7400.9940695669,20.1939184812196,3.4150334477625,45259614.0,1.22439717479203,2356000.0,10.288
CO,Colombia,2012,18.8112052836654,4.05728041313345,3.91263576716115,8108.59838244229,20.0239457350035,3.16930188840055,45715810.0,1.08410323361976,2434000.0,9.959
CO,Colombia,2013,18.0864397214368,4.24252457969381,5.13399351995672,8279.10255642981,19.9002090764088,2.01699224310383,46151584.0,1.16459175184649,2595000.0,9.246
CO,Colombia,2014,16.6347491096509,4.24107256687862,4.49903000110972,8187.20824890084,20.8527165314594,2.89883787761738,46565429.0,1.09267695626741,2866000.0,8.799
CO,Colombia,2015,15.6502115094968,3.95939854860993,2.95590137527523,6248.51490534512,22.7105526089485,4.9898311584953,46969940.0,1.70416576384897,3371000.0,8.572
CO,Colombia,2016,14.7171392781975,4.90164572903473,2.08738250162794,5959.84250367574,21.4855137060045,7.51346024627675,47437512.0,1.83643004865322,3675000.0,8.922
CO,Colombia,2017,15.1452897484005,4.3931823276543,1.35936086788746,6479.53231292429,20.1376251940583,4.31431325695011,48131078.0,1.86578764806417,4056000.0,9.086
CO,Colombia,2018,15.8997196775431,3.38083573220188,2.56432428277704,6816.96818309544,20.6350331193542,3.24056932930569,49024465.0,1.99734137782816,4397000.0,9.36
CO,Colombia,2019,15.8680386541241,4.33058240931506,3.18685539245533,6472.54544924705,21.6904953267149,3.52301932741447,49907985.0,2.20297175864251,4531000.0,10.28
CO,Colombia,2020,13.5222755593302,2.7588942895314,-7.18591413760859,5339.68711357943,20.5332954086799,2.52663500084706,50629997.0,2.56133478402854,1396000.0,15.983
CO,Colombia,2021,16.1970059548864,3.00175693787234,10.8011981904878,6222.62164397614,23.8621404387264,3.49505757399448,51188173.0,2.70254419060708,,13.898
CO,Colombia,2022,20.3883679938331,4.97124137726565,7.32827729427979,6680.44506854481,27.8942871185028,10.1772313546166,51737944.0,2.7354220776326,,10.541
CO,Colombia,2023,17.8077746975806,4.57716748279263,0.841819555752039,7012.49169137756,22.3255418346774,11.7359044948689,52321152.0,2.75594116248495,,9.591
CO,Colombia,2024,16.0804545104347,3.25416050189283,1.49330728771066,7951.08624019412,20.2375393681026,6.60908593728228,52886363.0,2.82357172356115,,9.619
CR,Costa Rica,2000,42.9303224591994,4.81846452551762,3.80207210664838,3812.75386183689,43.5946009234176,10.9615496593622,3937739.0,0.905678756997877,1278000.0,5.08
CR,Costa Rica,2001,40.5085719500705,3.89233614145036,3.49117013515725,3985.12987980056,40.34418555697,11.2556157091172,4008947.0,1.24212096848605,1320000.0,6.051
CR,Costa Rica,2002,39.2245350275681,4.3620269108637,3.41687615891895,4067.71854177094,41.1894086478451,9.16752048509119,4075705.0,1.51184749154414,1335000.0,6.396
CR,Costa Rica,2003,40.6717129761414,4.48353973161802,4.31718000096654,4173.14853766977,42.6559945741523,9.44758091616984,4138784.0,1.85782761929458,1514000.0,6.654
CR,Costa Rica,2004,42.2076544521738,5.82312653403309,4.42459978667458,4431.01172024063,43.0488230518016,12.3148150178852,4200078.0,1.7170131035565,1771000.0,6.445
CR,Costa Rica,2005,43.464522824224,7.62843541650427,3.97666631433462,4703.00720463794,45.7581418157306,13.7982949108987,4261240.0,2.0974697376268,1959000.0,6.749
CR,Costa Rica,2006,43.3140350907406,7.92850432469026,7.3266951372695,5256.59641275583,46.5005192313654,11.4705968149052,4321340.0,2.2590538597994,2071000.0,5.926
CR,Costa Rica,2007,40.5821371736585,8.33742598522417,8.21513209207497,6137.71199435022,45.8744584376952,9.35724456417157,4380248.0,2.29840791117787,2302000.0,4.557
CR,Costa Rica,2008,38.8064601026245,7.90900698205041,4.73817511214847,6937.24261660254,47.5950523878602,13.4244635507284,4440056.0,1.96342379690243,2409000.0,4.934
CR,Costa Rica,2009,34.6323048229081,5.2515106858073,-0.87345608994562,6832.69828187486,35.1270124668251,7.84270167700654,4499791.0,1.66882404923088,2309000.0,7.824
CR,Costa Rica,2010,32.8294112720049,5.06371170026852,5.36034347722267,8265.78820580299,34.6826781316843,5.66275708420021,4555962.0,1.40920944198123,2495000.0,7.171
CR,Costa Rica,2011,32.4724707460503,6.39172538358965,4.40315921836142,9276.39109377477,36.1666751589609,4.87799830970702,4609833.0,1.2165291764591,2526000.0,9.518
CR,Costa Rica,2012,31.6513172644756,5.70866124116913,4.88259252932575,10126.9991155066,35.3972218749191,4.49545314354605,4663934.0,1.19060562069868,2542000.0,9.11
CR,Costa Rica,2013,30.5916494074101,6.29127736182893,2.49476596233289,10803.2401795009,33.4747614088744,5.23133614174428,4716147.0,1.17056543355752,2641000.0,8.218
CR,Costa Rica,2014,31.362915449766,6.23293662665086,3.54210997703849,10911.4978703456,33.8283267683351,4.51920098516954,4767119.0,1.14180389976092,2760000.0,8.499
CR,Costa Rica,2015,29.9956579824958,5.23639457041545,3.65208093006359,11714.7106121672,30.7579041649883,0.801982005099623,4818038.0,0.977976119424714,2899000.0,8.415
CR,Costa Rica,2016,31.2600961080703,4.45296211937019,4.20432320775184,12091.0301560892,30.9183821849967,-0.0174788505908217,4866998.0,0.926850292389643,3204000.0,8.085
CR,Costa Rica,2017,32.7626831133763,4.83327522044665,4.15769914676933,12317.0902779911,32.3092705863581,1.62590692991732,4913177.0,0.925980245797786,3231000.0,7.729
CR,Costa Rica,2018,33.6589195458941,4.81804579792257,2.85285959760458,12620.0207321581,33.1284942428784,2.22111461526581,4957818.0,0.852690926498558,3313000.0,9.01
CR,Costa Rica,2019,34.1472985859666,4.19904890207774,2.70813912948329,12951.8588421841,31.2721746627109,2.09604635327807,4999553.0,0.854591545845158,3366000.0,10.807
CR,Costa Rica,2020,31.6977144131717,3.34838047556023,-4.14159340574358,12475.6852076814,28.0486406587767,0.724911478131376,5034320.0,0.835559986392123,1146500.0,16.432
CR,Costa Rica,2021,35.8298587276824,5.47775634815964,8.21817953969082,12962.2716075659,34.2738345782266,1.72647755109241,5059988.0,0.905839776397581,,15.139
CR,Costa Rica,2022,40.5888104743828,7.34017474268191,5.46119455235068,13971.7649991294,38.4635798410056,8.27477490232654,5081765.0,0.87366874836676,,11.325
CR,Costa Rica,2023,38.0957487081207,6.05567371313475,4.79187732359398,17140.771430122,33.3422823259329,0.525193508693455,5105525.0,0.756581407260131,,8.325
CR,Costa Rica,2024,37.5298397915012,5.58692738273204,4.08292444182048,18853.2828705886,32.3235388479498,-0.412853001047069,5129910.0,0.749409322311289,,6.936
EC,Ecuador,2000,37.5510597560791,-0.133637950998727,1.09180164720277,1382.23421759909,27.8532356265599,96.0963756926096,12689206.0,7.53900859835198,627000.0,4.8
EC,Ecuador,2001,27.6071337228194,2.32873824691471,4.20627185748789,1791.30359685037,28.5213530213856,37.6767454518094,12910740.0,6.14240830281378,641000.0,4.252
EC,Ecuador,2002,25.7144168795696,2.8951552675912,4.92809549611376,2059.1585535974,29.0822270570441,12.4835980082095,13138472.0,5.31534116234239,683000.0,4.825
EC,Ecuador,2003,26.8417735156179,2.81449236195545,2.88450036512064,2315.62215223014,25.51576918198,7.92936487461556,13372306.0,5.27503980472213,761000.0,5.662
EC,Ecuador,2004,29.0996886570109,2.37801066697343,6.83239736646514,2586.20914663347,26.9748580669833,2.74323198926704,13608701.0,5.22245926639398,819000.0,5.002
EC,Ecuador,2005,32.6271488045748,1.22499487397379,5.39862243994342,2909.02606014388,29.3310019856824,2.1682770118372,13846163.0,6.10742377469624,860000.0,3.779
EC,Ecuador,2006,35.7016851677807,0.594056305145447,4.34113198577639,3243.67010359339,30.1406704488754,3.29874846258215,14086131.0,6.42101090681869,841000.0,3.55
EC,Ecuador,2007,37.4824331013481,0.388921736574003,1.90242859700484,3478.92488770671,31.3681523449196,2.27618478002121,14328773.0,6.70295541841078,937000.0,3.142
EC,Ecuador,2008,40.2763008714604,1.7294958127597,6.56492068224719,4194.75750661981,34.3139954933835,8.40009593987462,14575202.0,5.05178528024742,1005000.0,3.917
EC,Ecuador,2009,29.3096288345425,0.513570185696715,1.0910129698311,4053.36331139298,28.0377172282183,5.15996829181047,14825954.0,4.5635031450049,968000.0,4.608
EC,Ecuador,2010,32.4856951799135,0.243419054034351,4.02913787986621,4520.30959039763,33.2916897335927,3.55437734567843,15076695.0,3.81361167392642,1047000.0,4.088
EC,Ecuador,2011,36.1133694393513,0.817966548837347,8.48147656332823,5153.6916424375,33.9223143131735,4.4745326579584,15326227.0,3.39373350415588,1141000.0,3.458
EC,Ecuador,2012,34.8314108177156,0.646739602691481,5.783212336172,5634.08393191094,32.1715182739742,5.10172180958666,15572194.0,2.82239084408483,1272000.0,3.235
EC,Ecuador,2013,32.3752665078284,0.752903273859877,7.21123653679159,6109.29031510341,31.058033826413,2.72177577710371,15807128.0,2.54612673206732,1364000.0,3.083
EC,Ecuador,2014,31.3550366940318,0.751953401658059,4.22606520388456,6405.79979300441,30.0713399277247,3.58922016616663,16035124.0,2.40703123870624,1695000.0,3.48
EC,Ecuador,2015,22.754485726599,1.36067004574537,0.119692109287612,5976.1596805651,25.0735539811836,3.96664623255358,16266225.0,2.45609170654041,1676000.0,3.616
EC,Ecuador,2016,20.53929115589,0.78469706502846,-0.687954245877947,5917.63771271481,19.9952006437747,1.72826463324533,16505139.0,2.67435295214931,1569000.0,4.597
EC,Ecuador,2017,21.4855873912769,0.605279629548276,5.97039880954841,6233.32244797718,22.1321359260048,0.417335588666825,16759519.0,2.72722996049999,1806000.0,3.836
EC,Ecuador,2018,23.5438701347327,1.29341012436864,1.04429460679607,6303.91886658338,24.4654774807509,-0.224103246005552,17049547.0,2.82760317052208,2535000.0,3.53
EC,Ecuador,2019,24.0486345985713,0.915058228783613,0.1654044646003,6205.05765246766,24.0342148947594,0.266012515466155,17340021.0,3.0137639320716,2108000.0,3.812
EC,Ecuador,2020,23.2835621642424,1.16754746598289,-9.24509619165865,5463.64515348598,20.7057487735965,-0.338872392562139,17546065.0,3.48790451754192,,6.116
EC,Ecuador,2021,27.0659755840025,0.607504922954352,9.42189269033631,6061.32350181711,26.1953000265705,0.133251386096389,17682454.0,4.07490158068369,,4.504
EC,Ecuador,2022,30.9252456928287,0.759637557255968,5.86842354862311,6515.58528418336,30.9555471259573,3.46616972213077,17823897.0,4.08839477102189,,3.713
EC,Ecuador,2023,28.649536821321,0.398026146047552,1.8328406107788,6718.1447938811,28.5131570051099,2.21568764237058,17980083.0,4.51387204495537,,3.51
EC,Ecuador,2024,30.4978780132278,0.360313100049938,-1.94409022506859,6826.5294137822,26.9457668073473,1.54732515615369,18135478.0,5.28613118568203,,3.453
SV,El Salvador,2000,26.8272702258496,1.47137092746017,1.12790697674419,1982.87093542615,41.8828186786415,2.27128756828723,5943366.0,14.9699688017602,867000.0,6.96
SV,El Salvador,2001,25.0092920568115,2.2707041485317,0.879613659882722,2058.04459070452,40.8814464794137,3.7508205747202,5968060.0,15.6669630441719,804000.0,6.96
SV,El Salvador,2002,25.5130894550755,3.71125187529755,1.57291844759789,2115.41187355626,40.4060013216952,1.86552503610077,5986631.0,15.4182774717149,885000.0,6.2
SV,El Salvador,2003,25.9234207599485,1.06615183714648,1.56539303147618,2207.83089518069,42.3135617186615,2.1203909173333,5998599.0,16.0171947035328,798000.0,6.9
SV,El Salvador,2004,25.9062104819237,2.64681242347754,0.889404485692197,2285.68907438892,43.8760536948454,4.45194392395045,6004671.0,18.6742099302803,1030000.0,6.8
SV,El Salvador,2005,25.2665668798476,3.47761600217717,2.68083009363194,2447.39140845394,44.4492447952102,4.69094870903769,6005578.0,20.6055245611648,1306000.0,7.22
SV,El Salvador,2006,25.9396783352886,1.50707286112592,4.3369986028604,2665.61807194853,47.5158891717381,4.03712359429612,6002319.0,21.7670246482945,1501000.0,6.57
SV,El Salvador,2007,25.5670345496495,9.11434743633077,1.84760220587859,2830.65693770733,52.05402148515,4.57808572377153,6009824.0,21.8028715446677,1720000.0,6.41
SV,El Salvador,2008,26.7405871721015,5.0206011155903,2.15440298282768,2983.24829577976,53.925386767807,6.70792293515939,6029297.0,20.8749261267512,1875000.0,5.88
SV,El Salvador,2009,23.9512044914048,2.09486399547314,-2.10876837627522,2910.18651752011,42.1199866830439,1.05595029731201,6048279.0,19.3296980618829,1482000.0,7.33
SV,El Salvador,2010,26.9466693264064,-0.613406192808089,2.15419536693635,3040.07300952878,46.5906183461333,1.17933576873673,6068249.0,18.8196648675298,1606000.0,4.893
SV,El Salvador,2011,28.9817775582263,0.603930846788838,3.80688113429295,3330.60049486653,50.2948661442788,5.1289237668161,6090127.0,17.96484307191,1634000.0,4.297
SV,El Salvador,2012,28.5710611774443,2.01123945886672,2.82262371802327,3497.91256915509,49.077510444844,1.72973481581383,6113975.0,18.3017912730118,1738000.0,3.843
SV,El Salvador,2013,29.7248960481943,1.11490857279595,2.23562439198375,3582.26694005169,50.7262984426328,0.757669184522973,6138839.0,18.0368594542296,1822000.0,3.693
SV,El Salvador,2014,29.5528752334192,2.2408951362935,1.70870628357073,3666.01248913873,48.5515505143743,1.14134467538233,6162955.0,18.4140727443947,1886000.0,4.154
SV,El Salvador,2015,29.4861730232304,2.10997804482034,2.40000008852115,3790.34089108162,47.0740977138215,-0.731384487387957,6183676.0,18.23780572274,1973000.0,3.998
SV,El Salvador,2016,28.4585905008509,1.98198031581358,2.53906241135864,3901.34014965811,44.3605028722982,0.60404908699661,6200800.0,18.8561820072362,2052000.0,4.418
SV,El Salvador,2017,29.0297643758665,2.01688451540263,2.24761908134138,4020.12671373919,45.2748868157855,1.0123540331558,6213533.0,20.0020638968604,2247000.0,4.385
SV,El Salvador,2018,28.9343737810256,1.58620478716365,2.4124442237792,4183.54620971358,46.69924310697,1.09033000581892,6219807.0,20.720840026323,2536000.0,4.006
SV,El Salvador,2019,29.9559096080003,2.59024369040438,2.43747159065784,4320.11671534627,46.0861034911466,0.0753241350024612,6222318.0,21.0435800685611,2639000.0,4.17
SV,El Salvador,2020,24.5267982788944,1.55101998611342,-7.893101359867,3997.19279583709,41.9327086708139,-0.371590212324095,6234673.0,23.8002795557104,707000.0,5.008
SV,El Salvador,2021,28.7814953892726,2.7560499827498,11.9047617015957,4642.60743101342,53.0635805908039,3.46692585313082,6255782.0,26.2452495089243,,4.327
SV,El Salvador,2022,32.4334933265056,0.0823187826775637,2.9546041089332,5074.60050994225,56.2676438832499,7.19861615609867,6280319.0,24.6343743602102,,2.999
SV,El Salvador,2023,28.7918551914872,2.31870856682009,3.35508721646165,5319.7195268688,51.0204099872994,4.04554694222477,6309624.0,24.6887762522154,,2.992
SV,El Salvador,2024,32.6598571720595,3.01317166597907,2.5904637107794,5503.10317151907,53.0227154854696,0.853782292567288,6338193.0,24.3362060637199,,3.261
GT,Guatemala,2000,20.1950343956927,-4.08835554722306,3.6088687174876,1648.96578971559,28.950553509261,5.97757734737136,11697592.0,3.09089218520719,826000.0,2.143
GT,Guatemala,2001,28.6635482851857,-5.088199966054,2.33257486608854,1537.68663578252,42.0054848917618,7.28587366610138,11969422.0,3.44333629274611,835000.0,2.251
GT,Guatemala,2002,26.7262767971618,-4.97449876130187,3.83928708556792,1669.33517469705,40.3785347273026,8.13263054281054,12246915.0,7.82711765505829,884000.0,2.254
GT,Guatemala,2003,26.1810997164793,0.0903239703402523,2.56037766801896,1722.54701910774,40.8212394697631,5.60347675434469,12525842.0,9.95052323955904,880000.0,2.807
GT,Guatemala,2004,27.4194097089723,1.36317570702825,3.13791683609193,1840.91184884,42.7954626492149,7.57862247309729,12807402.0,11.1441946802014,1182000.0,2.971
GT,Guatemala,2005,25.454901513817,2.01617500337249,3.27602692588886,2046.46611650758,41.6487980943867,9.1086498571922,13087629.0,11.4496338247076,1316000.0,3.059
GT,Guatemala,2006,25.3398334344627,2.13587522888421,5.35139778711536,2225.1234753878,42.572090305199,6.56085282795384,13367459.0,12.4397165660231,1502000.0,2.96
GT,Guatemala,2007,25.9805176037841,2.55959192771149,6.33771869016203,2458.81573919384,43.0208467063922,6.82161753590326,13652040.0,12.6198129936818,1628000.0,2.847
GT,Guatemala,2008,25.1243459208619,1.89952208705823,3.29352400028485,2763.05988172926,40.0543846004484,11.355761126315,13935174.0,11.4940758820625,1715000.0,2.898
GT,Guatemala,2009,24.3678264820599,1.34627822535543,0.476898106596394,2611.64632773352,33.6728604918074,1.85910254733028,14215611.0,10.7798821237051,1311000.0,3.22
GT,Guatemala,2010,26.2254643341594,2.71030706792051,2.88417542800377,2805.25960237322,36.8997282404628,3.8595090983316,14500112.0,10.3860258746852,1384000.0,3.497
GT,Guatemala,2011,27.0677057848772,1.87038244023626,4.16390688293349,3168.98370607705,37.9793452571685,6.214123930671,14792126.0,9.67029683304015,1434000.0,3.169
GT,Guatemala,2012,25.267092636425,2.82256297187213,2.97470856847661,3286.61959336267,36.6923266987792,3.78180754679678,15089647.0,10.0118587523679,1491000.0,2.765
GT,Guatemala,2013,21.9981664670011,2.87216286478145,3.69476814623695,3444.15802275864,34.6870824337369,4.34337131279521,15387337.0,10.0077092042108,1516000.0,3.017
GT,Guatemala,2014,21.7443606885213,2.43302117698753,4.44397825774911,3689.14510410202,33.3389129283464,3.4183616966296,15681725.0,9.94162203910492,1739000.0,2.717
GT,Guatemala,2015,19.8299071093932,1.93508794944894,4.09217170075418,3893.50533299068,30.0635447457053,2.3887203283955,15971743.0,10.4233903506866,1865000.0,2.506
GT,Guatemala,2016,18.753087949948,1.28045862124744,2.6778031930216,4060.13784737643,27.6196464426206,4.44844199942827,16268760.0,11.1465467414657,1906000.0,2.583
GT,Guatemala,2017,18.4950394164293,1.39328931381397,3.0798512212244,4324.99768915601,27.5743640248619,4.42453655182546,16567357.0,11.7144999374258,2120000.0,2.462
GT,Guatemala,2018,18.1693258488802,1.25790065429015,3.40687328176345,4352.94593289707,28.8423594935889,3.75186186704508,16845685.0,12.8704296861911,2406000.0,2.283
GT,Guatemala,2019,17.6119727745274,1.51707073546928,4.01789830861587,4511.99839552697,27.9047614104306,3.69998398008605,17103803.0,13.8075410269222,2560000.0,2.193
GT,Guatemala,2020,16.3436118075967,1.29230382378627,-1.78555117570465,4477.61785000665,24.7971475931852,3.21444062197345,17357325.0,14.6751379764358,594000.0,2.965
GT,Guatemala,2021,17.6296569856584,4.19448571319716,8.04170398855833,4912.62240414681,31.6314924570096,4.26105127422813,17598650.0,17.8213863093606,,2.174
GT,Guatemala,2022,18.9517853338562,1.51665826758099,4.15492196609047,5356.92435887895,35.4973111273629,6.88512823344287,17847877.0,19.0404824285485,,3.051
GT,Guatemala,2023,16.6174908714024,1.58230175223989,3.52430434049013,5754.42833909847,31.7123069758568,6.20657592272126,18124838.0,19.1575563867358,,2.344
GT,Guatemala,2024,15.8834632887959,1.63228788754296,3.71558453779777,6150.89465281457,31.4218348560856,2.86992752918294,18406359.0,19.1179716140238,,2.613
HT,Haití,2000,7.35798043194839,0.194464980712557,0.870059259424892,820.600046761464,19.7955416317434,9.33322197565603,8303151.0,8.48307613976286,445000.0,8.443
HT,Haití,2001,7.0257750983534,0.0694886389960982,-0.342747883252144,748.821159844528,20.5441579207626,13.31672224251,8455918.0,9.84811943299703,499000.0,9.728
HT,Haití,2002,6.28442947052392,0.0918488613041635,1.05182013450109,720.969568042522,18.6552490054589,7.03287406224601,8607641.0,10.8874739699598,482000.0,11.008
HT,Haití,2003,9.27243551684809,0.272084819262136,3.48077973188326,578.995291079709,27.924907927616,28.6995777887374,8759912.0,15.9899122044632,518000.0,12.151
HT,Haití,2004,8.37501274392717,0.0969221359795515,-1.3178567596495,683.185298155273,25.4059576091787,21.0318339277222,8910263.0,15.302855347524,385000.0,13.415
HT,Haití,2005,8.60730926012051,0.369835650694654,3.07217337664731,775.845704056916,26.3577952437023,13.973008326384,9061273.0,14.0274963951975,480000.0,14.559
HT,Haití,2006,9.02116806690294,2.10244121995639,1.76875060288195,828.805700289589,28.0359023459967,11.3452152244299,9216562.0,13.9141942528881,558000.0,15.866
HT,Haití,2007,8.4436893222519,0.807269738778004,4.70652994008303,984.566983448521,25.8388596388774,6.55722772638066,9373296.0,13.2423552723956,868000.0,16.8
HT,Haití,2008,8.79139007136153,0.285633151798952,2.6580323082747,1094.66058421644,27.3536480740629,15.2817744823772,9530774.0,13.1290988116483,758000.0,16.204
HT,Haití,2009,8.91611581819929,0.478313239983432,5.89037894844316,1196.8528706018,24.1803840064115,0.393886040173341,9689581.0,11.8612273498359,826000.0,15.398
HT,Haití,2010,8.57028815816493,1.50093014768549,-5.65151153448299,1209.72733503094,36.1512359678808,4.82734190074673,9803294.0,12.4274041426186,793000.0,15.244
HT,Haití,2011,10.0831141670054,0.91476918408797,5.09821354410036,1312.03953552013,34.0804562349333,6.33279483849042,9914904.0,11.9255644590233,946000.0,14.506
HT,Haití,2012,9.65509365703807,1.13794476642421,0.502424403581585,1361.39396587374,30.6031478417748,5.01804155429246,10069771.0,11.7611409672879,959000.0,14.1
HT,Haití,2013,10.5162857583955,1.0865204500402,4.32478411472874,1457.83221179626,29.8162239978596,4.76502404779142,10222362.0,11.9509923558058,1064000.0,13.704
HT,Haití,2014,10.9748356235428,0.653599798370867,2.88877250863379,1460.18898613914,31.3766902836191,3.43816659958601,10373235.0,13.05241389516,1127599.97558594,13.808
HT,Haití,2015,11.767746984448,0.711667596569424,1.40000000859727,1411.12684746796,30.1779911327564,6.73184069658997,10523242.0,14.7852864304503,1190000.0,13.785
HT,Haití,2016,11.6019709432331,0.745596209929376,1.81246807847532,1318.40268167953,29.8089312729643,11.5029073942666,10671457.0,15.8295930130992,1153000.0,13.902
HT,Haití,2017,11.0034703442067,2.48360915333592,2.51027134544685,1395.23945184461,31.0710774426844,10.6800887242584,10817754.0,16.0280141652909,1262000.0,13.932
HT,Haití,2018,10.7808225917355,0.640093066153268,1.66781095484656,1496.38048970156,34.3577537109868,12.4814111170435,10962362.0,16.6739852493704,1333000.0,13.934
HT,Haití,2019,10.5576734334849,0.499464210439719,-1.72309699839232,1352.17204191532,34.0110453423444,18.7037825672506,11105163.0,17.9484096513974,938000.0,14.095
HT,Haití,2020,7.65100448067923,0.17231607778598,-3.30550546965893,1290.32538667383,29.7628756445846,22.7963113642528,11243848.0,22.4512536627714,,15.573
HT,Haití,2021,4.35213301018327,0.247164798843834,-1.79823988931486,1824.6798742577,29.0598696670291,16.8415240198785,11374586.0,19.2454738023594,,15.296
HT,Haití,2022,3.91430894905528,0.195958763168676,-1.68198396897978,1748.40890116803,25.8602985263172,33.98393194707,11503606.0,18.8820733039589,,14.54
HT,Haití,2023,3.19960218811037,0.1208234771512,-1.86388420254838,1681.84407667059,22.0482963060687,36.8135162780854,11637398.0,19.1763569676585,,14.459
HT,Haití,2024,2.19043620968954,0.0824597396111034,-4.18495104762965,2060.35591768638,16.4643255688329,26.9490564091987,11772557.0,16.9486338151218,,14.609
HN,Honduras,2000,53.972182998888,4.8698431531529,9.61221879337278,1092.56400746252,66.4199815853478,11.0480349344976,6577773.0,6.60250645825481,689000.0,3.883
HN,Honduras,2001,51.3817002306282,4.04940697578742,2.72319327321379,1132.1648753329,64.5613715073255,9.67415556864781,6757993.0,7.9784156429783,672000.0,4.0
HN,Honduras,2002,52.730582054494,3.6562173778393,3.75433786119939,1132.49965345317,65.2668723958051,7.6905097203429,6938859.0,10.1981792127611,788000.0,4.02
HN,Honduras,2003,54.0940274951722,4.74055553954205,4.54703805165397,1156.08162681357,68.154249680362,7.67416639397743,7119213.0,10.51455531516,887000.0,5.3
HN,Honduras,2004,58.4229834527808,6.67606399673031,6.23230296069102,1215.13995412761,77.0387752890733,8.11379097093383,7298994.0,13.1814704759739,1026000.0,5.99
HN,Honduras,2005,59.0058417153113,6.16028277171203,6.05059922215973,1304.70039153826,77.4839263031749,8.80906074819817,7478355.0,18.5015124633633,1118000.0,4.909
HN,Honduras,2006,56.0546420538277,6.57287305327357,6.56724355177587,1425.84780051892,77.0771930504925,5.57775207654292,7656832.0,21.6026915899283,1136000.0,3.574
HN,Honduras,2007,53.5090115392915,7.82223281251053,6.18832716678008,1577.73789197407,81.5616233786251,6.93621470895786,7834798.0,21.1438409427367,1309000.0,3.211
HN,Honduras,2008,51.3252766875914,8.65020371949481,4.23160011009342,1732.49062702803,84.4236785054621,11.4034270813932,8012587.0,20.324150822379,1561000.0,3.156
HN,Honduras,2009,39.5302508197518,3.38987200238321,-2.43162787988011,1781.15703614674,57.3747551991386,5.49634273772203,8189899.0,16.9826205436393,1589000.0,3.292
HN,Honduras,2010,45.7589061967483,3.83460574737835,3.73114034433009,1893.32722662035,63.6829320449336,4.69889064976232,8365878.0,16.5278735126143,1965000.0,4.119
HN,Honduras,2011,51.2576866755535,5.88681418228473,3.83569066207505,2073.66121088074,70.9592159217832,6.7622795731476,8540583.0,15.8698406825036,1852000.0,4.474
HN,Honduras,2012,50.9027988216362,5.83610988955542,4.12868774866939,2126.03474686503,70.2854169866486,5.19618615531848,8715076.0,15.7614551051777,1903000.0,3.755
HN,Honduras,2013,47.9414903194725,5.77862113948416,2.79155975746801,2081.12843527945,68.3645589279634,5.16189898581494,8889278.0,16.7474848196542,1857000.0,5.646
HN,Honduras,2014,47.5626547300206,8.62899693066618,3.0580805621437,2179.88171977271,65.4124425546899,6.12924930313031,9063122.0,17.055189798725,2082000.0,7.078
HN,Honduras,2015,45.1667574562581,6.27594328427599,3.84007997093951,2271.20265980349,62.097647897982,3.15783117980915,9237305.0,17.4749176819329,2093000.0,6.147
HN,Honduras,2016,42.7141047814182,5.28156973350556,3.89297219726413,2307.34468351082,57.1016121691742,2.72461223295289,9412380.0,17.790816103454,2228000.0,6.727
HN,Honduras,2017,43.0938548370178,4.10592046689605,4.84291391050387,2413.0076562942,58.7192562426045,3.93436084442037,9588137.0,18.6839353350606,2144000.0,5.528
HN,Honduras,2018,41.4548165613247,5.99386120691106,3.84499476966735,2464.64241531918,62.0963456541272,4.34734937777536,9765210.0,19.846249991541,2323000.0,5.648
HN,Honduras,2019,40.2185209903792,3.83846408231678,2.55963434592314,2502.32744328073,59.2410142548624,4.36587159819274,9943633.0,21.7081290113686,2315000.0,5.698
HN,Honduras,2020,35.8751401030378,1.0106822391556,-8.96508223267296,2307.61494319511,52.1257162805914,3.46841177951171,10119640.0,23.9319582167015,669000.0,10.982
HN,Honduras,2021,39.3653983599255,2.84361329738544,12.5652843771279,2735.14751503977,64.0072450999929,4.48087963413446,10289877.0,25.5945914762165,,8.506
HN,Honduras,2022,42.4391817948962,2.41292398026651,4.14356194013767,3003.28996826399,70.2593431190701,9.08963911525032,10463872.0,27.0011044721289,,8.774
HN,Honduras,2023,37.3686804713719,1.68381240542467,3.57584760454412,3227.45762509776,61.4232993622646,6.66325180347463,10644851.0,26.1039039273527,,6.07
HN,Honduras,2024,33.9216124364928,1.29157460831069,3.63240745450875,3415.96027916712,57.7477993509193,4.60621098127101,10825703.0,25.743791487013,,4.91
MX,México,2000,24.2311734681303,2.47719212470142,5.02928399378261,7524.0271380091,25.6792357191195,9.49156149435403,98625552.0,1.01403249008326,105673000.0,2.646
MX,México,2001,21.5412102050357,3.77607805696573,-0.450845253215945,7952.76479510706,23.1988988072816,6.36773806235037,100099099.0,1.27455273359175,100718000.0,2.627
MX,México,2002,21.8517619236376,2.48685750053046,-0.236588001922641,7983.03398381759,23.3580673360145,5.03072733151295,101548624.0,1.36054139637086,100153000.0,3.003
MX,México,2003,23.6555935033272,2.37188032037657,1.18554486709559,7434.07465031562,25.0448233657183,4.54690012118718,102978515.0,2.17538855849346,92330000.0,3.455
MX,México,2004,25.1033560080055,3.06821035154364,3.56544102622887,7849.66759649565,26.9372640255577,4.68840884843143,104394131.0,2.42376280545687,99250000.0,3.937
MX,México,2005,25.4870738310602,2.74220134246066,2.11324711473297,8671.75891798441,27.0755708259848,3.98805714597437,105811504.0,2.47848065879594,103146000.0,3.558
MX,México,2006,26.5547481705759,2.16893035275929,4.80501351664901,9512.63575346699,27.927367918041,3.62946762439132,107253666.0,2.60156038099559,97701000.0,3.566
MX,México,2007,26.7810613301488,2.81398718042151,2.0778639395329,10134.3327129706,28.477463068888,3.96684905458235,108774360.0,2.49619834709178,93582000.0,3.628
MX,México,2008,27.02006122825,2.56307995857491,0.943331872912935,10523.7685427665,29.3452206449273,5.12498274575896,110374288.0,2.33150871646991,92948000.0,3.874
MX,México,2009,26.5132697253683,2.08311648643152,-6.29525056697287,8423.56933148639,28.0784724102639,5.29735584228856,111999721.0,2.42656562239456,88044000.0,5.356
MX,México,2010,29.0174601175767,2.76223720236461,4.9713345832195,9728.80078307432,30.2559244160519,4.15672722680174,113623895.0,2.05963610276583,81953000.0,5.303
MX,México,2011,30.4429662274867,1.9442261568419,3.44404505297089,10664.4944032313,31.7194210489631,3.40737824605742,115243504.0,1.96824777394668,75732000.0,5.175
MX,México,2012,31.5394503933211,1.45258915061197,3.55321076010608,10744.1335236186,32.7184815005778,4.11150981070289,116818208.0,1.91669184908156,76749000.0,4.892
MX,México,2013,30.7558005807208,3.83670268116194,0.852101550164704,11216.800851866,31.9358741854644,3.80639069747204,118343573.0,1.80619576703496,78100000.0,4.921
MX,México,2014,31.4629921982533,2.08415748539387,2.50376350783593,11391.3773503964,32.6354168333342,4.01861608078679,119784261.0,1.87295707028152,81042000.0,4.819
MX,México,2015,34.1627726891004,2.98783786611186,2.70232343024026,10021.2386113616,36.2502019908254,2.72064064964023,121072306.0,2.21091481764298,87129000.0,4.311
MX,México,2016,36.8156772514808,3.49768027047347,1.7724932254128,9097.92397674769,38.8746261573743,2.8217078474766,122251351.0,2.63693007782724,94853000.0,3.853
MX,México,2017,37.514088621552,2.78307493364523,1.87172854648381,9649.27816729586,39.4380374225879,6.04145724018986,123400057.0,2.76495197169518,99349000.0,3.419
MX,México,2018,39.0439304387032,3.0141785043816,1.97208211101069,10084.7937570364,41.1687312115588,4.89935015356551,124573711.0,2.90745049946994,96497000.0,3.275
MX,México,2019,38.5296507889335,2.29651449559824,-0.392690513290532,10369.5553593527,38.9323214620124,3.63596142127046,125762982.0,3.05446883203451,97406000.0,3.477
MX,México,2020,39.2353720952982,2.81400875229273,-8.35403459379062,8841.27074929751,37.6191836198755,3.39683415570006,126799054.0,3.92284685532164,51128000.0,4.44
MX,México,2021,40.5691931964594,2.70530313479407,6.04848347173572,10314.0506733708,42.500104429993,5.68920847683753,127648148.0,4.18261481427367,,4.019
MX,México,2022,42.9322902148243,2.67267286267437,3.70975708309098,11405.7940469896,45.8661953749018,7.8962761916855,128613117.0,4.18953324638892,,3.256
MX,México,2023,36.1479343675069,1.7099038174861,3.1067964131456,13830.843848864,37.5911414580596,5.52796087314389,129739759.0,3.69134338108489,,2.765
MX,México,2024,37.2836162309013,2.48429388161511,1.35057631384696,13988.0423745241,38.1422853106055,4.72225588452932,130861007.0,3.69507286315508,,2.678
NI,Nicaragua,2000,20.1081658866931,5.21568567857809,4.10159025073438,1017.3124434882,41.1903315733091,7.06991352252517,5022633.0,6.26273702493429,581000.0,7.181
NI,Nicaragua,2001,19.0419108824493,2.80655753554232,2.96084349057273,1051.874235891,38.9382206647775,5.98604186279518,5087825.0,6.27271214834592,584000.0,7.222
NI,Nicaragua,2002,18.8471358845682,3.90334311480045,0.753938876079573,1014.3339042591,39.2441485235103,3.75017465778466,5149909.0,7.20749721786351,579000.0,7.517
NI,Nicaragua,2003,20.704998914845,3.78225034215297,2.52073289551447,1021.35216668794,41.4700669729064,5.30238773219936,5210963.0,8.24466691573136,646000.0,7.6
NI,Nicaragua,2004,23.0598557398256,4.31560328721207,5.31217056950739,1098.62118662335,44.1354610401784,8.47021063584077,5272912.0,8.95573994162249,735000.0,6.41
NI,Nicaragua,2005,24.3821308946094,3.81407422484717,4.28239833770654,1183.30214010175,47.2635928126897,9.59909986064425,5342105.0,9.74004769903941,804000.0,5.37
NI,Nicaragua,2006,31.2666288650856,4.24030000066427,4.15294559846254,1248.17371577788,56.0430419669934,9.1401996677772,5418855.0,10.3124450852975,891000.0,5.31
NI,Nicaragua,2007,33.0635730423674,5.14186605474194,5.0763520180987,1350.38145753377,59.9621571869656,11.1269347446118,5497243.0,9.96312322265429,978000.0,4.89
NI,Nicaragua,2008,34.4704620011048,7.38263377911966,3.43571693608081,1523.68437086409,62.3235227291007,19.8262031287429,5576593.0,9.64932478160403,1011000.0,6.2
NI,Nicaragua,2009,33.9814942096139,5.22852820149836,-3.2926651586197,1467.08288052845,53.0121162357305,3.68700160498797,5656601.0,9.28217394241574,1010000.0,8.16
NI,Nicaragua,2010,40.4671151559929,5.59335824334059,4.41009911716546,1526.56706951408,59.8969432679261,5.45513425887423,5737450.0,9.41702771812067,1071000.0,7.83
NI,Nicaragua,2011,45.0169781525763,9.5791738556055,6.31668553491842,1679.71192084633,66.8104757834228,8.082387980991,5819051.0,9.34693285750421,1122000.0,6.613
NI,Nicaragua,2012,47.4691755587782,7.36516075625111,6.4961364710876,1784.69836017555,67.7081129154196,7.1935505333896,5901287.0,9.64962340670105,1233000.0,5.208
NI,Nicaragua,2013,45.2142694902064,8.78722600899979,4.92709413447304,1835.43996363715,65.7699383901753,7.13546785289407,5983845.0,9.84522586626409,1273000.0,5.28
NI,Nicaragua,2014,45.008072249634,9.06363827053251,4.78546013589983,1958.37047579547,61.6901279411621,6.03596861798425,6066492.0,9.59728859218162,1390000.0,4.52
NI,Nicaragua,2015,40.0837782888412,7.58033255797744,4.79226768332697,2074.45620634731,58.1103863053949,3.99737996694396,6149417.0,9.38722671993586,1456000.0,4.7
NI,Nicaragua,2016,38.8820263906579,7.44462628012218,4.56314739524967,2131.68704828322,54.9317014223508,3.52317317628473,6232666.0,9.54456635913753,1596000.0,3.9
NI,Nicaragua,2017,41.338969262606,7.51057620596971,4.63120757580209,2182.61380995674,55.0416171725122,3.85067166284727,6316231.0,10.1168636608711,1958000.0,3.3
NI,Nicaragua,2018,42.2771474372665,6.43060058137235,-3.3633566598573,2035.16549390507,51.7075930552738,4.94723728039886,6400080.0,11.5529700989125,1412000.0,5.2
NI,Nicaragua,2019,44.8044297851925,3.96093444094211,-2.89686986728901,1958.62051528095,49.2377861394288,5.37628990844126,6483657.0,13.2797611157152,1455000.0,5.457
NI,Nicaragua,2020,41.7461005411755,5.86574902695673,-2.23654176262323,1938.44704754382,46.8920225817213,3.68181341625572,6565267.0,14.575973804427,474000.0,6.18
NI,Nicaragua,2021,46.4042462306705,7.36996671682569,10.4543887816515,2138.38573878237,59.8031518362997,4.92841396948968,6644741.0,15.1305304091898,,6.076
NI,Nicaragua,2022,49.895771373158,8.23239594861789,3.55027477135765,2322.89069619459,65.558899558761,10.4674244465991,6730654.0,20.6414328376813,,4.969
NI,Nicaragua,2023,45.8658095323572,6.25581191942426,4.42779393186883,2609.44491147975,59.1537260474944,8.38765854872536,6823613.0,26.1841026231544,,4.698
NI,Nicaragua,2024,40.986351560247,6.86575238184716,3.58094495324541,2847.87639497305,58.1597135297009,4.62473841057141,6916140.0,26.632397170907,,4.98
PA,Panamá,2000,68.9601167325743,6.9176468268032,4.20900547865375,3975.09308659503,70.2378181350816,1.49896111605778,3010369.0,0.137049296882789,600000.0,6.188
PA,Panamá,2001,68.7000854646216,4.9522944609476,0.949908149985234,3991.7767076924,66.8842656537739,0.307062436028722,3069537.0,0.596593152760827,737000.0,6.293
PA,Panamá,2002,62.8290573143366,1.93034036728479,2.50884372716125,4090.58617397129,63.1954251355142,1.00583090379039,3129344.0,0.660893545415999,800000.0,6.302
PA,Panamá,2003,58.1335706161728,7.72303743989763,5.09686030493801,4264.66428846636,59.1339083244728,0.391666666666709,3189807.0,0.785094611251729,897000.0,6.303
PA,Panamá,2004,60.576824415491,8.46279991168861,8.17565333965649,4644.56582353041,64.1849321049543,0.474723078204362,3251155.0,0.721182338510751,1004000.0,6.097
PA,Panamá,2005,68.2355959083914,6.64344440768547,8.27618334503531,5017.7410922824,70.9755691783328,2.85588324760957,3313026.0,0.779600140561424,1070000.0,5.967
PA,Panamá,2006,69.1942342226276,15.7789064536681,9.85723870564752,5528.76705469354,72.2783370587819,2.45789346442102,3375024.0,1.61042060568803,1215000.0,5.792
PA,Panamá,2007,71.9791727879009,10.2406206022371,13.1530653782933,6317.81730274124,76.6864283016716,4.1686330029888,3437490.0,1.63601281473689,1428000.0,5.665
PA,Panamá,2008,78.2985921255699,9.29189970284583,10.1974325907958,7347.59050324397,86.2876940102004,8.7586831772878,3500648.0,1.46959752622415,1575000.0,5.639
PA,Panamá,2009,69.9648088440032,3.90591048455581,1.61186405976055,7796.92617035048,67.0812127666744,2.40905304082201,3564381.0,1.21261338857237,1562000.0,5.857
PA,Panamá,2010,70.025242127624,8.43207038785787,6.07339353106087,8331.46421351868,75.4234766788056,3.49128872618809,3628535.0,1.35622331765004,1726000.0,5.845
PA,Panamá,2011,77.7456721038553,12.31683544373,11.9088772249531,9662.29592216607,80.4627232429577,5.87580243678763,3693505.0,1.03172691108868,2004000.0,4.03
PA,Panamá,2012,74.5443157318036,8.13045858967083,9.62729346439019,11064.8063606203,78.6643046352987,5.69819959165993,3759256.0,0.987848675151762,2086000.0,3.691
PA,Panamá,2013,64.5610772417975,8.09167357098281,6.32435388662846,12273.3225037637,68.5104916939844,4.02715991571061,3825329.0,0.982758143103835,2202000.0,3.674
PA,Panamá,2014,54.8890820412486,9.69216526905834,4.62581375565551,13213.1989637473,60.0815228858041,2.62652699929143,3892101.0,1.47081971942776,2305000.0,4.391
PA,Panamá,2015,47.3866198943049,9.17966898468326,5.26691719595516,14082.6548502728,49.1925374485908,0.137492058461588,3960035.0,0.993763317506586,2553000.0,4.335
PA,Panamá,2016,41.7407554754564,8.78226077131318,4.57196707937275,14832.3611608191,42.6552163983547,0.73973402529995,4029086.0,0.84088232821862,2379000.0,4.717
PA,Panamá,2017,41.4710106917443,6.34573158944271,5.7440594635578,15694.6297454295,42.576526548549,0.875585918759963,4098707.0,0.82912336810086,2517000.0,5.338
PA,Panamá,2018,42.3471044929045,6.39404563819442,3.91824253321265,16151.3273478476,43.78385701834,0.761578359399945,4167860.0,0.799027587188795,2487000.0,5.161
PA,Panamá,2019,40.2141745207689,6.71350419888271,3.10295395631086,16477.9066285687,40.2144760441879,-0.355083821021246,4234700.0,0.832419781313777,2494000.0,6.256
PA,Panamá,2020,36.269088105591,-2.85980025219661,-17.8211174074602,13290.5608347594,32.431335405012,-1.55027540803761,4293261.0,0.67742590721831,647000.0,14.663
PA,Panamá,2021,41.6067039493249,2.71982266279312,16.4669992022652,15509.8069109784,38.5267595739638,1.63070337301898,4345405.0,0.840846144368929,,10.177
PA,Panamá,2022,48.0265978360198,3.09254919376261,11.0386022908773,17378.6070083597,45.4486710192298,2.85965128834711,4400773.0,0.688288624172831,,8.086
PA,Panamá,2023,45.6292440025453,3.26384312723174,7.16634016390665,18797.1933894611,42.7196665144342,1.48641355277038,4458759.0,0.615281967406083,,6.544
PA,Panamá,2024,44.3578422661429,2.41063281860388,2.74784148771307,19161.218843129,39.3159365958787,0.69322555100446,4515577.0,0.61438608714797,,8.451
PY,Paraguay,2000,43.3309260294934,1.21729436901028,-2.31414056819045,1736.11729210765,35.3138037316551,8.98215976750022,5100868.0,1.7130199979486,3924000.0,7.61
PY,Paraguay,2001,40.6425889608269,1.16763488895181,-0.834054716746095,1637.68615122932,31.963110050997,7.26806028584825,5187689.0,1.64787181908521,3550000.0,6.206
PY,Paraguay,2002,47.4750765387374,1.25620797120523,-0.0214043949985694,1367.76506935997,31.9664891095553,10.5102420856612,5261328.0,1.3715456499774,3194000.0,9.393
PY,Paraguay,2003,47.1446575963153,-0.750191694990596,4.32074548551591,1443.99885236205,33.982706173801,14.2367970499143,5326436.0,1.4236740138903,2859000.0,6.814
PY,Paraguay,2004,45.6878246718486,0.976461922292792,4.05741836363771,1786.21533938543,34.4166219437055,4.32326492967491,5388175.0,1.3715082491051,2589000.0,6.513
PY,Paraguay,2005,47.5935921119847,0.067986029076693,2.13349066459601,1970.87169852378,37.428371542061,6.80738203116377,5448097.0,1.50221184795487,2648000.0,4.825
PY,Paraguay,2006,46.2930851780555,1.39842122336644,4.80711719268376,2439.43124694576,38.4404461267571,9.58934941129229,5505148.0,2.5019676839783,2830000.0,5.277
PY,Paraguay,2007,43.374929155941,0.588024684579866,5.42162287218235,3211.93621659546,35.6262082643558,8.13047417698577,5559386.0,1.90848171580223,3005000.0,4.713
PY,Paraguay,2008,42.4383687094115,1.83503669212202,6.4962921197091,4384.9546943793,38.3392059478565,10.1547846489023,5613574.0,1.4731913743804,3118000.0,4.415
PY,Paraguay,2009,38.0972540491829,0.860674450934745,-0.261137328080281,3941.84815479271,32.7447278132603,2.59194673430567,5671236.0,1.68775418813293,3183000.0,5.46
PY,Paraguay,2010,42.1398416256059,2.76173378510787,11.0952312685521,4750.96273669322,39.1176817490668,4.65116279069765,5737971.0,1.50356446194434,3171000.0,4.569
PY,Paraguay,2011,40.238859668619,1.95875255092885,4.28637120702282,5805.40154543044,38.2532641803157,8.2539682539683,5814626.0,1.60168910920421,3365000.0,4.67
PY,Paraguay,2012,37.995519198228,2.61172771954633,-0.708043112316886,5642.1699167298,36.7694382578514,3.67591897974496,5897008.0,1.90581120158975,3655000.0,4.085
PY,Paraguay,2013,38.7136655822512,1.13236628162492,8.29307648940471,6435.68342733182,34.6562058018563,2.68385738718582,5982445.0,1.61886190670116,3538000.0,4.385
PY,Paraguay,2014,35.4644118987732,2.51353754605074,5.30123864473624,6652.25478942291,33.6193130643613,5.02882767456766,6069811.0,1.25474487879368,3455000.0,5.034
PY,Paraguay,2015,34.734658699956,2.22350808882673,2.95715168367079,5879.33792308671,32.1804068260013,3.12900274473925,6159103.0,1.52890986973172,4102000.0,4.556
PY,Paraguay,2016,37.1432329052059,2.27032682691816,4.26802583314583,5775.1596339946,30.6160823269988,4.08682280577241,6249126.0,1.82007164354988,4318000.0,5.255
PY,Paraguay,2017,38.1692845403814,1.94681321407537,4.81007885554041,6152.26711537703,32.9108498634563,3.60247741348943,6338660.0,2.15242904686494,4744000.0,6.138
PY,Paraguay,2018,36.8532235364332,0.787454987833175,3.20425034076639,6258.44991640954,35.2160000894818,3.97561015740694,6427382.0,2.11993649032651,4183000.0,6.217
PY,Paraguay,2019,36.0872909434467,1.28022785728037,-0.40185510068001,5821.18199548637,35.1348707907966,2.75709727562775,6515058.0,2.17286084690711,4368000.0,6.595
PY,Paraguay,2020,33.2706269850168,0.816723740272233,-0.819785390971916,5365.47220721191,29.4895904898392,1.76751592356698,6603739.0,2.13482355166193,1077000.0,7.548
PY,Paraguay,2021,35.4652163043306,1.46244749899002,3.99461510731535,5974.9057185863,34.2667963783853,4.787983101236,6684182.0,2.06573736480272,,7.311
PY,Paraguay,2022,34.4000035331202,2.0438895221054,-0.0280771723899278,6189.10205375331,39.4736276112918,9.76556667164402,6760464.0,2.07604879712509,,6.755
PY,Paraguay,2023,42.257662716231,2.57700191370443,5.28584584975323,6303.26495017292,40.3200625134206,4.63202285403356,6844146.0,2.15770321691504,,5.794
PY,Paraguay,2024,37.7135431058066,2.45295029321833,4.66914577981763,6456.60723068562,39.3808953481131,3.83540271728533,6929153.0,2.54020481421082,,5.686
PE,Perú,2000,16.7683737208169,1.56479019339424,2.69437139806912,1945.41338451698,18.7696584415009,3.75733833344474,26598331.0,1.38693075533602,,4.959
PE,Perú,2001,16.6013795219337,2.19922450158059,0.617892325624297,1929.57273038846,18.4630219090874,1.97709878502053,26964601.0,1.4476439380523,,5.068
PE,Perú,2002,17.2748078529874,3.93562084538866,5.45352893818767,2007.37019626753,17.9743734787821,0.193135003853722,27288217.0,1.28772179077061,,4.84
PE,Perú,2003,19.0146669472489,2.27308642513175,4.16502313666112,2129.44114197634,18.6099433778513,2.25937753363072,27580490.0,1.47877535639654,,4.15
PE,Perú,2004,22.91223375085,2.39489207548148,4.95820320611745,2397.25147277714,19.0238445170772,3.66247320092233,27852190.0,1.6964738424159,1650000.0,4.71
PE,Perú,2005,26.8487611117093,3.39034816926813,6.28506032509601,2706.66947297608,20.5085563651301,1.61630193862544,28101180.0,1.89331588408079,1938000.0,4.87
PE,Perú,2006,30.536636453521,3.91065680458787,7.5288990440594,3129.55996496982,21.2484195803232,2.00225801248819,28324491.0,2.0729107456208,2227000.0,4.17
PE,Perú,2007,31.5221165305465,5.37428655925625,8.5183877690955,3581.0893081917,24.165996753135,1.77998644680372,28530699.0,2.08553802579695,2451000.0,4.08
PE,Perú,2008,29.7276302098838,5.74335697642786,9.1265683014642,4197.58444634142,28.7061371800215,5.78587598206755,28719041.0,2.02706961928358,2581000.0,4.03
PE,Perú,2009,26.4420527390278,5.32237544034606,1.0958236592427,4181.18755462253,21.669876876324,2.936231535967,28896811.0,1.99357606247792,2681000.0,3.96
PE,Perú,2010,27.8261641521747,5.73087732837535,8.33245910749577,5072.11494019615,23.8466447848286,1.52832059732901,29086019.0,1.71758394083601,2948000.0,3.6
PE,Perú,2011,30.5027597563889,4.47262658184166,6.32719240161117,5861.35793645245,25.4855205274718,3.36931095333853,29304086.0,1.57017608748452,3299000.0,3.477
PE,Perú,2012,27.4496143710972,7.36173683394684,6.13972470560435,6519.37852981527,25.1702808921321,3.61121294940163,29550366.0,1.47367128502939,3642000.0,3.238
PE,Perú,2013,24.8082994208508,4.75734900182415,5.85251821084928,6746.80025696601,24.9788430262935,2.76789666082002,29817919.0,1.36617622391414,4010000.0,3.575
PE,Perú,2014,22.6069703758151,2.12302965027806,2.38215737180541,6667.13410360861,24.2461507154749,3.41194579807465,30115826.0,1.33950365096341,4062000.0,3.208
PE,Perú,2015,21.2873252858958,3.90315707606412,3.25224477218451,6231.71150338894,23.875443403219,3.39809194746308,30457600.0,1.45677840371066,4381000.0,3.272
PE,Perú,2016,22.6003137409908,3.66247550178788,3.95331871520767,6217.03599995447,22.7885274554247,3.55717663556279,30866494.0,1.53367517529191,4718000.0,3.741
PE,Perú,2017,24.7198719746973,3.65967264603654,2.51883544233135,6736.16693725487,22.7936783872998,2.99490045809443,31324637.0,1.47518841959064,4992000.0,3.691
PE,Perú,2018,25.1921846722472,2.78225210860643,3.969351341365,6978.49121548627,23.4392854994888,1.50915423024742,31897584.0,1.45298846911572,5384000.0,3.492
PE,Perú,2019,24.0390874349068,2.25881990677455,2.24063176875049,7037.00803692604,22.9044179405342,2.25212191358027,32449303.0,1.4646873478317,5275000.0,3.379
PE,Perú,2020,23.0114431429931,0.464940476173709,-10.9333065010382,6133.32552410183,21.2345240547509,2.00241205759292,32838579.0,1.44323462669192,1119000.0,7.179
PE,Perú,2021,29.225876726221,3.15463147592016,13.4166456126513,6828.53422535638,26.1824464676564,4.27166381536798,33155882.0,1.59356371233468,,5.097
PE,Perú,2022,28.8196452516984,4.6280339832618,2.81819976419922,7353.74598721667,28.4530550594954,8.33370630096231,33475438.0,1.50741651149215,,4.291
PE,Perú,2023,27.1701618135233,1.64334960973353,-0.350699814345759,7919.04634828547,23.736868907826,6.45561348369586,33845617.0,1.65910444690938,,4.899
PE,Perú,2024,28.8839339520309,2.29780708272736,3.5152749274832,8526.29665719783,22.7972140350108,2.00770739412712,34217848.0,1.69108666823012,,5.199
DO,República Dominicana,2000,35.4978251417642,4.0689908919589,4.65172550299128,2831.45883638033,43.8025679543791,7.72413566181616,8584190.0,7.56527851580792,3161000.0,6.432
DO,República Dominicana,2001,31.8906200886267,4.24930666375932,2.46937023763239,2935.89367312668,38.6199477193794,8.88306848812961,8720283.0,7.74085480856533,3090000.0,7.262
DO,República Dominicana,2002,30.724010155589,3.41225986375611,4.48650367045651,3065.60329524196,37.9992727472887,5.22336769759447,8852235.0,8.08587669442767,3058000.0,6.779
DO,República Dominicana,2003,42.1529981602708,2.88055489904245,-1.34935744782766,2383.26171780393,42.2965050258884,27.4497127394395,8980620.0,10.8647468285944,3680000.0,6.938
DO,República Dominicana,2004,41.1474766418853,4.18629057899448,2.58556667449577,2451.69161616569,40.2039462963058,51.4608598338065,9104892.0,11.2048946967094,3907000.0,6.303
DO,República Dominicana,2005,28.3311381514539,3.12598170087694,9.43178931977285,3878.31206735244,33.3224205843488,4.19020260472056,9225034.0,7.60029456457848,3981000.0,6.587
DO,República Dominicana,2006,28.2249162691947,4.0356569620282,9.17120650955299,4055.14270347371,35.5415663659558,7.57280523853074,9341183.0,8.0618101855444,4268000.0,5.654
DO,República Dominicana,2007,26.7620220119612,5.12424998266344,7.41840577774235,4649.64558875814,34.4672371412028,6.14356655248047,9455658.0,7.72652012566368,4365000.0,5.158
DO,República Dominicana,2008,23.9483515015273,5.67335967834237,3.26808671288212,5023.58513403515,37.4801543310121,10.6446210953712,9573130.0,7.49717721751335,4455000.0,4.764
DO,República Dominicana,2009,21.0931826103163,3.51548540591409,1.00345293018719,4973.95186999952,29.5577550688862,1.44215131834353,9695265.0,7.0809461544121,4489000.0,5.467
DO,República Dominicana,2010,22.7751186165488,3.38320513554667,8.40114541209596,5478.62470398954,33.2822778009833,6.32993220146146,9820175.0,7.22476560920223,4478000.0,5.212
DO,República Dominicana,2011,24.3269602141381,3.79217588020774,3.19196227475523,5826.51014109195,34.7422976260316,5.79676809206533,9945621.0,7.31807975208052,4654000.0,6.087
DO,República Dominicana,2012,24.7666213993906,5.64036946601582,2.77567100848816,6013.81965002603,33.7396322737183,3.69449707884777,10070411.0,7.03762367197693,4901000.0,6.722
DO,República Dominicana,2013,25.3838177066263,2.55757225532805,4.93473300709881,6136.59429329301,31.4299480948682,4.830950967408,10193833.0,7.17044212217886,5114000.0,7.351
DO,República Dominicana,2014,25.4069026925032,3.55938801753347,7.11122629673892,6496.45166971142,30.2532014581601,2.99864226125219,10315528.0,7.17816631851046,5576000.0,6.719
DO,República Dominicana,2015,24.0368347236543,3.13851060913817,6.98771131236387,6800.95309395474,28.3102891430464,0.836746346724557,10434829.0,7.32201716302417,6129000.0,7.605
DO,República Dominicana,2016,24.1938670386292,3.33024928523507,6.71974078681295,7160.44200982307,27.5367900859185,1.61416607245223,10551430.0,7.29078540709387,6769000.0,7.284
DO,República Dominicana,2017,24.1797519638034,4.55025610026855,3.93386176401576,7412.71571571512,26.5797835870437,3.27955694678546,10666843.0,7.81304987249201,7296000.0,5.832
DO,República Dominicana,2018,23.993089643769,3.22902365102652,7.09751640210159,7882.98221584944,28.3420813139322,3.56443426013508,10782053.0,8.02132065789888,7551000.0,5.861
DO,República Dominicana,2019,23.325332586795,3.17366550445317,4.8940301149584,8183.01623600375,27.587649613902,1.81060377042959,10894043.0,8.32408533944056,7550000.0,6.356
DO,República Dominicana,2020,18.7972072415048,3.13265976088131,-7.92905234231061,7135.22273255899,25.9359541051708,3.78103179915517,11008300.0,10.6071966446228,2748000.0,6.126
DO,República Dominicana,2021,21.5282997986043,3.53154938314388,14.0124289062207,8527.0754858205,30.4217229317071,8.24300347981809,11123476.0,11.3260079151082,,7.702
DO,República Dominicana,2022,22.0261866198241,3.56897046352612,5.23795652902595,10104.2464008585,32.3520110514603,8.81109209279587,11230734.0,9.05734205460934,,5.504
DO,República Dominicana,2023,21.3233165320401,3.94375586800192,2.19229848237939,10630.431743829,28.5202966444017,4.78561281021135,11331265.0,8.81581566434817,,5.555
DO,República Dominicana,2024,22.7679273981921,3.6013993607877,4.95352204492849,10875.6618443092,29.0155869970404,3.30223338951227,11427557.0,9.13243878213105,,5.312
UY,Uruguay,2000,16.6980989454195,1.15156587871402,-1.92993063549235,6987.70098766257,20.0156392053707,4.76382472733251,3266206.0,,2236000.0,12.627
UY,Uruguay,2001,16.8046592733471,1.48526947201505,-3.84412995940374,6382.76104740859,19.5048533701585,4.3593406521727,3274251.0,2.88918074404212e-05,2136000.0,15.052
UY,Uruguay,2002,20.6216724821799,1.32180928215272,-7.73200721540044,4149.76140312687,19.40739482538,13.9724725913515,3278867.0,0.264968642487607,1354000.0,16.648
UY,Uruguay,2003,27.4324201365808,3.34326299269857,0.805283915893824,3671.12329256883,24.3267794460664,19.3797301743995,3281186.0,0.512661024648079,1508000.0,16.661
UY,Uruguay,2004,32.1122956028892,2.57711736584849,5.00416035564457,4168.66065438387,29.364392483135,9.15760507540997,3283148.0,0.510700586359985,1871000.0,12.98
UY,Uruguay,2005,30.4040198202399,4.76089085880271,7.4601321302473,5284.25677987129,28.4736765053376,4.6992773903564,3285771.0,0.44198018204895,1917000.0,12.009
UY,Uruguay,2006,30.2975044020751,7.64053554410063,4.09857735445401,6001.33294783172,31.6740701145125,6.39764974385131,3289506.0,0.450497566369658,1824000.0,10.844
UY,Uruguay,2007,29.0904872479399,5.70951115694377,6.54151084504817,7222.05403645877,30.1199605894696,8.11464561179313,3295153.0,0.405399277911785,1815000.0,9.403
UY,Uruguay,2008,30.2030239718046,6.88302281006264,7.17614466455107,9423.96562595893,35.0050710353775,7.87707374730888,3302177.0,0.346765354298287,2255000.0,8.025
UY,Uruguay,2009,27.0992157546178,4.89964589428753,4.24349419462426,9881.39573127081,26.2952035137558,7.06221874388574,3310091.0,0.30901312831289,2303000.0,7.74
UY,Uruguay,2010,26.3429945409681,5.22300143125049,7.8034096507169,12641.0576849008,25.3560426602576,6.69870886978132,3318580.0,0.297711381718448,2708000.0,7.158
UY,Uruguay,2011,26.4221494211811,5.34359480768242,5.16213302463606,15132.2675725587,26.8248845897207,8.0928320630299,3326825.0,0.255919432671405,3244000.0,6.307
UY,Uruguay,2012,25.9196294244279,11.7901578728278,3.53817872056869,16259.5940814256,29.1415247389489,8.09776580573602,3335401.0,0.168907169778097,3155000.0,6.451
UY,Uruguay,2013,23.3531364247538,1.60901257578737,4.63753862902416,18335.2594772322,26.3647100498695,8.57513504005397,3345337.0,0.161154729026498,3242000.0,6.444
UY,Uruguay,2014,23.5426616139817,6.6430584199945,3.23879122952364,18322.4276767157,25.5449624492357,8.87735333229828,3356334.0,0.15908431079509,3195000.0,6.547
UY,Uruguay,2015,22.4778512515741,4.6342339444993,0.370741257681345,17125.9016800298,22.8503895571793,8.66626987079328,3368017.0,0.156495396899523,3286000.0,7.488
UY,Uruguay,2016,26.9316806727536,-0.897082488190792,1.68979822971775,17009.7584207276,21.5388546346978,9.6394134763508,3379283.0,0.157345013875127,3632000.0,7.841
UY,Uruguay,2017,25.9311643679828,4.13270730118374,1.74037649141989,19184.6626114272,20.4467992519014,6.2180938256186,3388438.0,0.168263680064354,4219000.0,7.89
UY,Uruguay,2018,26.4215937509495,2.64222389301977,0.164777608846705,19249.9404677501,21.3697515949613,7.60653360377047,3394534.0,0.174395036178059,3954000.0,8.336
UY,Uruguay,2019,27.9053781710424,2.35703298196688,0.928351027546341,18315.7350377437,21.8394879014241,7.88198870879619,3397206.0,0.180436375646829,3480000.0,8.836
UY,Uruguay,2020,26.1882518426767,1.81750761000671,-7.35732706897301,15757.5341990356,21.5435812775797,9.75640636078194,3398968.0,0.207465889667471,,10.413
UY,Uruguay,2021,32.9446025347538,8.50404500730576,5.84427325018082,17881.8119616753,25.370452971577,7.74791402314762,3396695.0,0.207005858411362,,9.328
UY,Uruguay,2022,32.8913380602583,12.367138051104,4.60623000920732,21009.2883798725,27.3113447733942,9.10437983075437,3390913.0,0.175695441980546,,7.877
UY,Uruguay,2023,27.9812486565884,-6.62564746176161,0.761749241321681,23378.6399733516,24.3460621821134,5.86910359896119,3388081.0,0.169941418823101,,8.355
UY,Uruguay,2024,28.2349014551456,-4.78198682520397,3.32575905957381,24308.4954958447,23.2233223003309,4.84914366613156,3386588.0,0.165351379944981,,8.209
