country_code,country,year,control_corruption,government_effectiveness,homicide_rate,political_stability,regulatory_quality,rule_of_law,voice_accountability
BS,Bahamas,2000,74.9325762,74.9206647,22.8511433291645,84.2346616,73.5981155,76.144701,79.0500668
BS,Bahamas,2001,,,13.1163142546883,,,,
BS,Bahamas,2002,74.8103509,75.0096657,15.6808819893008,79.9355752,78.2058011,80.475401,77.6468421
BS,Bahamas,2003,74.7708893,74.959608,14.8979120576251,78.4833025,76.6065552,80.4580582,75.2519897
BS,Bahamas,2004,71.5107554,70.7176576,12.949479372068,77.6207331,73.6071274,79.8475277,75.9036405
BS,Bahamas,2005,74.6985502,74.8929831,15.1209384287019,80.5180873,76.5829694,82.367858,77.089231
BS,Bahamas,2006,74.8037729,74.8791075,17.5098672407607,78.9879439,75.2009386,78.1421509,77.0754546
BS,Bahamas,2007,74.7292048,74.8995002,22.0753988076454,77.328848,75.2139323,80.687244,78.6491339
BS,Bahamas,2008,74.7495357,75.2104636,20.3842002901258,77.7042652,75.1714911,79.8227864,78.6629507
BS,Bahamas,2009,77.944798,70.1893988,23.9794933987487,80.3329098,67.0502797,73.1621202,75.28903
BS,Bahamas,2010,77.9515575,70.1951402,25.5797974025621,81.4495557,65.2772772,72.3973827,75.2780926
BS,Bahamas,2011,77.9353698,70.1865025,34.1646737273659,82.4188625,64.3996028,71.0079339,74.6921048
BS,Bahamas,2012,77.901173,70.1880561,29.2966539226222,82.7542247,64.3457897,68.6890326,74.7157083
BS,Bahamas,2013,77.9039224,70.1838825,31.4023111045433,82.5831915,61.6650766,68.6557097,74.6580043
BS,Bahamas,2014,74.4630234,65.9394084,31.9122778565412,79.9665062,60.3403811,65.5610917,74.7062555
BS,Bahamas,2015,69.9941674,65.9287054,37.8879787412108,78.5320189,58.3196471,66.1258684,70.2851245
BS,Bahamas,2016,70.0088139,65.9416681,28.6041558488412,79.5485545,58.9246354,65.2978002,68.5230558
BS,Bahamas,2017,69.7529805,65.9361928,31.2431975620062,79.8912184,56.2618101,64.2022652,68.8127171
BS,Bahamas,2018,70.2782087,65.9472724,23.1718729111893,78.1642818,57.3197896,64.1575726,68.7978213
BS,Bahamas,2019,72.4628998,65.970543,24.0704681959437,77.8317968,54.4390073,64.1737652,70.4794451
BS,Bahamas,2020,72.4682614,62.9445497,18.4407464713126,78.1657975,54.4104205,63.6182359,70.4729579
BS,Bahamas,2021,72.8020739,62.9559404,30.0222265391437,78.6525116,54.2839837,64.2508152,71.1318501
BS,Bahamas,2022,72.8671472,65.563648,32.1981392997156,80.8118017,53.3489396,62.7857451,70.2493173
BS,Bahamas,2023,72.6317233,65.5648781,,84.0030562,52.9700802,63.0843121,69.7097566
BS,Bahamas,2024,72.8773237,65.5661308,,84.005469,52.7750152,62.6911034,69.4662177
BZ,Belice,2000,46.8597001,45.6328552,17.026648781764,67.1111856,59.5586563,62.199109,75.1156373
BZ,Belice,2001,,,25.7671255764891,,,,
BZ,Belice,2002,46.6682481,45.7722312,33.9832466500136,71.3697614,59.8185743,61.0415731,71.794541
BZ,Belice,2003,46.6064365,45.693841,25.3999545075442,71.9166097,59.8539832,63.1737468,72.7011508
BZ,Belice,2004,46.0550297,43.571083,29.0774177044667,70.6778836,53.7218411,59.0467909,71.9708204
BZ,Belice,2005,45.1238456,41.9634718,28.9564420040003,66.1474598,56.3447127,63.8419692,72.9006959
BZ,Belice,2006,42.584767,40.5766398,31.9579266947688,66.5922965,50.2388351,60.3043253,68.5447875
BZ,Belice,2007,42.4461927,39.6727924,32.7592029719689,67.9539387,50.2459809,59.7973477,67.9966438
BZ,Belice,2008,48.3291916,39.7619736,33.841336699944,67.6486698,50.4294139,58.5975908,67.4877352
BZ,Belice,2009,53.0405739,39.7637748,31.028680737267,65.075169,50.3821957,56.6383462,70.7603326
BZ,Belice,2010,51.697219,44.1546907,40.2816593545567,65.6634477,51.0869294,57.0573986,70.6709799
BZ,Belice,2011,46.6806112,45.6710023,37.8859632506156,66.8685041,50.4739035,54.2129871,70.9707987
BZ,Belice,2012,46.5347509,45.6723471,43.3594287320507,66.8454653,49.7555874,53.7440977,70.9582078
BZ,Belice,2013,46.5372199,45.6687364,28.9789741443153,66.8536607,49.7517158,53.7111175,71.3457938
BZ,Belice,2014,42.298874,42.5685858,35.2513810373364,65.9463753,46.3773156,48.5287087,65.4614328
BZ,Belice,2015,42.7091003,43.4750633,33.3957281531601,65.9213021,47.2861951,48.8461806,64.1994145
BZ,Belice,2016,45.5851906,41.8680007,37.8388012229062,65.9169197,47.3765878,49.2528187,64.1863722
BZ,Belice,2017,44.0479973,41.8621774,38.0491503919464,65.9175733,46.4256373,49.7250349,64.3036262
BZ,Belice,2018,45.8844492,42.2170293,37.609161907442,65.9544672,44.1457101,48.9276879,61.5725367
BZ,Belice,2019,46.5214075,42.5238928,34.7304566666278,67.6481301,45.4987702,49.5160871,61.9406794
BZ,Belice,2020,46.5271644,42.4255991,26.0995390360826,75.8565223,45.4700629,50.3241512,62.0556267
BZ,Belice,2021,46.2532674,42.4381626,31.6178339760185,71.5818712,45.0469738,50.0851941,61.9200525
BZ,Belice,2022,47.1115456,47.1564167,28.0582917218107,78.294843,44.8884556,51.5137924,62.3629274
BZ,Belice,2023,45.7190024,48.26858,,79.3110106,46.9720664,52.0486686,62.4209011
BZ,Belice,2024,44.8289016,47.4920057,,79.3135636,47.6492893,52.1296122,62.028219
BR,Brasil,2000,50.2288187,47.6438552,26.0748466246634,72.5352254,57.5695078,51.2669721,62.2037239
BR,Brasil,2001,,,27.2006084949971,,,,
BR,Brasil,2002,49.9832264,50.077026,27.848196026942,71.3733098,57.088925,52.9984315,65.2781763
BR,Brasil,2003,49.1092931,49.0659954,28.2710884352715,67.6922503,58.9187652,51.4312224,65.3549528
BR,Brasil,2004,45.8691673,47.7351263,26.4918363852054,61.9485783,56.6010086,53.1543556,66.8904907
BR,Brasil,2005,42.9818798,45.5166535,25.7693915381983,62.588202,57.5772131,52.3644499,70.0522734
BR,Brasil,2006,43.618007,44.7332714,26.3403064568888,61.2166332,55.9185731,53.04785,70.0094616
BR,Brasil,2007,42.2388194,44.6292055,25.3144591379199,61.5429643,55.1671565,53.1572211,69.7304404
BR,Brasil,2008,46.215238,54.5653882,26.3359303856077,62.8951723,58.5000365,54.1564667,71.5936801
BR,Brasil,2009,47.302699,56.2533055,26.7914479705158,67.8835888,58.4628131,54.8834208,70.2754974
BR,Brasil,2010,47.8126856,56.3120951,26.9945684769237,63.0464452,59.2217199,57.7508418,71.0309562
BR,Brasil,2011,52.3845455,55.8223682,26.7470983503833,62.6779669,58.8209668,57.5344872,69.3096881
BR,Brasil,2012,47.5530902,56.3118454,28.6413621085766,64.0710973,58.8669025,57.6336026,70.7668345
BR,Brasil,2013,46.5058088,58.0697629,28.6404106359245,59.2143897,58.0544012,56.1310999,68.5810607
BR,Brasil,2014,42.8934358,55.1687194,29.8537931807395,61.2533361,55.50442,56.267282,68.1007124
BR,Brasil,2015,40.998321,53.1568658,28.8503019791216,56.9559669,54.4312675,55.1805295,68.4346188
BR,Brasil,2016,41.2756109,52.8588672,30.1193623667804,56.4369324,54.3071581,56.2588141,67.6796444
BR,Brasil,2017,38.6262748,51.4875052,31.1611756216413,55.1824692,54.1722861,54.2687462,67.291007
BR,Brasil,2018,39.3707937,49.4529603,27.1606152370358,54.2908087,51.8580259,52.0782115,64.9751148
BR,Brasil,2019,40.5299866,54.0912051,21.2445602088385,52.9676235,54.2251507,52.6863115,63.6123329
BR,Brasil,2020,41.2417853,51.9092236,21.8129091470528,58.2173358,53.3876813,52.7405481,62.9761413
BR,Brasil,2021,39.896633,52.12953,20.5048626655709,58.7377582,53.3850079,52.3834537,60.712967
BR,Brasil,2022,38.8330208,48.2928884,20.0811754127452,58.3340629,52.6085043,51.6171524,59.8482223
BR,Brasil,2023,39.178204,47.2257782,19.2752957673079,56.7369585,50.0352781,50.3081118,62.950075
BR,Brasil,2024,40.0584954,48.5365411,,58.8375408,48.9102525,50.5567512,65.097744
CL,Chile,2000,79.0456368,71.9495146,,76.0221691,79.5761499,79.4059667,73.5101607
CL,Chile,2002,79.3512192,74.8234926,,82.8526897,80.9908989,80.2083098,79.6925676
CL,Chile,2003,71.7346734,75.8480856,3.20129769251024,79.7807171,82.6519077,79.5682561,78.8776394
CL,Chile,2004,73.5706009,75.7360964,,76.8896378,80.9857586,79.4091288,78.598598
CL,Chile,2005,78.3605129,78.8567749,3.52319921168418,81.9218486,83.0389131,80.3015311,81.2276338
CL,Chile,2006,77.726175,78.4125596,3.57376612166027,81.042482,82.8838276,79.5661849,81.2275861
CL,Chile,2007,76.2011976,78.5611383,3.6949106294991,79.255816,82.9163359,79.6104425,81.43102
CL,Chile,2008,76.2371998,78.2667278,3.4918963063576,79.0104272,82.8866405,78.9354922,79.3842044
CL,Chile,2009,76.7514849,79.6486044,3.70376238471268,80.75779,82.3828057,79.1030067,79.8870203
CL,Chile,2010,78.5064358,77.0775702,3.14874215608169,81.5888361,81.2020769,78.6159556,79.3589034
CL,Chile,2011,79.2035395,78.4038421,3.66532251337043,76.2954329,81.4170919,77.0037819,77.9947139
CL,Chile,2012,77.8938568,79.1144752,2.47729352143792,76.2774704,82.5158874,77.3960794,77.7104571
CL,Chile,2013,76.9131879,78.49655,3.14355060592079,75.7435048,81.8067846,76.3663565,77.8429556
CL,Chile,2014,76.0003074,76.4538156,2.4518317226161,78.3444548,78.9899428,76.1738188,78.0143866
CL,Chile,2015,71.1566241,75.2653007,2.32163505387454,77.5783423,76.8755349,75.3680731,77.567401
CL,Chile,2016,70.813797,73.9034382,3.39405749254204,75.9993546,77.8441374,74.9994097,77.6951337
CL,Chile,2017,70.5091162,73.5557524,4.19745439747334,75.9653572,77.2043082,74.7807861,77.5799497
CL,Chile,2018,70.271304,74.8301919,4.36665251518391,77.5123118,76.4016331,74.7948894,77.5133545
CL,Chile,2019,71.4009235,74.9968934,4.81306553520039,68.7938355,74.7415436,73.6376056,76.5925371
CL,Chile,2020,72.5988982,71.4177044,5.75613878004137,68.1126903,71.6425443,71.0293451,76.8580334
CL,Chile,2021,71.207884,71.0200979,4.65658124495601,68.2395559,71.4520739,71.4146807,76.0580285
CL,Chile,2022,71.1759041,71.3573981,6.80201256720408,65.7117419,70.8021139,71.1338157,76.424815
CL,Chile,2023,69.3644366,72.9278283,6.34829073035101,67.6242975,69.7164463,69.6314531,76.7269699
CL,Chile,2024,71.0890616,73.0996449,,70.4888283,68.0529345,70.1858521,76.3941407
CO,Colombia,2000,35.4298466,43.3289675,67.8921586309151,29.1560141,53.0869422,39.2135289,47.8392685
CO,Colombia,2001,,,70.1095871523678,,,,
CO,Colombia,2002,43.2981391,36.1470937,70.3960948977152,24.1999829,55.0288381,44.9274508,48.3982817
CO,Colombia,2003,44.3916475,42.4417773,57.4608630160922,25.0167043,55.2438893,45.6596316,48.2701966
CO,Colombia,2004,46.5663476,46.4825573,48.6481875848116,31.037227,54.6285911,49.5012851,52.5561516
CO,Colombia,2005,46.0328794,45.4321617,42.9894132012747,30.8758996,56.5621757,49.0780292,52.6699759
CO,Colombia,2006,43.9298386,47.4106516,40.9429758324124,33.9730592,57.4871596,49.2299508,53.5943845
CO,Colombia,2007,42.7079909,47.6396878,39.7776140409658,37.4967793,57.9856732,50.942736,54.4192261
CO,Colombia,2008,43.425613,50.532024,36.8840024517578,36.9281645,59.9228575,51.518047,55.8282168
CO,Colombia,2009,42.233716,49.2792463,35.7272410703666,38.0455411,57.3197827,50.5062255,55.4945288
CO,Colombia,2010,40.4961933,51.6477735,34.5241750628259,42.0439092,57.3086362,52.242414,55.5353954
CO,Colombia,2011,43.9491266,53.7301226,35.6322084408409,45.2566674,60.0392736,52.1375084,57.6869769
CO,Colombia,2012,39.8127477,52.985737,35.9613009153726,42.3233813,60.5726626,51.228686,57.5403882
CO,Colombia,2013,39.1534778,53.6383828,33.4159707994424,42.7518466,60.5193469,50.5839313,56.4846701
CO,Colombia,2014,40.5609499,50.9681399,28.654305199833,47.7700428,61.208658,52.0987692,57.3089025
CO,Colombia,2015,41.6516464,52.3188062,27.2152782480106,48.5332728,61.6067532,52.5361218,58.549793
CO,Colombia,2016,40.6082158,52.6759157,26.1438669043183,49.9440415,60.9984682,53.4704434,59.2582889
CO,Colombia,2017,39.7795999,51.8043635,25.5510587151196,51.5596918,59.4137154,53.1095575,58.9980172
CO,Colombia,2018,41.6339601,52.2340298,23.8207594532571,53.5621824,58.5352044,52.0339144,59.8568639
CO,Colombia,2019,42.5515607,52.9209808,23.3990612924966,49.7099758,60.7114045,51.3858014,60.0400617
CO,Colombia,2020,42.8684473,51.9685065,22.6427030734102,53.6015733,59.5069227,51.2088287,59.830504
CO,Colombia,2021,42.5969406,51.8450651,25.5801274097033,47.9510464,60.8003821,50.7518116,58.0577255
CO,Colombia,2022,42.8342303,52.7237015,24.9488076386337,51.2663646,59.7688238,50.1475937,59.8925077
CO,Colombia,2023,42.0850276,51.5080576,24.9134420347488,51.957149,58.8600458,49.2170521,59.9027918
CO,Colombia,2024,42.3503719,51.5641126,,50.9539061,56.7782168,49.2940147,60.0046088
CR,Costa Rica,2000,68.7675874,54.4109105,6.3234257019066,77.992751,68.9043634,66.8114468,76.5700035
CR,Costa Rica,2001,,,6.41066095411089,,,,
CR,Costa Rica,2002,57.2729975,56.77246,6.33019318130238,82.0687129,61.9171653,68.8175509,78.6443479
CR,Costa Rica,2003,57.7467076,56.653141,7.24850496564873,76.6677399,62.8055524,68.2319018,77.8556364
CR,Costa Rica,2004,55.6774117,58.0735598,6.66654365306355,78.2044822,65.9256363,68.045255,76.5085155
CR,Costa Rica,2005,55.7893153,57.5919916,7.86156142343543,80.3342047,67.6116701,69.1984737,76.1306228
CR,Costa Rica,2006,56.0364084,56.236984,8.12248146668412,81.1039252,65.5904144,67.607151,76.5653313
CR,Costa Rica,2007,57.2387704,57.6058017,8.42418151029137,80.0309457,66.1523608,67.5715986,76.6648506
CR,Costa Rica,2008,57.8673111,61.3479873,11.5313873891892,75.860945,68.6218477,67.9848442,76.425327
CR,Costa Rica,2009,60.4991182,63.5088331,11.6672085436857,78.2401198,68.3997488,69.3791803,77.0043468
CR,Costa Rica,2010,62.1403057,63.5048151,11.5672606575735,79.5011207,66.4420791,69.627159,77.7917095
CR,Costa Rica,2011,61.307371,62.8204881,10.282368146525,76.3597742,65.6384813,66.4434145,77.705126
CR,Costa Rica,2012,61.5600476,64.0029832,8.72653951862736,77.0292845,67.5675419,66.216038,77.6400411
CR,Costa Rica,2013,61.4136608,62.0784544,8.71474107995362,77.2472696,68.5035758,66.3758491,77.5181203
CR,Costa Rica,2014,63.8221832,62.6778023,10.0060434824472,77.6374637,65.2193291,67.4949886,78.3287855
CR,Costa Rica,2015,63.6152798,62.1875452,11.5607212354156,78.8142788,66.4661022,67.2843551,78.6088087
CR,Costa Rica,2016,64.2782593,60.9142847,11.8759050112518,78.3766211,67.149958,67.2259513,78.2549213
CR,Costa Rica,2017,59.8867107,61.2441302,12.2731177810203,78.7192203,65.5142737,67.4164655,78.8102716
CR,Costa Rica,2018,61.1658072,62.0528155,11.7995456872358,76.9351248,67.3737577,66.9557639,79.2710519
CR,Costa Rica,2019,62.6655197,61.2189458,11.2610056078008,76.7980943,67.5564281,68.1874547,79.2014471
CR,Costa Rica,2020,63.2960634,58.1387683,11.3222838436969,82.0305766,65.4475496,68.7392865,79.4594651
CR,Costa Rica,2021,59.995998,58.5166349,11.6205820666553,83.5034419,65.7959355,68.2686719,78.6807882
CR,Costa Rica,2022,59.4934123,56.7819594,12.908902016219,85.7815847,66.340972,69.195918,78.2623977
CR,Costa Rica,2023,61.8899064,60.4106617,17.7454798727379,86.7219213,64.123491,68.5784998,78.0226098
CR,Costa Rica,2024,61.8341927,60.364712,,87.7441552,64.4721886,68.2626888,76.2004148
EC,Ecuador,2000,32.7530409,29.280142,14.4453488439446,52.1278248,44.6088131,45.2310765,52.2843517
EC,Ecuador,2001,,,12.8420209514706,,,,
EC,Ecuador,2002,31.8038235,29.6008525,14.5070142098716,50.4177029,42.0866939,46.4629288,56.5527022
EC,Ecuador,2003,34.4901743,30.3409356,,46.9767859,43.2065086,47.7437266,57.2190616
EC,Ecuador,2004,32.4127776,32.9198215,,49.6847888,42.0897186,48.0582803,56.1525126
EC,Ecuador,2005,31.1420865,32.689201,,50.6359544,41.1950963,46.1848304,56.2291001
EC,Ecuador,2006,31.6171884,33.0691063,,52.3869425,40.0396351,41.9305756,56.3660525
EC,Ecuador,2007,32.2061324,34.2032058,15.8631866106051,54.1045256,39.475437,42.875565,57.83857
EC,Ecuador,2008,33.6519405,40.1809553,17.886543943386,55.8742892,36.5858924,40.2339535,57.0674116
EC,Ecuador,2009,33.903431,44.1550715,17.705436773059,56.4665351,32.9802368,39.9149623,57.0266441
EC,Ecuador,2010,33.7158318,44.3765057,17.4043449177688,53.7671166,33.9937507,40.9116259,56.2679261
EC,Ecuador,2011,34.5708503,47.7351058,15.2875203821371,52.1839673,35.7276156,40.6232289,55.7602673
EC,Ecuador,2012,35.7217467,47.9195616,12.3425125579607,53.6025773,37.7759259,41.0003042,53.4730124
EC,Ecuador,2013,36.2845101,49.7492764,10.9127986726241,60.8771619,40.2676232,42.5096418,53.1686535
EC,Ecuador,2014,32.8251642,51.2177777,8.16956550602398,64.9945543,41.3878648,42.0833442,53.3100451
EC,Ecuador,2015,33.4743262,49.672233,6.45509329915208,62.4870648,37.7780174,41.5005095,51.9716704
EC,Ecuador,2016,32.6236971,50.5986899,5.81031174018927,62.7860623,39.7742498,43.4268827,52.4034849
EC,Ecuador,2017,32.4442552,50.7761128,5.78775543057783,63.5146361,38.7725521,44.6977822,53.4249429
EC,Ecuador,2018,35.4192445,50.0827183,5.8300670929869,64.5651761,41.2548261,46.7736366,57.1756258
EC,Ecuador,2019,37.4276909,50.3953314,6.84543557226847,61.9845103,43.1505316,48.6066946,57.1633561
EC,Ecuador,2020,37.6052427,46.434704,7.81941728300383,63.0577368,43.2410757,49.5581185,57.0508826
EC,Ecuador,2021,35.3144453,50.4767878,14.1156873894402,62.286159,46.6847651,52.0904446,58.3049199
EC,Ecuador,2022,34.8317307,52.6979808,27.4126359684417,61.6903192,47.8768918,49.2697084,58.2162517
EC,Ecuador,2023,33.8179966,48.7335687,45.7228145164847,59.6225725,45.3797185,43.4672087,57.4003362
EC,Ecuador,2024,32.4325699,49.3236097,,55.325729,44.7640501,41.9851335,57.5179096
SV,El Salvador,2000,33.5070747,31.1150803,59.7472879846202,65.5803869,53.6369347,42.9625873,52.7230773
SV,El Salvador,2001,,,60.1535507350797,,,,
SV,El Salvador,2002,33.3082279,33.1771124,47.3555199373003,65.0974946,55.410247,46.041179,57.0248438
SV,El Salvador,2003,36.8846311,34.1234708,55.9464014802791,59.8729956,56.3300647,46.5471268,57.2483632
SV,El Salvador,2004,40.2408056,41.4719866,64.8994757581223,62.8794965,62.1103986,50.2807702,56.5032637
SV,El Salvador,2005,39.4296562,40.6319047,64.6399118153084,64.3493375,62.4208158,49.8127723,56.6009608
SV,El Salvador,2006,40.3759952,42.4487059,65.4247078983383,61.6432692,59.0332894,47.2095013,58.5933462
SV,El Salvador,2007,39.6437487,42.5656956,58.1880552418794,65.2295171,59.8504352,46.5897268,57.7439982
SV,El Salvador,2008,39.7293163,47.5952753,52.7258860134014,66.3888709,62.1236522,46.9200629,59.6886977
SV,El Salvador,2009,42.9353865,49.6318364,72.4503614995274,62.6945171,64.785584,46.2576028,59.0044641
SV,El Salvador,2010,42.8790615,51.2870533,65.7026379683301,65.9035937,64.0518589,44.9172297,60.2105035
SV,El Salvador,2011,44.7012501,49.9253934,71.7719022936632,65.5483485,63.6809114,46.9722941,59.270999
SV,El Salvador,2012,39.6360714,50.3473103,42.4273897096406,68.7188264,60.4505793,44.8487465,58.5683058
SV,El Salvador,2013,41.0277533,50.9202375,40.9360792814407,62.8250309,60.5090353,46.7961584,58.9561303
SV,El Salvador,2014,38.2676453,52.8364214,63.6220773963139,63.2723383,59.8218416,48.403949,60.6110822
SV,El Salvador,2015,37.5010265,49.5568092,107.638231074992,62.5107624,58.2475226,46.2133864,59.1402971
SV,El Salvador,2016,36.7158438,49.228726,85.0858022421141,60.3169369,56.2966424,46.6250271,59.3071769
SV,El Salvador,2017,37.4171956,48.0766368,63.764040219627,58.9980114,55.5881747,44.8569639,59.0089106
SV,El Salvador,2018,36.3624105,46.6650707,53.7958771232068,57.5302486,56.2345696,45.2721572,58.3280225
SV,El Salvador,2019,37.5455753,47.3572596,38.5386955905095,61.1402853,55.667142,46.6096714,59.4776902
SV,El Salvador,2020,37.7419733,50.9781163,21.5087446038674,62.0278402,55.3478368,47.9097515,58.350824
SV,El Salvador,2021,36.7216613,48.1900609,17.343956146806,60.9163267,51.6994888,45.3033875,53.5273159
SV,El Salvador,2022,34.3058025,43.0097471,7.89768799960639,62.9718864,50.1326617,43.1191046,48.8347648
SV,El Salvador,2023,36.1311218,46.6710434,,66.8191376,51.1603346,47.1590826,48.0672051
SV,El Salvador,2024,36.7575081,46.8954926,,68.0353506,53.4441283,47.3724053,45.0019761
GT,Guatemala,2000,36.6410337,29.6051877,24.8256222306266,48.7789577,49.5816259,40.9669812,48.6743612
GT,Guatemala,2001,,,26.9854300399802,,,,
GT,Guatemala,2002,31.8074442,33.432557,29.6482816428349,47.5866806,51.7128233,41.7438102,48.6453422
GT,Guatemala,2003,31.5893679,33.1146262,33.8260706875462,48.9497859,50.8942177,41.0027099,48.9433093
GT,Guatemala,2004,36.0072726,33.556418,35.1905874431052,48.9448025,49.030554,43.7568448,53.4082156
GT,Guatemala,2005,35.1053029,33.4249612,40.7866100416894,49.5050118,47.9396687,43.5027067,53.9481086
GT,Guatemala,2006,34.946904,37.0082214,44.0248234172562,50.0587622,49.4205428,42.977498,56.7114175
GT,Guatemala,2007,35.6435377,37.4728335,42.3453198203345,50.8040963,48.55585,43.0796107,55.9487338
GT,Guatemala,2008,38.7438607,44.600349,45.1519299292567,51.9237649,48.9246079,42.586499,56.8314151
GT,Guatemala,2009,37.7046661,45.7880882,45.7103110094951,51.4490311,48.6329839,43.1314365,56.4619512
GT,Guatemala,2010,35.5132962,44.7927753,41.1031293722721,51.2474752,48.8463636,43.3351526,54.6668996
GT,Guatemala,2011,36.9515703,43.4557882,38.4055692334411,51.9002933,48.4997043,41.4438293,53.4181382
GT,Guatemala,2012,31.9388738,43.2481681,34.1624967821479,52.8007905,47.7978126,42.1429492,53.9598901
GT,Guatemala,2013,32.9608278,43.7378111,33.5015723155484,52.596713,47.3003404,41.0375769,53.3196025
GT,Guatemala,2014,29.8408598,45.0348827,33.4975903480006,52.6953567,47.9350844,42.7400931,53.5113318
GT,Guatemala,2015,29.7569805,43.6459404,,53.1864427,49.1210999,43.4926816,53.8771384
GT,Guatemala,2016,30.7721186,43.1626733,,54.0529231,50.0212464,42.8561377,54.3354045
GT,Guatemala,2017,30.229089,42.4114082,32.8054740415143,53.2007692,48.6578557,43.2936781,54.7263249
GT,Guatemala,2018,28.0364322,40.5509621,28.9035441420162,53.4356567,49.6562568,42.7707203,53.0839896
GT,Guatemala,2019,27.7851878,39.647213,25.9415998284592,53.2129632,49.2252506,42.2356563,52.5514408
GT,Guatemala,2020,25.8627648,38.7529776,18.1882859775834,55.44489,49.9469116,42.7879231,52.416564
GT,Guatemala,2021,23.4977807,39.0457404,20.2458705569498,55.2773771,49.8246596,42.5873048,50.4743236
GT,Guatemala,2022,23.4971554,36.2855344,22.0474401521257,60.175191,49.8721602,41.282466,49.8073017
GT,Guatemala,2023,26.462081,35.585897,23.3657267272051,61.9825372,49.1318918,41.1815348,49.4354374
GT,Guatemala,2024,29.356717,37.0120878,,63.7385299,50.874865,42.0421926,51.1608034
HT,Haití,2000,23.8196516,22.9670756,,47.7480764,31.0386921,31.4244728,41.9547828
HT,Haití,2002,16.1240335,15.6891494,,38.4362661,31.6939336,28.5405262,34.8105671
HT,Haití,2003,17.3318459,15.7898728,,40.7016874,31.4759249,30.3228277,37.2228112
HT,Haití,2004,19.8613853,15.2649708,,32.9143729,29.4737638,31.5042712,38.5258687
HT,Haití,2005,16.6130941,19.8051245,,35.059461,31.2606103,30.078283,40.9704992
HT,Haití,2006,22.4458861,18.878029,,41.1668276,40.5654031,34.3696276,43.7141832
HT,Haití,2007,22.0614471,18.8855327,5.18494241513337,42.2355718,40.1754781,36.0791914,45.2341022
HT,Haití,2008,24.4368882,25.6465048,5.22517870924341,41.4131083,41.3224352,39.1550988,47.9271971
HT,Haití,2009,26.0186706,25.5015388,6.17157780979269,42.6985217,41.4042446,38.9165042,46.8121895
HT,Haití,2010,22.5690312,20.9883687,6.90584205676174,42.2244327,36.74858,36.8604989,45.4286412
HT,Haití,2011,21.8586325,20.975273,9.21844574684968,43.0728613,35.7246426,35.8412905,45.2138717
HT,Haití,2012,20.7795044,21.6322622,10.2584264457666,45.7689645,35.5417346,36.272515,44.0246605
HT,Haití,2013,22.4121593,22.9794304,10.1639909561024,49.4928984,35.6943223,36.5528543,43.5361146
HT,Haití,2014,19.1758359,15.2189106,9.44739032712553,49.6150785,33.9707674,38.8915355,43.4023571
HT,Haití,2015,18.8468161,16.2881576,10.1774724071475,49.5294541,33.6892244,39.2976462,42.7443825
HT,Haití,2016,18.7979123,16.0393857,9.63317380185292,50.0517741,33.5229854,39.4786,43.4951672
HT,Haití,2017,19.3712697,15.9097322,,51.0965071,34.1321053,39.616906,44.246675
HT,Haití,2018,19.0680937,19.2410846,6.77773609475147,52.2146494,35.1618561,40.2012929,44.1796376
HT,Haití,2019,18.5781899,16.0054633,,48.9421846,34.8480062,40.2443295,42.9280996
HT,Haití,2020,18.8985742,15.126391,11.3840030566048,47.5299844,34.2860426,39.3025714,41.9821098
HT,Haití,2021,18.1548723,10.8954158,14.1983189542019,44.5050846,32.3599945,36.1894292,38.7351236
HT,Haití,2022,17.6610855,11.6625276,18.9766582756746,49.3845384,32.3384383,33.0798709,35.1708004
HT,Haití,2023,17.8193634,11.7317356,41.1518089717388,48.6945792,30.3620269,31.7942847,35.304756
HT,Haití,2024,17.0438893,10.7939187,,44.9932916,30.9493306,32.293503,34.5541897
HN,Honduras,2000,26.9386535,29.0623164,48.2838225250265,58.9755071,47.0084548,37.6896464,50.9366123
HN,Honduras,2001,,,51.6129566869927,,,,
HN,Honduras,2002,25.5883514,30.4694183,52.2131990441944,59.1101615,45.8074057,42.899634,50.7312241
HN,Honduras,2003,27.0406286,29.6389566,57.211379965735,54.986864,44.9612187,42.1692295,52.0387923
HN,Honduras,2004,28.03923,36.3816298,49.8561822453764,54.4070083,46.1211505,44.8189316,52.8098039
HN,Honduras,2005,28.9218552,37.4778482,42.9506250338895,53.8767716,48.6259793,46.5857523,53.7504352
HN,Honduras,2006,29.1543482,36.9422658,40.7218024373527,53.7655764,49.1157909,43.7718972,55.2380669
HN,Honduras,2007,29.3182519,38.7255048,45.7956895764454,57.4253476,50.9082374,43.8644198,53.8455576
HN,Honduras,2008,29.0399776,42.7700284,55.6000203180321,55.6790993,49.7516624,42.0790369,53.335537
HN,Honduras,2009,27.8612324,43.3894785,64.4696634518731,56.0140831,49.1146392,42.1613911,50.0542227
HN,Honduras,2010,27.8363145,43.6931305,74.5408954410341,54.0444474,49.3593531,41.7090701,49.6602762
HN,Honduras,2011,28.471068,44.1496187,83.1793333078082,55.6369504,50.6994626,41.1740984,50.5000283
HN,Honduras,2012,25.6781127,42.5883501,82.2941714854712,55.921737,49.2403978,38.2833267,52.2588121
HN,Honduras,2013,25.4597418,40.2580151,72.3455871413622,55.5043898,48.2732035,37.5525515,52.381511
HN,Honduras,2014,28.4408733,44.1021461,64.9996731259012,53.4529725,46.007592,38.9854505,50.7002653
HN,Honduras,2015,31.6906491,44.9663951,55.7305404552518,53.8787376,46.7004735,39.5934368,49.5295265
HN,Honduras,2016,29.4470652,46.082339,54.7151729955654,52.9159142,45.7275622,39.4845732,48.325469
HN,Honduras,2017,28.9677959,45.9738274,40.2998017393682,49.3152433,48.8065064,41.0666387,47.1606284
HN,Honduras,2018,28.5007101,43.0201001,37.9817721287217,50.0723422,48.2441468,40.9391734,45.7170179
HN,Honduras,2019,26.7021605,42.9824954,41.0111655865032,50.6002222,47.6523484,41.1935718,45.0507026
HN,Honduras,2020,27.3481657,40.632136,35.7028493255269,53.313827,45.9181909,39.8551546,45.3902997
HN,Honduras,2021,25.486816,39.2739701,38.2025965034663,50.8680943,46.4372245,40.4990278,45.9754618
HN,Honduras,2022,27.262832,38.9018653,34.9679353875888,56.817659,46.1748139,41.0373347,48.1077065
HN,Honduras,2023,26.1630725,38.3947811,31.4424316507577,59.3382064,44.4232403,39.1783868,48.4559086
HN,Honduras,2024,23.1946934,40.5524727,,58.552621,45.1520988,38.6045194,47.7090657
MX,México,2000,46.9773424,52.977173,10.8866310831903,64.0357559,60.5616159,48.3826746,60.1920531
MX,México,2001,,,10.2748177070264,,,,
MX,México,2002,41.4130839,45.3242518,9.93415725652767,62.9353429,65.5563,53.953474,63.0348491
MX,México,2003,41.432269,46.1829191,9.79524704840011,63.9146078,65.2512882,54.6078155,63.6970372
MX,México,2004,38.7665173,47.3362098,8.93632612354424,63.0362085,62.8650688,55.7844936,64.4790376
MX,México,2005,39.2478724,49.4665514,9.37610715749773,59.2324538,62.1504865,55.2508945,64.6947558
MX,México,2006,41.1571657,50.3812122,9.74512148491559,54.8958426,62.9501886,55.304032,62.5959161
MX,México,2007,39.860407,48.787886,8.15173722925145,54.6555214,62.4528679,53.9048399,61.8713774
MX,México,2008,40.1761357,55.2890802,12.6895495806052,52.604968,62.2544185,49.5616645,62.1468054
MX,México,2009,41.6655083,57.0281646,17.6812940453664,51.7194264,62.1780231,50.4519181,64.106107
MX,México,2010,40.329522,53.7771162,22.6686472946558,51.1378518,58.4896612,49.9932697,64.491388
MX,México,2011,39.4770331,56.6881954,23.6134785680132,52.613505,59.0563606,48.5364549,61.9054026
MX,México,2012,38.2150702,58.535077,22.2285552341782,51.4441457,61.0967349,48.4221915,60.7943002
MX,México,2013,36.6865911,58.6066942,19.4881727966757,51.3516805,61.1202209,47.7466678,60.4794865
MX,México,2014,32.0923489,56.2270179,16.7050327254596,48.8357924,60.1294287,48.9210852,58.77198
MX,México,2015,31.043835,55.6488036,17.1484302942078,49.9280415,59.5402728,47.7209362,57.5729325
MX,México,2016,31.7159038,56.1021233,20.0889396309777,51.0391012,59.3405134,47.9635925,57.2129268
MX,México,2017,28.8901617,54.2425593,25.9959360229634,47.4310288,59.4360773,46.8984243,56.2029678
MX,México,2018,28.6550646,53.1115997,29.4484283285099,49.4043039,56.6880892,45.3393469,58.0549214
MX,México,2019,30.0414716,53.4672335,29.150867187807,49.8031051,56.2938674,44.3596455,57.9904972
MX,México,2020,30.7585351,52.5832181,29.0010048931398,51.7248742,54.9581648,42.9836475,57.4400797
MX,México,2021,30.3971662,51.8309705,27.9675034061893,52.2740284,53.6247346,42.3378151,55.4726283
MX,México,2022,30.3217328,50.4272152,25.8814968854168,55.1512771,54.2049097,41.1615967,55.1456605
MX,México,2023,29.4641586,50.0522673,24.8589948436701,54.6280582,52.9628345,40.9458996,54.7262368
MX,México,2024,29.3815441,48.5494138,,55.4426436,52.7818959,40.2631224,53.2988104
NI,Nicaragua,2000,30.77629,24.1068203,9.47710001137849,60.0728991,49.7752689,44.0632288,55.5258839
NI,Nicaragua,2001,,,10.5546083051206,,,,
NI,Nicaragua,2002,31.3361991,24.5282398,10.7574705924444,59.3078309,47.1220684,48.8083856,55.4537723
NI,Nicaragua,2003,32.9821249,24.8738788,12.185846245133,58.940248,48.8961141,51.2776184,59.1215383
NI,Nicaragua,2004,36.8271745,30.0360882,12.2512960818705,57.7608133,51.7920023,50.0419466,59.5887507
NI,Nicaragua,2005,33.7928568,31.650935,13.6463048137106,58.868414,52.4295316,50.2782145,57.9546937
NI,Nicaragua,2006,33.3419567,33.8150496,13.3238467052683,60.6569707,51.0870826,48.9272792,56.3529166
NI,Nicaragua,2007,31.5189713,34.0523326,12.9883276955078,63.8464378,49.8656134,48.1396804,55.8931439
NI,Nicaragua,2008,31.4207864,37.176065,13.1980225202019,62.0440171,48.7863549,46.9960221,52.6737489
NI,Nicaragua,2009,31.5739851,38.2161813,14.1781256977468,60.6521116,47.5906337,45.8213526,52.2242749
NI,Nicaragua,2010,30.9568817,38.878824,13.682036444762,56.1074682,47.6426668,45.2589635,52.3221169
NI,Nicaragua,2011,30.9474474,39.1021474,12.682480356333,57.3803214,47.769868,46.4669164,50.3331797
NI,Nicaragua,2012,30.7577121,39.8037989,11.4042929452756,57.0858938,48.8765547,45.097498,47.4411727
NI,Nicaragua,2013,31.3138874,39.8701168,9.92672854383165,58.9055269,49.5108115,45.2567884,48.3655833
NI,Nicaragua,2014,27.6320698,38.8338772,8.6540960289815,63.0979285,49.1497297,44.3139725,47.8160907
NI,Nicaragua,2015,27.573173,38.9331289,8.52113297894743,62.675682,50.4113556,43.1109349,46.4738127
NI,Nicaragua,2016,26.0140069,38.2007644,7.26815838263741,62.8230877,48.8552791,43.764329,43.1463742
NI,Nicaragua,2017,25.9757738,42.5013775,6.82368909372622,62.5133137,47.2541276,44.5847218,43.181796
NI,Nicaragua,2018,23.3334614,35.8540301,10.65611679854,46.3491215,46.5105678,37.8323141,36.3716556
NI,Nicaragua,2019,23.7722425,37.1846597,7.94304819024202,49.1764798,44.8406039,36.9437643,35.7030518
NI,Nicaragua,2020,24.8089499,36.914883,,56.4442218,43.6913762,35.9122865,35.6776168
NI,Nicaragua,2021,23.1346448,36.3401648,11.3473196321723,58.3250352,41.3370832,34.4840903,32.5602187
NI,Nicaragua,2022,22.9683266,32.6920666,,62.681135,39.3914775,34.2325129,30.6364287
NI,Nicaragua,2023,22.6526543,32.2556785,,64.3659665,39.2588589,32.6545438,29.5501869
NI,Nicaragua,2024,19.2956729,30.9640393,,64.3681288,39.3988712,31.509348,25.8891172
PA,Panamá,2000,38.189408,49.9922598,9.93233884821742,67.6610565,63.8607499,53.1716622,67.4207969
PA,Panamá,2001,,,9.9689317914936,,,,
PA,Panamá,2002,38.340529,47.0026779,12.0152977748691,71.1452299,62.5013496,58.0522546,67.61923
PA,Panamá,2003,39.6785688,46.3103661,10.5649025160456,67.3046163,59.940926,58.2838857,67.3653116
PA,Panamá,2004,39.8470736,48.94098,9.47355777770635,67.5288149,59.3222744,59.5504961,67.2818166
PA,Panamá,2005,38.3171583,49.3855146,10.9869362611305,64.1948667,60.7632965,58.3686571,68.1647843
PA,Panamá,2006,39.2645281,50.6461706,6.54810061378814,67.0314366,60.8310862,58.5586407,69.3383088
PA,Panamá,2007,38.2764723,52.4725409,8.11638724767199,67.6308668,62.10856,59.1359355,68.9606253
PA,Panamá,2008,43.5961875,56.3960057,14.0831048875658,66.8910785,64.0873488,58.0503975,70.0823696
PA,Panamá,2009,41.9603151,57.6276088,15.7671135605313,67.6325507,62.2024249,57.1315419,70.7919703
PA,Panamá,2010,41.1526372,57.7828193,12.677292626363,64.3407234,63.3490188,56.8693643,68.9888662
PA,Panamá,2011,40.999257,57.4495104,14.8639320731842,65.0272305,64.8190063,58.1949008,68.4595179
PA,Panamá,2012,38.7692687,59.2042287,16.9448445310514,64.8678113,63.7329755,54.624519,65.9574404
PA,Panamá,2013,39.3627533,58.8808471,17.3318403029072,64.1190427,63.0518861,54.3663159,65.4277801
PA,Panamá,2014,40.1064209,59.2123178,15.5186126360303,70.4546434,62.5423034,57.2689219,66.9564766
PA,Panamá,2015,39.495488,59.9483748,11.8938357734005,74.2319898,62.8676234,56.9326339,67.8057237
PA,Panamá,2016,38.0727399,61.3626018,10.0519063068018,73.8820907,62.7110574,57.2809918,67.5201327
PA,Panamá,2017,36.7794426,60.7958868,9.22242063167726,73.7530242,61.5996074,57.1999888,67.1002649
PA,Panamá,2018,36.98446,59.6399311,9.62124332136356,72.0083477,61.5349507,55.2783613,68.1915589
PA,Panamá,2019,37.0700881,62.6235199,11.3349220328569,72.6305083,61.6685867,54.7795714,68.5584188
PA,Panamá,2020,37.5600685,60.6608296,11.6461589453797,71.5267292,60.6521859,55.0269074,68.4383845
PA,Panamá,2021,37.4881752,59.6297214,12.6570480772218,71.7946556,59.7515281,55.2287748,67.3124891
PA,Panamá,2022,36.6764246,56.2915386,11.3389170493456,72.9911154,56.9782327,55.2473963,67.1048161
PA,Panamá,2023,36.9282056,54.8230865,11.7072934419645,71.9653279,55.9613792,53.7744679,67.0665682
PA,Panamá,2024,37.131345,57.4707956,,71.8407332,53.9586276,53.2051087,67.0129566
PY,Paraguay,2000,18.5799025,25.7723021,19.5064839944888,43.888477,37.5127165,41.1895908,47.7171458
PY,Paraguay,2001,,,25.3291976446545,,,,
PY,Paraguay,2002,15.5965159,23.6252848,26.0770664744718,42.3289885,42.5613119,39.9867773,48.4418937
PY,Paraguay,2003,15.9492634,23.6611722,24.1249473264161,49.6547707,42.528857,40.4110745,49.9903472
PY,Paraguay,2004,20.1882467,29.3905142,22.4380260884275,59.1158792,42.2144683,45.064353,52.1535304
PY,Paraguay,2005,22.5340074,33.2656222,16.2809142348236,57.2842343,42.3953501,45.1803662,53.7744957
PY,Paraguay,2006,28.1397669,34.8148164,13.4782946324326,56.6111389,44.7376256,46.0317504,54.8917164
PY,Paraguay,2007,26.7132911,34.8592125,14.0842878975945,58.7348582,45.8077414,45.9179897,56.0001689
PY,Paraguay,2008,29.8918151,39.4756031,14.8390325698951,58.0875526,46.7021795,46.4485486,58.7337469
PY,Paraguay,2009,30.7347266,40.528064,14.4765607993953,58.038689,46.6223291,46.6234172,58.8662289
PY,Paraguay,2010,33.9012081,40.8566548,12.9139714270104,56.8502283,46.9339857,47.0308428,59.3116931
PY,Paraguay,2011,34.4611313,41.1066201,11.2990930113132,56.3311027,47.8388938,47.0515669,59.2586376
PY,Paraguay,2012,32.7153646,40.0809177,11.0055811353826,56.1999457,48.1537352,46.3280897,56.9272752
PY,Paraguay,2013,28.8965077,40.1387821,10.0962064841382,55.323211,48.4660271,46.184463,56.6221254
PY,Paraguay,2014,28.3405744,40.5758436,9.52253702792393,65.517973,50.7542915,49.1518034,56.5437743
PY,Paraguay,2015,28.8417581,40.069879,10.0176925113933,66.7937052,52.2783211,50.1004047,56.8573236
PY,Paraguay,2016,31.7519968,42.1097314,10.7054970567084,67.0765924,53.0269524,51.1739881,56.4659444
PY,Paraguay,2017,31.3086872,43.0612254,8.53492626715061,64.8724986,53.0115452,51.1316749,56.8973424
PY,Paraguay,2018,30.0163641,45.4742162,7.73254240471022,64.988495,53.745451,51.8249072,57.274435
PY,Paraguay,2019,30.3467354,46.0693231,8.50337786708883,66.0999086,53.2492389,52.0833954,57.2778025
PY,Paraguay,2020,31.6692411,43.9063466,7.28375188027935,65.5554031,52.9542203,52.4750947,56.9520899
PY,Paraguay,2021,29.7840951,43.6708772,7.85436422886151,64.5788595,53.1886466,50.3725892,56.0507048
PY,Paraguay,2022,28.7835673,44.6626326,7.57344466296988,64.3842251,52.960001,50.1857282,56.0666558
PY,Paraguay,2023,27.7938555,46.3571469,6.7795163925492,65.6452487,53.4116476,48.6572483,56.7526328
PY,Paraguay,2024,27.5110749,47.6020627,,65.640444,54.5919737,48.6645513,56.8785909
PE,Perú,2000,37.7056706,41.7907321,,42.5870286,59.8252432,45.2530134,50.249136
PE,Perú,2002,43.0565992,38.9352003,,44.3900678,53.6693672,50.1921001,60.509691
PE,Perú,2003,46.8198734,33.2589311,,43.6826859,54.9222343,50.6267602,59.9141495
PE,Perú,2004,39.7748152,35.8559009,,49.6848115,57.1592212,52.8173608,59.6066818
PE,Perú,2005,39.977886,36.6730622,,50.0262174,55.9784234,50.9984028,61.0739417
PE,Perú,2006,42.7673597,38.0349308,,53.3646146,58.4099881,49.876444,61.3744468
PE,Perú,2007,40.8731164,38.2895936,,56.287841,59.5704312,49.520452,61.6047415
PE,Perú,2008,41.9037966,42.830437,,53.9682012,59.6729585,48.7726289,63.7283207
PE,Perú,2009,40.268253,45.8179108,,49.8805096,60.860544,50.1933969,62.729479
PE,Perú,2010,42.7914546,49.2705533,,52.4511858,61.3778217,50.5163955,63.2647235
PE,Perú,2011,43.0676854,49.8440598,5.5180019181967,54.3237285,61.5712961,51.0245003,63.7942314
PE,Perú,2012,40.7450837,50.7623191,6.65981599009637,53.7658077,60.5777994,50.3834794,64.4205555
PE,Perú,2013,39.953662,50.7930955,6.75097413739705,53.562447,60.2684082,49.4933675,62.6258012
PE,Perú,2014,36.273805,48.9545465,6.89338555748064,58.4245305,60.9311157,49.715313,62.4643186
PE,Perú,2015,36.082934,48.1264018,7.37746900609372,59.8939211,61.6039592,51.3968926,63.3449519
PE,Perú,2016,37.8108631,50.0651133,7.88881315592262,62.508672,61.7418232,53.250673,63.5132374
PE,Perú,2017,36.0963662,51.8536209,7.9394377010568,61.6984847,61.0640081,52.7061969,63.9933032
PE,Perú,2018,36.0588653,49.859798,7.68710269227761,62.6556256,62.0299801,51.6145638,64.9233384
PE,Perú,2019,38.158594,53.6589455,7.3499267457301,63.9696202,62.9452307,51.4347008,64.6792177
PE,Perú,2020,38.0035758,51.9941924,5.79501314909191,60.168047,61.117186,51.96263,64.8398856
PE,Perú,2021,37.7622739,52.7826671,8.60480803979216,59.5255006,58.2869701,50.2425534,62.4510671
PE,Perú,2022,35.0743517,52.0399374,,53.9206255,58.0141997,50.7964811,60.5089423
PE,Perú,2023,34.9615687,49.2436782,,52.9063451,58.9123235,50.5383653,59.9426032
PE,Perú,2024,33.7059337,49.2665579,,56.1033679,58.2295298,50.1051553,57.9843678
DO,República Dominicana,2000,37.0568051,30.5232689,14.0956805476114,63.1911314,54.654012,46.5379685,58.0422314
DO,República Dominicana,2001,,,12.5569312052756,,,,
DO,República Dominicana,2002,36.0654554,33.7892757,14.4483285859447,62.6458024,50.303163,46.9022323,59.0555194
DO,República Dominicana,2003,30.6631742,33.9424475,21.1789386478885,55.4026376,48.5995633,45.1591759,57.6956681
DO,República Dominicana,2004,33.4875527,35.156679,24.5911758206467,57.7333991,48.3069151,48.1919429,59.0153776
DO,República Dominicana,2005,30.8303396,34.6003906,25.9511238657765,58.7752899,50.5111045,49.6626369,59.3831955
DO,República Dominicana,2006,34.766857,37.3905399,22.9521262431175,63.1209164,52.8024158,51.2807475,60.3671359
DO,República Dominicana,2007,32.8648154,36.9951584,22.3252575336375,64.1749084,52.8471655,51.0807652,59.8553279
DO,República Dominicana,2008,32.9944638,41.7972391,25.0074949363479,65.2090209,53.1546063,49.6336723,60.6352509
DO,República Dominicana,2009,33.47595,42.2508801,24.4964939070773,64.3335548,53.2219467,48.8798661,60.5749778
DO,República Dominicana,2010,32.6620149,41.927433,25.1930337290323,64.1999798,54.4082291,47.9343824,60.3084061
DO,República Dominicana,2011,33.7981599,42.5612376,25.2674003329003,64.2416013,52.7278624,48.7177497,59.2273595
DO,República Dominicana,2012,32.2596313,44.8888237,22.5214243986665,66.0132452,52.9200732,48.8053109,59.9397312
DO,República Dominicana,2013,32.4842614,47.083119,19.4038895577301,65.1487746,53.2291855,50.2567687,58.9816277
DO,República Dominicana,2014,32.7943805,52.3594361,17.5463639644216,66.2497464,53.7021974,52.4781876,60.2577803
DO,República Dominicana,2015,32.100597,48.8741443,,67.4460467,54.5546315,50.85226,59.3724031
DO,República Dominicana,2016,32.0314087,49.9833765,15.3154603364407,68.3866462,55.197024,50.9238377,59.3377741
DO,República Dominicana,2017,31.8975404,48.3562506,11.3998115468654,67.2042764,54.6600045,50.5257467,59.3491647
DO,República Dominicana,2018,30.9229128,47.4096937,9.90534873528498,65.7974766,54.1095885,50.7755906,59.5411767
DO,República Dominicana,2019,31.8595937,48.3287942,9.41799066618377,66.5750893,54.7113301,51.7576203,60.1086939
DO,República Dominicana,2020,33.8041609,47.4613889,8.72977662309348,69.4518509,54.7623562,53.1311846,61.230831
DO,República Dominicana,2021,37.0379972,50.5133691,10.5362752855436,71.4850078,56.0933212,53.9454493,61.761651
DO,República Dominicana,2022,39.4915989,51.2561909,12.3678475675698,74.0892959,55.0538941,54.5692147,62.6760068
DO,República Dominicana,2023,39.5157241,53.0531274,10.9166976980638,73.6492482,56.2835248,54.6895584,63.2301771
DO,República Dominicana,2024,42.7411629,53.9090315,,76.5216624,59.5051737,55.8897387,63.9269227
UY,Uruguay,2000,66.4012457,59.9874021,6.55194336304211,80.3214693,67.7895668,65.6475258,74.0983672
UY,Uruguay,2001,,,6.65801023531638,,,,
UY,Uruguay,2002,68.3561307,62.4197704,7.04511757340532,79.6707906,64.353359,69.5940585,76.6239858
UY,Uruguay,2003,68.0681156,62.193999,6.00392662896892,77.8780162,60.288787,68.9510421,76.3070618
UY,Uruguay,2004,64.1538958,58.0718036,6.09171534327958,74.5603938,60.1099933,67.6310009,74.9141451
UY,Uruguay,2005,66.8929629,63.3157845,5.78250888452056,80.0067171,61.1889954,68.9885471,76.3307203
UY,Uruguay,2006,68.0254932,63.3471218,6.14073873999033,83.7370222,62.3040812,70.5633723,77.8484519
UY,Uruguay,2007,69.1941405,63.6113065,5.88743616570098,84.4507175,62.3569613,71.3537558,78.1572977
UY,Uruguay,2008,71.8165436,68.3427709,6.69255362560008,84.3951778,63.2002769,71.6349339,79.1562147
UY,Uruguay,2009,72.1584974,68.5436138,6.82760685431307,83.8205018,61.988534,71.6723878,79.9071022
UY,Uruguay,2010,75.1919719,68.962004,6.17734091087152,81.308127,64.6367904,72.4724751,80.4153574
UY,Uruguay,2011,75.1874817,68.2790525,5.98168012770136,81.9652434,64.4146588,71.2975799,79.9540963
UY,Uruguay,2012,74.9312872,66.3053358,8.00503447711385,81.2198654,66.50776,70.2565417,78.6606366
UY,Uruguay,2013,75.2326397,66.1164874,7.77201220684194,81.9857519,67.9474308,69.8933687,79.2551449
UY,Uruguay,2014,74.0663968,69.6257274,7.98490138572303,84.932746,67.4440763,71.5386956,79.119055
UY,Uruguay,2015,73.4348869,69.0977285,8.69948102993542,84.7445091,66.3381556,72.3565508,79.9229174
UY,Uruguay,2016,75.9148104,68.1532573,7.90108434244779,85.3946393,67.7268003,73.5817493,80.1613417
UY,Uruguay,2017,75.2292327,66.3147738,8.35193212210643,85.0959028,67.2209462,73.0749134,80.0369031
UY,Uruguay,2018,75.674743,66.9121998,12.4022914485464,85.1920495,65.4823233,73.051253,80.3451965
UY,Uruguay,2019,76.0802512,69.5548348,11.5977676357818,85.8513353,65.8331641,73.1547497,80.4501442
UY,Uruguay,2020,78.5962535,69.8464022,10.0324569104505,85.5812799,66.825602,73.2409136,80.6792185
UY,Uruguay,2021,80.7470322,70.5772541,9.00875836787795,85.5589122,67.1735473,74.216891,79.911813
UY,Uruguay,2022,80.5656075,72.1342058,11.2948931452974,88.3433015,66.9979539,74.6806096,79.4618343
UY,Uruguay,2023,79.2878847,70.1429271,11.2453054170348,86.4585245,65.9460598,74.3272277,79.71467
UY,Uruguay,2024,79.0649127,70.0130198,,88.4803636,64.3969879,74.1172302,79.7854474
