country_code,country_name,year,time_trend,rule_of_law,control_corruption,political_stability,homicide_rate,homicide_rate_log,homicide_rate_lag1,homicide_rate_lag2,homicide_rate_lag3,homicide_rate_log_lag1,homicide_rate_log_lag2,homicide_rate_log_lag3,population,population_log,gdp_per_capita,gdp_per_capita_log,gdp_growth,inflation,unemployment,exports_percent_gdp,trade_percent_gdp,fdi_percent_gdp,tourist_arrivals,tourist_arrivals_log
COL,Colombia,2000,0,38.8722855,35.2865308,29.8839848,67.8921586309151,4.2325423635736925,,,,,,,39089934.0,17.481375549356354,2555.00751039968,7.845810442124553,2.92486148176778,9.22534818585365,20.52,15.915139715438,,2.43950747934181,707000.0,13.468787359304866
COL,Colombia,2002,2,43.0749396,43.1304513,25.3197419,70.3960948977152,4.268243174540494,67.8921586309151,,,4.2325423635736925,,,40324680.0,17.51247424642019,2428.92969771584,7.795205985691528,2.50398046659659,6.35150728778872,14.481,14.8155696775272,,2.17844751407948,661000.0,13.401510631691982
COL,Colombia,2003,3,43.8729139,44.2469541,26.0280015,57.4608630160922,4.068357522079989,70.3960948977152,67.8921586309151,,4.268243174540494,4.2325423635736925,,40937429.0,17.527555337007097,2311.94218760291,7.745843224117566,3.91827190322513,7.1297886294186,13.221,16.5752997117627,,1.81783931129221,668000.0,13.41204494952365
COL,Colombia,2004,4,47.8045975,46.3593505,31.939793,48.6481875848116,3.9049618859943185,57.4608630160922,70.3960948977152,67.8921586309151,4.068357522079989,4.268243174540494,4.2325423635736925,41543171.0,17.54224370956042,2818.57195413044,7.943985636424234,5.33302206759905,5.90402005546502,13.717,16.7707514248023,,2.66083488771203,840000.0,13.641158361294979
COL,Colombia,2005,5,47.3314856,45.8270002,31.7315837,42.9894132012747,3.7839489959053183,48.6481875848116,57.4608630160922,70.3960948977152,3.9049618859943185,4.068357522079989,4.268243174540494,42128977.0,17.55624635167605,3456.06610874512,8.14788625842882,4.82876110773741,5.05101962689695,11.062,16.9710437391629,,7.02979401438219,981000.0,13.796328757914972
COL,Colombia,2006,6,47.4503858,43.7548743,34.5742712,40.9429758324124,3.736310977472892,42.9894132012747,48.6481875848116,57.4608630160922,3.7839489959053183,3.9049618859943185,4.068357522079989,42691084.0,17.569500650775314,3789.85361217027,8.240082672573331,6.71686869844402,4.29342363628926,11.088,17.7285877506525,,4.17238510059526,2096000.0,14.555541801522192
COL,Colombia,2007,7,49.4009901,42.5056073,38.2877257,39.7776140409658,3.7081332553661266,40.9429758324124,42.9894132012747,48.6481875848116,3.736310977472892,3.7839489959053183,3.9049618859943185,43235374.0,17.582169560738237,4769.926147194,8.470086100993974,6.73819469090975,5.54438485815155,11.204,16.4331421263646,,4.30867680626701,2381000.0,14.683031545460512
COL,Colombia,2008,8,49.9302984,43.1971573,37.8071024,36.8840024517578,3.6345289240813536,39.7776140409658,40.9429758324124,42.9894132012747,3.7081332553661266,3.736310977472892,3.7839489959053183,43758808.0,17.59420347621888,5541.83629665898,8.620081186310896,3.28344618616541,6.9968849555451,11.273,18.1095951350739,,4.35627834630067,2545000.0,14.749641600893991
COL,Colombia,2009,9,48.9970118,41.9935632,39.1755145,35.7272410703666,3.603518743216944,36.8840024517578,39.7776140409658,40.9429758324124,3.6345289240813536,3.7081332553661266,3.736310977472892,44271541.0,17.60585261322832,5250.97292433518,8.566168657337226,1.13964864548062,4.20251661216481,12.066,16.4244956875755,,3.45627065154005,2649000.0,14.789693145755079
COL,Colombia,2010,10,50.7518616,40.2418143,43.1639794,34.5241750628259,3.5702134523997073,35.7272410703666,36.8840024517578,39.7776140409658,3.603518743216944,3.6345289240813536,3.7081332553661266,44777319.0,17.617212296864682,6398.2958447102,8.763786959626445,4.49465897070922,2.27200227892008,11.153,16.3408447597691,,2.24433595561184,1701000.0,14.346727459267303
COL,Colombia,2011,11,50.2483332,43.6714103,45.9787128,35.6322084408409,3.600927865468571,34.5241750628259,35.7272410703666,36.8840024517578,3.5702134523997073,3.603518743216944,3.6345289240813536,45259614.0,17.62792566963131,7400.9940695669,8.90936960389555,6.94789198173555,3.4150334477625,10.288,19.2765050733171,,4.37269536127322,2356000.0,14.672476248201741
COL,Colombia,2012,12,49.2600929,39.5560695,43.151392,35.9613009153726,3.609871444080799,35.6322084408409,34.5241750628259,35.7272410703666,3.600927865468571,3.5702134523997073,3.603518743216944,45715810.0,17.637954747896842,8108.59838244229,9.00068030633393,3.91263576716115,3.16930188840055,9.959,18.8112052836654,,4.05728041313345,2434000.0,14.70504696337587
COL,Colombia,2013,13,48.6401238,38.9235722,43.7037921,33.4159707994424,3.5385207240662275,35.9613009153726,35.6322084408409,34.5241750628259,3.609871444080799,3.600927865468571,3.5702134523997073,46151584.0,17.647441841184357,8279.10255642981,9.021489854600409,5.13399351995672,2.01699224310383,9.246,18.0864397214368,,4.24252457969381,2595000.0,14.769097459938507
COL,Colombia,2014,14,49.8831049,40.3387065,48.8925418,28.654305199833,3.3896073155720416,33.4159707994424,35.9613009153726,35.6322084408409,3.5385207240662275,3.609871444080799,3.600927865468571,46565429.0,17.65636895682362,8187.20824890084,9.010328245586576,4.49903000110972,2.89883787761737,8.799,16.6347491096509,,4.24107256687862,2866000.0,14.868428236288546
COL,Colombia,2015,15,50.0884527,41.4314416,49.5727208,27.2152782480106,3.3398636130776196,28.654305199833,33.4159707994424,35.9613009153726,3.3896073155720416,3.5385207240662275,3.609871444080799,46969940.0,17.66501838059125,6248.51490534512,8.740099099350715,2.95590137527523,4.98983115849529,8.572,15.6502115094968,,3.95939854860993,3371000.0,15.030720290864032
COL,Colombia,2016,16,50.9612969,40.3758051,50.9727937,26.1438669043183,3.301151124151248,27.2152782480106,28.654305199833,33.4159707994424,3.3398636130776196,3.3896073155720416,3.5385207240662275,47437512.0,17.67492386608452,5959.84250367574,8.692799334152472,2.08738250162794,7.51346024627674,8.922,14.7171392781975,,4.90164572903473,3675000.0,15.11706396273788
COL,Colombia,2017,17,50.6762137,39.5383299,52.5716247,25.5510587151196,3.2790696231686014,26.1438669043183,27.2152782480106,28.654305199833,3.301151124151248,3.3398636130776196,3.3896073155720416,48131078.0,17.689438638701436,6479.53231292429,8.77640361281022,1.35936086788746,4.3143132569501,9.086,15.1452897484005,,4.3931823276543,4056000.0,15.21570807080145
COL,Colombia,2018,18,49.701606,41.405998,54.5255309,23.8207594532571,3.2116803777473835,25.5510587151196,26.1438669043183,27.2152782480106,3.2790696231686014,3.301151124151248,3.3398636130776196,49024465.0,17.707830017187547,6816.96818309544,8.827170104063562,2.56432428277704,3.24056932930569,9.36,15.8997196775431,,3.38083573220188,4397000.0,15.296433275590713
COL,Colombia,2019,19,49.1724423,42.3435637,50.4304751,23.3990612924966,3.194544659940113,23.8207594532571,25.5510587151196,26.1438669043183,3.2116803777473835,3.2790696231686014,3.301151124151248,49907985.0,17.725691567959988,6472.54544924705,8.77532473350093,3.18685539245533,3.52301932741446,10.28,15.8680386541241,,4.33058240931506,4531000.0,15.326453444351083
COL,Colombia,2020,20,48.6606218,42.6636046,54.2459136,22.6427030734102,3.1630545292080723,23.3990612924966,23.8207594532571,25.5510587151196,3.194544659940113,3.2116803777473835,3.2790696231686014,50629997.0,17.740054784692685,5339.68711357943,8.582922337274953,-7.18591413760859,2.52663500084706,15.983,13.5222755593302,,2.7588942895314,1396000.0,14.149122278636577
COL,Colombia,2021,21,48.2391764,42.3947687,48.5602739,25.5801274097033,3.280163846716173,22.6427030734102,23.3990612924966,23.8207594532571,3.1630545292080723,3.194544659940113,3.2116803777473835,51188173.0,17.751019067232278,6222.62164397614,8.735946583102677,10.8011981904878,3.49505757399448,13.898,16.1970059548864,,3.00175693787234,,
COL,Colombia,2022,22,47.8491027,42.6648919,52.0722697,24.9488076386337,3.2561256601413504,25.5801274097033,22.6427030734102,23.3990612924966,3.280163846716173,3.1630545292080723,3.194544659940113,51737944.0,17.76170199678534,6680.44506854481,8.806939891338876,7.32827729427979,10.1772313546166,10.541,20.3883679938331,,4.97124137726565,,
COL,Colombia,2023,23,47.2427231,41.6000941,52.2402416,24.9134420347488,3.254761831553529,24.9488076386337,25.5801274097033,22.6427030734102,3.2561256601413504,3.280163846716173,3.1630545292080723,52321152.0,17.77291128321944,7000.83660501046,8.853784935897595,0.712380031974334,11.7359044948689,9.591,17.8316784070298,,4.58478761240549,,
CRI,Costa Rica,2000,0,65.3048916,68.5921845,77.3356885,6.3234257019066,1.9910782105628315,,,,,,,3937739.0,15.18611725868665,3812.75388284924,8.246107010921255,3.86871808953644,10.9615496593622,5.08,42.9303221707385,,4.81846449896273,1278000.0,14.060807696391924
CRI,Costa Rica,2002,2,67.3024742,57.143028,81.7856914,6.33019318130238,1.992001870435639,6.3234257019066,,,1.9910782105628315,,,4075705.0,15.220554295828235,4067.71851429092,8.310837559663966,3.41687639041064,9.16752048509118,6.396,39.2245352070616,,4.36202694033196,1335000.0,14.104442598879876
CRI,Costa Rica,2003,3,66.5482031,57.622973,76.1467767,7.24850496564873,2.1100319676399324,6.33019318130238,6.3234257019066,,1.992001870435639,1.9910782105628315,,4138784.0,15.235912582850624,4173.14856415514,8.336426081241125,4.31717986636224,9.44758091616983,6.654,40.6717129184331,,4.48353970316272,1514000.0,14.230266373481294
CRI,Costa Rica,2004,4,66.4836079,55.5280511,77.7265223,6.66654365306355,2.036865881879733,7.24850496564873,6.33019318130238,6.3234257019066,2.1100319676399324,1.992001870435639,1.9910782105628315,4200078.0,15.25061365450972,4431.0117207843,8.396383216374122,4.42459959654504,12.3148150178852,6.445,42.2076534629626,,5.8231265333186,1771000.0,14.38705548141755
CRI,Costa Rica,2005,5,67.6124235,55.6495671,80.0237175,7.86156142343543,2.181722981983187,6.66654365306355,7.24850496564873,6.33019318130238,2.036865881879733,2.1100319676399324,1.992001870435639,4261240.0,15.26507075570225,4703.00721784778,8.455957416676547,3.97666636818026,13.7982949108987,6.749,43.4645223606983,,7.62843539507747,1959000.0,14.48794520739107
CRI,Costa Rica,2006,6,66.2066705,55.9348432,80.6908838,8.12248146668412,2.2107418577214824,7.86156142343543,6.66654365306355,7.24850496564873,2.181722981983187,2.036865881879733,2.1100319676399324,4321340.0,15.279076097308,5256.59640859159,8.567239025681252,7.3266954325067,11.4705968149052,5.926,43.3140351086932,,7.92850433097117,2071000.0,14.543542623236126
CRI,Costa Rica,2007,7,66.0464956,57.0957135,79.7853711,8.42418151029137,2.2432788871536506,8.12248146668412,7.86156142343543,6.66654365306355,2.2107418577214824,2.181722981983187,2.036865881879733,4380248.0,15.292615901754287,6137.71199925542,8.722207313136439,8.21513198348715,9.35724456417157,4.557,40.5821375084213,,8.33742597856098,2302000.0,14.649289302668736
CRI,Costa Rica,2008,8,66.4427462,57.7269153,75.7933293,11.5313873891892,2.528236488172563,8.42418151029137,8.12248146668412,7.86156142343543,2.2432788871536506,2.2107418577214824,2.181722981983187,4440056.0,15.306177546941482,6937.24261596055,8.844659656964371,4.73817487754022,13.4244635507283,4.934,38.8064606509756,,7.90900698278232,2409000.0,14.694722696706926
CRI,Costa Rica,2009,9,67.7552551,60.3773986,78.1993684,11.6672085436857,2.5390166499079085,11.5313873891892,8.42418151029137,8.12248146668412,2.528236488172563,2.2432788871536506,2.2107418577214824,4499791.0,15.319541509217528,6832.69829924138,8.829474940321626,-0.873455942787785,7.84270167700653,7.824,34.6323050259288,,5.25151067245965,2309000.0,14.652325521424455
CRI,Costa Rica,2010,10,68.1503268,62.0102548,79.4541674,11.5672606575735,2.5310950718497125,11.6672085436857,11.5313873891892,8.42418151029137,2.5390166499079085,2.528236488172563,2.2432788871536506,4555962.0,15.331947262864734,8265.78820275582,9.019880372042687,5.36034352634111,5.66275708420021,7.171,32.8294113467273,,5.06371170213526,2495000.0,14.72979968796928
CRI,Costa Rica,2011,11,64.9264179,61.1718727,76.6845977,10.282368146525,2.4232411661029802,11.5672606575735,11.6672085436857,11.5313873891892,2.5310950718497125,2.5390166499079085,2.528236488172563,4609833.0,15.343702188720139,9276.39107511347,9.135227857373899,4.40315923970431,4.87799830970702,9.518,32.4724708770444,,6.39172539644787,2526000.0,14.742147977775314
CRI,Costa Rica,2012,12,64.6597621,61.4268371,77.0920998,8.72653951862736,2.274858182232867,10.282368146525,11.5672606575735,11.6672085436857,2.4232411661029802,2.5310950718497125,2.5390166499079085,4663934.0,15.355369855968943,10126.9991024177,9.222960314699685,4.88259241025739,4.49545314354605,9.11,31.6513173356963,,5.70866124854743,2542000.0,14.74846212412249
CRI,Costa Rica,2013,13,64.8418686,61.2814766,77.153462,8.71474107995362,2.2736444308997323,8.72653951862736,10.282368146525,11.5672606575735,2.274858182232867,2.4232411661029802,2.5310950718497125,4716147.0,15.36650271063707,10803.2401962173,9.287601386284129,2.49476611209954,5.23133614174428,8.218,30.5916493612524,,6.29127735209415,2641000.0,14.78666856992365
CRI,Costa Rica,2014,14,66.3685302,63.6632595,77.5166561,10.0060434824472,2.398444529424529,8.71474107995362,8.72653951862736,10.282368146525,2.2736444308997323,2.274858182232867,2.4232411661029802,4767119.0,15.377252697164666,10911.497878334,9.297572363475926,3.54210987765977,4.51920098516953,8.499,31.3629152835975,,6.23293662208767,2760000.0,14.830741600012107
CRI,Costa Rica,2015,15,65.935817,63.4401897,78.6355453,11.5607212354156,2.5305745825932826,10.0060434824472,8.71474107995362,8.72653951862736,2.398444529424529,2.2736444308997323,2.274858182232867,4818038.0,15.38787734921593,11714.7105980732,9.368600647100541,3.65208096802883,0.801982005099623,8.415,29.9956578647983,,5.23639457671538,2899000.0,14.879876752850267
CRI,Costa Rica,2016,16,65.8170374,64.1176151,78.4171178,11.8759050112518,2.555357736215486,11.5607212354156,10.0060434824472,8.71474107995362,2.5305745825932826,2.398444529424529,2.2736444308997323,4866998.0,15.397987877884749,12091.0301606154,9.400219147639369,4.20432325175899,-0.0174788505908217,8.085,31.2600963003845,,4.45296211770326,3204000.0,14.9799108992802
CRI,Costa Rica,2017,17,66.277594,59.7032522,78.5448694,12.2731177810203,2.585740770334845,11.8759050112518,11.5607212354156,10.0060434824472,2.555357736215486,2.5305745825932826,2.398444529424529,4913177.0,15.407431337369328,12317.0902771304,9.418743030388555,4.1576989627609,1.62590692991731,7.729,32.7626831479863,,4.83327522078441,3231000.0,14.988302554308289
CRI,Costa Rica,2018,18,65.8900262,61.0056411,76.735494,11.7995456872358,2.5494096771109707,12.2731177810203,11.8759050112518,11.5607212354156,2.585740770334845,2.555357736215486,2.5305745825932826,4957818.0,15.416476282553363,12590.2493781614,9.440677934480144,2.6159044043379,2.2211146152658,9.01,33.7385107761536,,4.829438721344,3313000.0,15.01336498312322
CRI,Costa Rica,2019,19,66.9617832,62.5292538,76.5896171,11.2610056078008,2.5064239506191037,11.7995456872358,12.2731177810203,11.8759050112518,2.5494096771109707,2.585740770334845,2.555357736215486,4999553.0,15.424859066401956,12884.6859951989,9.463794752995097,2.41751181762513,2.09604635327807,10.807,34.3253215593308,,4.22094016659811,3366000.0,15.029235950821377
CRI,Costa Rica,2020,20,67.8366858,63.1650182,81.6952443,11.3222838436969,2.5114093178486447,11.2610056078008,11.7995456872358,12.2731177810203,2.5064239506191037,2.5494096771109707,2.585740770334845,5034320.0,15.431789020396428,12394.0493969492,9.42497174906754,-4.27335432161462,0.724911478131375,16.432,31.9064976578059,,3.37043523313038,1146500.0,13.952225253499515
CRI,Costa Rica,2021,21,67.4710513,59.8166838,83.2688714,11.6205820666553,2.5353289786053423,11.3222838436969,11.2610056078008,11.7995456872358,2.5114093178486447,2.5064239506191037,2.5494096771109707,5059988.0,15.436874669719334,12838.1185358931,9.460174035034667,7.93576224743147,1.72647755109241,15.139,36.1763570269654,,5.53072986406838,,
CRI,Costa Rica,2022,22,68.4538686,59.3313828,85.4710022,12.908902016219,2.632529067968574,11.6205820666553,11.3222838436969,11.2610056078008,2.5353289786053423,2.5114093178486447,2.5064239506191037,5081765.0,15.441169200155919,13625.9008491328,9.519727734713333,4.55149177958398,8.27477490232654,11.325,42.4051961144394,,5.4175310653788,,
CRI,Costa Rica,2023,23,68.0333663,61.5697363,86.1234989,17.7454798727379,2.9309526498995653,12.908902016219,11.6205820666553,11.3222838436969,2.632529067968574,2.5353289786053423,2.5114093178486447,5105525.0,15.445833844645792,16942.0268119375,9.737552607562401,5.11192183224598,0.525193508693455,8.325,38.9156320351491,,5.4191807109794,,
DOM,República Dominicana,2000,0,44.6542196,36.7998081,63.6298001,14.0956805476114,2.714408646449352,,,,,,,8584190.0,15.965432697250883,2831.45883638033,7.948547347705056,4.65172550299128,7.72413566181615,6.432,35.4978251417642,,4.0689908919589,3161000.0,14.966399307553289
DOM,República Dominicana,2002,2,44.7024061,35.950275,63.162825,14.4483285859447,2.7375008153521434,14.0956805476114,,,2.714408646449352,,,8852235.0,15.996180527473536,3065.60329524196,8.027999662685266,4.48650367045651,5.22336769759446,6.779,30.724010155589,,3.41225986375611,3058000.0,14.93327199248221
DOM,República Dominicana,2003,3,43.3697194,30.5054317,55.718872,21.1789386478885,3.099143129013921,14.4483285859447,14.0956805476114,,2.7375008153521434,2.714408646449352,,8980620.0,16.01057948021133,2383.26171780393,7.776225298094603,-1.34935744782766,27.4497127394394,6.938,42.1529981602708,,2.88055489904245,3680000.0,15.118423581884207
DOM,República Dominicana,2004,4,46.0778597,33.3098417,58.1533844,24.5911758206467,3.2422475975587224,21.1789386478885,14.4483285859447,14.0956805476114,3.099143129013921,2.7375008153521434,2.714408646449352,9104892.0,16.024322409459,2451.69161616569,7.804533520861816,2.58556667449577,51.4608598338065,6.303,41.1474766418853,,4.18629057899448,3907000.0,15.178280629988032
DOM,República Dominicana,2005,5,47.322777,30.6147401,59.2115536,25.9511238657765,3.294024998369607,24.5911758206467,21.1789386478885,14.4483285859447,3.2422475975587224,3.099143129013921,2.7375008153521434,9225034.0,16.03743143352093,3878.31206735244,8.263155303774978,9.43178931977285,4.19020260472056,6.587,28.3311381514539,,3.12598170087694,3981000.0,15.19704385317559
DOM,República Dominicana,2006,6,49.0826523,34.5887949,63.2623629,22.9521262431175,3.176057098334621,25.9511238657765,24.5911758206467,21.1789386478885,3.294024998369607,3.2422475975587224,3.099143129013921,9341183.0,16.049943461713294,4055.14270347371,8.30774115790901,9.17120650955299,7.57280523853073,5.654,28.2249162691947,,4.0356569620282,4268000.0,15.266656125705534
DOM,República Dominicana,2007,7,48.7548159,32.6530768,64.527305,22.3252575336375,3.1495367877715976,22.9521262431175,25.9511238657765,24.5911758206467,3.176057098334621,3.294024998369607,3.2422475975587224,9455658.0,16.062123850461266,4649.64558875814,8.444546278205335,7.41840577774235,6.14356655248047,5.158,26.7620220119612,,5.12424998266344,4365000.0,15.289128976350888
DOM,República Dominicana,2008,8,47.1851378,32.7897739,65.4106236,25.0074949363479,3.2583847632632077,22.3252575336375,22.9521262431175,25.9511238657765,3.1495367877715976,3.176057098334621,3.294024998369607,9573130.0,16.07447077369631,5023.58513403515,8.521899127914168,3.26808671288212,10.6446210953711,4.764,23.9483515015273,,5.67335967834237,4455000.0,15.309537843353914
DOM,República Dominicana,2009,9,46.490686,33.2767873,64.886063,24.4964939070773,3.23854094887113,25.0074949363479,22.3252575336375,22.9521262431175,3.2583847632632077,3.1495367877715976,3.176057098334621,9695265.0,16.087148179962483,4973.95186999952,8.51196994799959,1.00345293018719,1.44215131834353,5.467,21.0931826103163,,3.51548540591409,4489000.0,15.317140740530808
DOM,República Dominicana,2010,10,45.6350077,32.4510258,64.9199956,25.1930337290323,3.2654934872076415,24.4964939070773,25.0074949363479,22.3252575336375,3.23854094887113,3.2583847632632077,3.1495367877715976,9820175.0,16.09994950094579,5478.62470398954,8.608609382019452,8.40114541209596,6.32993220146146,5.212,22.7751186165488,,3.38320513554667,4478000.0,15.314687299454791
DOM,República Dominicana,2011,11,46.5660671,33.542595,64.873245,25.2674003329003,3.268328639261243,25.1930337290323,24.4964939070773,25.0074949363479,3.2654934872076415,3.23854094887113,3.2583847632632077,9945621.0,16.112642911759615,5826.51014109195,8.670173496523594,3.19196227475523,5.79676809206533,6.087,24.3269602141381,,3.79217588020774,4654000.0,15.35323783771328
DOM,República Dominicana,2012,12,46.8745346,32.032281,66.4306599,22.5214243986665,3.157911682364466,25.2674003329003,25.1930337290323,24.4964939070773,3.268328639261243,3.2654934872076415,3.23854094887113,10070411.0,16.125112078161767,6013.81965002603,8.701815374742651,2.77567100848816,3.69449707884776,6.722,24.7666213993906,,5.64036946601582,4901000.0,15.404950027931655
DOM,República Dominicana,2013,13,47.6363216,32.2508937,65.7284045,19.4038895577301,3.0157255472705997,22.5214243986665,25.2674003329003,25.1930337290323,3.157911682364466,3.268328639261243,3.2654934872076415,10193833.0,16.137293487562335,6136.59429329301,8.722025191892458,4.93473300709881,4.830950967408,7.351,25.3838177066263,,2.55757225532805,5114000.0,15.4474926303749
DOM,República Dominicana,2014,14,49.8492033,32.5615749,66.8331451,17.5463639644216,2.9202737571408,19.4038895577301,22.5214243986665,25.2674003329003,3.0157255472705997,3.157911682364466,3.268328639261243,10315528.0,16.149160890768336,6496.45166971142,8.779011409860257,7.11122629673892,2.99864226125218,6.719,25.4069026925032,,3.55938801753347,5576000.0,15.53398241076251
DOM,República Dominicana,2016,16,47.7981194,31.7819762,68.5519931,15.3154603364407,2.7921131451814474,17.5463639644216,19.4038895577301,22.5214243986665,2.9202737571408,3.0157255472705997,3.157911682364466,10551430.0,16.17177195372465,7160.44200982307,8.876326991264788,6.71974078681295,1.61416607245222,7.284,24.1938670386292,,3.33024928523507,6769000.0,15.727864071223042
DOM,República Dominicana,2017,17,47.3345164,31.6402349,67.4637175,11.3998115468654,2.5176812746620674,15.3154603364407,17.5463639644216,19.4038895577301,2.7921131451814474,2.9202737571408,3.0157255472705997,10666843.0,16.18265070320925,7412.71571571512,8.910952144496719,3.93386176401576,3.27955694678546,5.832,24.1797519638034,,4.55025610026855,7296000.0,15.802836947797699
DOM,República Dominicana,2018,18,47.5276274,30.7634121,65.9469346,9.90534873528498,2.389253378535658,11.3998115468654,15.3154603364407,17.5463639644216,2.5176812746620674,2.7921131451814474,2.9202737571408,10782053.0,16.193393550581742,7882.98221584944,8.972461565044354,7.09751640210159,3.56443426013507,5.861,23.993089643769,,3.22902365102652,7551000.0,15.837190695218345
DOM,República Dominicana,2019,19,48.7017175,31.6185157,66.7744903,9.41799066618377,2.3435341833909193,9.90534873528498,11.3998115468654,15.3154603364407,2.389253378535658,2.5176812746620674,2.7921131451814474,10894043.0,16.203726684044828,8183.01623600375,9.009816094639277,4.8940301149584,1.81060377042959,6.356,23.325332586795,,3.17366550445317,7550000.0,15.83705825367553
DOM,República Dominicana,2020,20,50.4017581,33.553066,69.9277076,8.72977662309348,2.2751909383900357,9.41799066618377,9.90534873528498,11.3998115468654,2.3435341833909193,2.389253378535658,2.5176812746620674,11008300.0,16.214160091690886,7135.22273255899,8.872798746320544,-7.92905234231061,3.78103179915516,6.126,18.7972072415048,,3.13265976088131,2748000.0,14.82638429622533
DOM,República Dominicana,2021,21,51.3825289,36.8179688,71.8780557,10.5362752855436,2.4454964434291275,8.72977662309348,9.41799066618377,9.90534873528498,2.2751909383900357,2.3435341833909193,2.389253378535658,11123476.0,16.224568387868715,8527.0754858205,9.05100173126772,14.0124289062207,8.24300347981809,7.702,21.5282997986043,,3.53154938314388,,
DOM,República Dominicana,2022,22,52.190124,39.3094062,74.289238,12.3678475675698,2.5928523884430565,10.5362752855436,8.72977662309348,9.41799066618377,2.4454964434291275,2.2751909383900357,2.3435341833909193,11230734.0,16.234164685219852,10104.2449349081,9.220710905116963,5.23795652902595,8.81109209279587,5.504,22.0261866198241,,3.56897098132173,,
DOM,República Dominicana,2023,23,52.8141789,39.1539431,73.8470193,10.9166976980638,2.4779405845018423,12.3678475675698,10.5362752855436,8.72977662309348,2.5928523884430565,2.4454964434291275,2.2751909383900357,11331265.0,16.243076277257174,10630.431743829,9.271476086111296,2.19229848237939,4.78561281021135,5.555,21.3233165320401,,3.94375586800192,,
GTM,Guatemala,2000,0,39.7765583,36.4253418,50.2131715,24.8256222306266,3.251367108834576,,,,,,,11697592.0,16.274893566619983,3165.9323746889,8.06020288035462,3.6088687174876,5.97757734737136,2.143,20.1950343956927,,-4.08835554722306,826000.0,13.624351263156136
GTM,Guatemala,2002,2,39.2414173,31.6690548,49.2101143,29.6482816428349,3.422576596955279,24.8256222306266,,,3.251367108834576,,,12246915.0,16.32078462650412,3213.26837369582,8.075043883077315,3.83928708556792,8.13263054281054,2.254,26.7262767971618,,-4.97449876130187,884000.0,13.69221347284086
GTM,Guatemala,2003,3,38.6392974,31.4200515,50.1020421,33.8260706875462,3.5503662639899902,29.6482816428349,24.8256222306266,,3.422576596955279,3.251367108834576,,12525842.0,16.34330442822457,3222.15468293683,8.077805570944838,2.56037766801896,5.60347675434469,2.807,26.1810997164793,,0.0903239703402523,880000.0,13.68767832281738
GTM,Guatemala,2004,4,41.5842466,35.8246135,49.8931273,35.1905874431052,3.5887990696380303,33.8260706875462,29.6482816428349,24.8256222306266,3.5503662639899902,3.422576596955279,3.251367108834576,12807402.0,16.365533842999678,3250.20406037693,8.086473061160998,3.13791683609193,7.57862247309729,2.971,27.4194097089723,,1.36317570702825,1182000.0,13.982719322971512
GTM,Guatemala,2005,5,41.1657718,34.9110624,50.4675832,40.7866100416894,3.7325759542819616,35.1905874431052,33.8260706875462,29.6482816428349,3.5887990696380303,3.5503662639899902,3.422576596955279,13087629.0,16.387177990845878,3284.80971612832,8.097064004165896,3.27602692588886,9.1086498571922,3.059,25.454901513817,,2.01617500337249,1316000.0,14.09010815074553
GTM,Guatemala,2006,6,41.0857386,34.7665824,50.9033246,44.0248234172562,3.8072139691721794,40.7866100416894,35.1905874431052,33.8260706875462,3.7325759542819616,3.5887990696380303,3.5503662639899902,13367459.0,16.408333878659867,3388.15003339926,8.128039338557464,5.35139778711536,6.56085282795384,2.96,25.3398334344627,,2.13587522888421,1502000.0,14.222308777084956
GTM,Guatemala,2007,7,41.0928415,35.460776,51.6469157,42.3453198203345,3.769198734776126,44.0248234172562,40.7866100416894,35.1905874431052,3.8072139691721794,3.7325759542819616,3.5887990696380303,13652040.0,16.429399518978073,3527.7782721364,8.168423567117761,6.33771869016203,6.82161753590326,2.847,25.9805176037841,,2.55959192771149,1628000.0,14.302863439795049
GTM,Guatemala,2008,8,40.6894949,38.5427601,52.6221145,45.1519299292567,3.8319387786932673,42.3453198203345,44.0248234172562,40.7866100416894,3.769198734776126,3.8072139691721794,3.7325759542819616,13935174.0,16.449926705364902,3569.92861121538,8.180300877715307,3.29352400028485,11.355761126315,2.898,25.1243459208619,,1.89952208705823,1715000.0,14.354924221672386
GTM,Guatemala,2009,9,41.2801954,37.4860387,52.2082581,45.7103110094951,3.843964932798318,45.1519299292567,42.3453198203345,44.0248234172562,3.8319387786932673,3.769198734776126,3.8072139691721794,14215611.0,16.46985128490819,3516.19227725255,8.165133943672892,0.476898106596394,1.85910254733028,3.22,24.3678264820599,,1.34627822535543,1311000.0,14.086301525522053
GTM,Guatemala,2010,10,41.4796434,35.2860247,52.0388513,41.1031293722721,3.740122069808806,45.7103110094951,45.1519299292567,42.3453198203345,3.843964932798318,3.8319387786932673,3.769198734776126,14500112.0,16.489666931498903,3546.6258162259,8.173751956179775,2.88417542800377,3.8595090983316,3.497,26.2254643341594,,2.71030706792051,1384000.0,14.140489137702843
GTM,Guatemala,2011,11,39.1893325,36.6847937,53.0292715,38.4055692334411,3.6739071574173283,41.1031293722721,45.7103110094951,45.1519299292567,3.740122069808806,3.843964932798318,3.8319387786932673,14792126.0,16.50960557013072,3621.37409769184,8.194608817793403,4.16390688293349,6.214123930671,3.169,27.0677057848772,,1.87038244023626,1434000.0,14.17597899749153
GTM,Guatemala,2012,12,40.422741,32.2842052,53.6642168,34.1624967821479,3.559980082302225,38.4055692334411,41.1031293722721,45.7103110094951,3.6739071574173283,3.740122069808806,3.843964932798318,15089647.0,16.52951943749493,3655.57315791242,8.204008174640052,2.97470856847661,3.78180754679678,2.765,25.267092636425,,2.82256297187213,1491000.0,14.214958264437461
GTM,Guatemala,2013,13,39.1168875,33.2766314,53.3610765,33.5015723155484,3.5410048973625563,34.1624967821479,38.4055692334411,41.1031293722721,3.559980082302225,3.6739071574173283,3.740122069808806,15387337.0,16.54905545640493,3717.30462628413,8.220754121817835,3.69481894978053,4.34337131279521,3.017,21.9981664670011,,2.87216286478145,1516000.0,14.231586504814842
GTM,Guatemala,2014,14,40.4388382,30.2285619,53.4202728,33.4975903480006,3.54088947661255,33.5015723155484,34.1624967821479,38.4055692334411,3.5410048973625563,3.559980082302225,3.6739071574173283,15681725.0,16.56800657959068,3809.61587570091,8.245283643012058,4.44397783368888,3.4183616966296,2.717,21.7443606885213,,2.43302117698753,1739000.0,14.368821368379383
GTM,Guatemala,2017,17,40.596175,29.9629181,53.9242978,32.8054740415143,3.5206227432668133,33.4975903480006,33.5015723155484,34.1624967821479,3.54088947661255,3.5410048973625563,3.559980082302225,16567357.0,16.622944871550697,3972.74057836068,8.28721145752381,3.07985126948702,4.42453655182546,2.462,18.4950394164293,,1.39328931381397,2120000.0,14.566927118346197
GTM,Guatemala,2018,18,40.0835439,28.1792179,54.2170508,28.9035441420162,3.397977006549938,32.8054740415143,33.4975903480006,33.5015723155484,3.5206227432668133,3.54088947661255,3.5410048973625563,16845685.0,16.63960509888172,4040.2121371198,8.304052478764707,3.40687348346576,3.75186186704508,2.283,18.1693258488802,,1.25790065429015,2406000.0,14.693476591144272
GTM,Guatemala,2019,19,39.6565997,27.5352234,54.0326157,25.9415998284592,3.2936715540912855,28.9035441420162,32.8054740415143,33.4975903480006,3.397977006549938,3.5206227432668133,3.54088947661255,17103803.0,16.654811394407012,4139.12203836307,8.328238976301511,4.01789785040324,3.69998398008605,2.193,17.6119727745274,,1.51707073546928,2560000.0,14.75551820708067
GTM,Guatemala,2020,20,40.3404859,25.5915523,56.2626186,18.1882859775834,2.9542999875095446,25.9415998284592,28.9035441420162,32.8054740415143,3.2936715540912855,3.397977006549938,3.5206227432668133,17357325.0,16.669525165461664,4005.83911593999,8.295508354645456,-1.78555175063326,3.21444062197345,2.965,16.3436118075967,,1.29230382378627,594000.0,13.29463628184505
GTM,Guatemala,2021,21,40.1745041,23.2024743,56.0882035,20.2458705569498,3.0561625497547658,18.1882859775834,25.9415998284592,28.9035441420162,2.9542999875095446,3.2936715540912855,3.397977006549938,17598650.0,16.683332752520982,4268.62858565412,8.359047880315273,8.04170378184928,4.26105127422813,2.174,17.6296569856584,,4.19448571319716,,
GTM,Guatemala,2022,22,39.1149668,23.2277115,60.7606088,22.0474401521257,3.137554706968538,20.2458705569498,18.1882859775834,25.9415998284592,3.0561625497547658,2.9542999875095446,3.2936715540912855,17847877.0,16.697395123542297,4385.14891178047,8.385978863586683,4.18451817243695,6.88512823344287,3.051,18.9454999823063,,1.51615526851124,,
GTM,Guatemala,2023,23,39.5678527,25.8540445,62.441645,23.3657267272051,3.1931775025366917,22.0474401521257,20.2458705569498,18.1882859775834,3.137554706968538,3.0561625497547658,2.9542999875095446,18124838.0,16.712793820734035,4470.70728455461,8.405301904297541,3.5331575177533,6.20657592272126,2.344,16.6062377966274,,1.58123029170621,,
HND,Honduras,2000,0,35.9375044,26.7639136,59.6687239,48.2838225250265,3.8975958836891924,,,,,,,6577773.0,15.699206796166399,1092.56400746252,6.996282513319912,9.61221881702615,11.0480349344976,3.883,53.972182998888,,4.8698431531529,689000.0,13.442998001373553
HND,Honduras,2002,2,41.5566406,25.385038,60.1190581,52.2131990441944,3.9743064679097855,48.2838225250265,,,3.8975958836891924,,,6938859.0,15.752647909744407,1132.49965345317,7.032182551355526,3.75433786119939,7.69050972034271,4.02,52.730582054494,,3.6562173778393,788000.0,13.577254637874743
HND,Honduras,2003,3,39.888118,26.8279275,55.9184893,57.211379965735,4.064080867680794,52.2131990441944,48.2838225250265,,3.9743064679097855,3.8975958836891924,,7119213.0,15.778307743570993,1156.08162681357,7.052791658169877,4.54703805165397,7.67416639397937,5.3,54.0940274951722,,4.74055553954205,887000.0,13.695601388686796
HND,Honduras,2004,4,42.8684267,27.8174511,55.3012132,49.8561822453764,3.9290016931847185,57.211379965735,52.2131990441944,48.2838225250265,4.064080867680794,3.9743064679097855,3.8975958836891924,7298994.0,15.803247088403017,1215.13995412761,7.1026145377233485,6.23230296069102,8.1137909709338,5.99,58.4229834527808,,6.67606399673031,1026000.0,13.841179279371246
HND,Honduras,2005,5,44.7406001,28.6746335,54.9385161,42.9506250338895,3.783066845506501,49.8561822453764,57.211379965735,52.2131990441944,3.9290016931847185,4.064080867680794,3.9743064679097855,7478355.0,15.827523405978662,1304.70039153826,7.173728708369963,6.05059922215973,8.80906074819819,4.909,59.0058417153113,,6.16028277171203,1118000.0,13.927052827151165
HND,Honduras,2006,6,41.9251493,28.9166008,54.7563767,40.7218024373527,3.731023832395714,42.9506250338895,49.8561822453764,57.211379965735,3.783066845506501,3.9290016931847185,4.064080867680794,7656832.0,15.851108879146711,1425.84780051892,7.262521863524089,6.56724355177587,5.57775207654298,3.574,56.0546420538277,,6.57287305327357,1136000.0,13.943024758544537
HND,Honduras,2007,7,42.2492751,29.0903825,58.0674366,45.7956895764454,3.845791095614447,40.7218024373527,42.9506250338895,49.8561822453764,3.731023832395714,3.783066845506501,3.9290016931847185,7834798.0,15.87408565169134,1577.73789197407,7.363747386198851,6.18832716678008,6.93621470895774,3.211,53.5090115392915,,7.82223281251053,1309000.0,14.084774808833686
HND,Honduras,2008,8,40.2762108,28.7789483,56.661228,55.6000203180321,4.036009344184905,45.7956895764454,40.7218024373527,42.9506250338895,3.845791095614447,3.731023832395714,3.783066845506501,8012587.0,15.896524238186435,1732.49062702803,7.457315320964593,4.23160011009342,11.4034270813932,3.156,51.3252766875914,,8.65020371949481,1561000.0,14.260837840112353
HND,Honduras,2009,9,40.3345774,27.5983405,57.0346967,64.4696634518731,4.181586881946021,55.6000203180321,45.7956895764454,40.7218024373527,4.036009344184905,3.845791095614447,3.731023832395714,8189899.0,15.918412123640879,1781.15703614674,7.485018452421594,-2.43162787988011,5.49634273772208,3.292,39.5302508197518,,3.38987200238321,1589000.0,14.278616074845276
HND,Honduras,2010,10,39.8686011,27.5740405,55.1222766,74.5408954410341,4.324674171080007,64.4696634518731,55.6000203180321,45.7956895764454,4.181586881946021,4.036009344184905,3.845791095614447,8365878.0,15.939671848042664,1893.32722662035,7.54609099766531,3.73114034433009,4.69889064976226,4.119,45.7589061967483,,3.83460574737835,1965000.0,14.491003312191221
HND,Honduras,2011,11,39.3458484,28.2246925,56.9223322,83.1793333078082,4.432949443470343,74.5408954410341,64.4696634518731,55.6000203180321,4.324674171080007,4.181586881946021,4.036009344184905,8540583.0,15.960339830413591,2073.66121088074,7.637071024858434,3.83569066207505,6.7622795731476,4.474,51.2576866755535,,5.88681418228473,1852000.0,14.431777234144919
HND,Honduras,2012,12,36.4162734,25.6796455,57.1544917,82.2941714854712,4.422378576562361,83.1793333078082,74.5408954410341,64.4696634518731,4.432949443470343,4.324674171080007,4.181586881946021,8715076.0,15.980564957494906,2126.03474686503,7.662013902543044,4.12868774866939,5.19618615531848,3.755,50.9027988216362,,5.83610988955542,1903000.0,14.458942671764223
HND,Honduras,2013,13,35.6509943,25.4661377,56.7397402,72.3455871413622,4.295182341107251,82.2941714854712,83.1793333078082,74.5408954410341,4.422378576562361,4.432949443470343,4.324674171080007,8889278.0,16.00035638934384,2081.12843527945,7.640665542547515,2.79155975746801,5.16189898581494,5.646,47.9414903194725,,5.77862113948416,1857000.0,14.43447337883766
HND,Honduras,2014,14,36.7478307,28.3087415,54.1154324,64.9996731259012,4.1896497893763005,72.3455871413622,82.2941714854712,83.1793333078082,4.295182341107251,4.422378576562361,4.432949443470343,9063122.0,16.01972421027259,2179.88171977271,7.687025897326175,3.0580805621437,6.12924930313022,7.078,47.5626547300206,,8.62899693066618,2082000.0,14.548840008464333
HND,Honduras,2015,15,37.0515566,31.4353319,54.6121397,55.7305404552518,4.038312698091119,64.9996731259012,72.3455871413622,82.2941714854712,4.1896497893763005,4.295182341107251,4.422378576562361,9237305.0,16.038760734408207,2271.20265980349,7.728064776258591,3.84007997093951,3.15783117980923,6.147,45.1667574562581,,6.27594328427599,2093000.0,14.554109479211109
HND,Honduras,2016,16,36.6842303,29.1456034,53.8554146,54.7151729955654,4.020252515502999,55.7305404552518,64.9996731259012,72.3455871413622,4.038312698091119,4.1896497893763005,4.295182341107251,9412380.0,16.057536402005034,2307.34468351082,7.74385265469053,3.89297219726413,2.72461223295289,6.727,42.7141047814182,,5.28156973350556,2228000.0,14.616615328862245
HND,Honduras,2017,17,38.1934627,28.6864181,50.4087337,40.2998017393682,3.7208576994559053,54.7151729955654,55.7305404552518,64.9996731259012,4.020252515502999,4.038312698091119,4.1896497893763005,9588137.0,16.076037163128532,2413.0076562942,7.7886292385558455,4.84291391050387,3.93436084442044,5.528,43.0938548370178,,4.10592046689605,2144000.0,14.57818426759063
HND,Honduras,2018,18,38.14234,28.2290627,51.1298505,37.9817721287217,3.6630941555581273,40.2998017393682,54.7151729955654,55.7305404552518,3.7208576994559053,4.020252515502999,4.038312698091119,9765210.0,16.09433662743802,2464.64241531918,7.80980201117464,3.84499476966735,4.34734937777528,5.648,41.4548165613247,,5.99386120691106,2323000.0,14.658370442230284
HND,Honduras,2019,19,38.4368702,26.4344138,51.7655593,41.0111655865032,3.7379354302499324,37.9817721287217,40.2998017393682,54.7151729955654,3.6630941555581273,3.7208576994559053,4.020252515502999,9943633.0,16.11244300481422,2502.32744328073,7.824976555077984,2.55963434592314,4.36587159819267,5.698,40.2189637388964,,3.83846408231678,2315000.0,14.654920677467821
HND,Honduras,2020,20,37.8437257,28.1678381,54.5120159,35.7028493255269,3.6028543903445636,41.0111655865032,37.9817721287217,40.2998017393682,3.7379354302499324,3.6630941555581273,3.7208576994559053,10119640.0,16.129988648068327,2307.61494319511,7.743969778005341,-8.96508223267296,3.46841177951184,10.982,35.8751401030378,,1.0106822391556,669000.0,13.41354083387756
HND,Honduras,2021,21,37.3143589,25.1758094,52.1201836,38.2025965034663,3.6687429819361457,35.7028493255269,41.0111655865032,37.9817721287217,3.6028543903445636,3.7379354302499324,3.6630941555581273,10289877.0,16.14667115438602,2735.14751503977,7.913940649430753,12.5652843771279,4.48087963413445,8.506,39.3653983599255,,2.84361329738544,,
HND,Honduras,2022,22,38.1748769,26.9776015,57.7266194,34.9679353875888,3.582627857883625,38.2025965034663,35.7028493255269,41.0111655865032,3.6687429819361457,3.6028543903445636,3.7379354302499324,10463872.0,16.1634391201884,3003.28996826399,8.007463622850228,4.14356194013767,9.08963911525025,8.774,42.4391817948962,,2.41292398026651,,
HND,Honduras,2023,23,37.0610655,25.6028349,59.9027299,31.4424316507577,3.479467184846038,34.9679353875888,38.2025965034663,35.7028493255269,3.582627857883625,3.6687429819361457,3.6028543903445636,10644851.0,16.18058685902998,3227.45762509776,8.07944999330781,3.57584760454412,6.66325180347457,6.07,37.3686804713719,,3.16136364280263,,
NIC,Nicaragua,2000,0,41.6351696,30.5290172,60.3426818,9.47710001137849,2.3491919241283106,,,,,,,5022633.0,15.429464856156851,1017.3124434882,6.924919569601626,4.10159025073438,7.06991352252517,7.181,20.1081658866931,,5.21568567857809,581000.0,13.272507757002963
NIC,Nicaragua,2002,2,46.1935501,31.1589843,59.5380496,10.7574705924444,2.464488833659743,9.47710001137849,,,2.3491919241283106,,,5149909.0,15.454489602580892,1014.3339042591,6.921987424086836,0.753938876079573,3.75017465778466,7.517,18.8471358845682,,3.90334311480045,579000.0,13.269059483669357
NIC,Nicaragua,2003,3,48.6352463,32.7728419,59.0118407,12.185846245133,2.5791440001599812,10.7574705924444,9.47710001137849,,2.464488833659743,2.3491919241283106,,5210963.0,15.46627523350153,1021.35216668794,6.9288826819909675,2.52073289551447,5.30238773219936,7.6,20.704998914845,,3.78225034215297,646000.0,13.378556330751158
NIC,Nicaragua,2004,4,47.3846099,36.6115679,58.191765,12.2512960818705,2.584095365148072,12.185846245133,10.7574705924444,9.47710001137849,2.5791440001599812,2.464488833659743,2.3491919241283106,5272912.0,15.47809332958139,1098.62118662335,7.001811205833934,5.31217056950739,8.47021063584077,6.41,23.0598557398256,,4.31560328721207,735000.0,13.507627138738266
NIC,Nicaragua,2005,5,47.6396381,33.5312557,59.2174417,13.6463048137106,2.6841880725014167,12.2512960818705,12.185846245133,10.7574705924444,2.584095365148072,2.5791440001599812,2.464488833659743,5342105.0,15.49113032801859,1183.30214010175,7.076064232976514,4.28239833770654,9.59909986064425,5.37,24.3821308946094,,3.81407422484717,804000.0,13.597355791941425
NIC,Nicaragua,2006,6,46.3233394,33.0788655,61.1300036,13.3238467052683,2.661925750128927,13.6463048137106,12.2512960818705,12.185846245133,2.6841880725014167,2.584095365148072,2.5791440001599812,5418855.0,15.505395096485884,1248.17371577788,7.129436734577441,4.15294559846254,9.1401996677772,5.31,31.2666288650856,,4.24030000066427,891000.0,13.700100828786772
NIC,Nicaragua,2007,7,45.562215,31.2376551,64.0501612,12.9883276955078,2.6382232458289114,13.3238467052683,13.6463048137106,12.2512960818705,2.661925750128927,2.6841880725014167,2.584095365148072,5497243.0,15.519757251796252,1350.38145753377,7.208142392655722,5.0763520180987,11.1269347446118,4.89,33.0635730423674,,5.14186605474194,978000.0,13.79326597151132
NIC,Nicaragua,2008,8,44.3220203,31.1398338,62.3569202,13.1980225202019,2.653102695769049,12.9883276955078,13.3238467052683,13.6463048137106,2.6382232458289114,2.661925750128927,2.6841880725014167,5576593.0,15.534088574404898,1523.68437086409,7.328886609065013,3.43571693608081,19.8262031287429,6.2,34.4704620011048,,7.38263377911966,1011000.0,13.826451487121803
NIC,Nicaragua,2009,9,43.2645052,31.2991833,61.1846356,14.1781256977468,2.719855292522525,13.1980225202019,12.9883276955078,13.3238467052683,2.653102695769049,2.6382232458289114,2.661925750128927,5656601.0,15.548333739753645,1467.08288052845,7.291031273158185,-3.2926651586197,3.68700160498797,8.16,33.9814942096139,,5.22852820149836,1010000.0,13.825461878915961
NIC,Nicaragua,2010,10,42.5282916,30.684883,56.6908219,13.682036444762,2.6866247359605393,14.1781256977468,13.1980225202019,12.9883276955078,2.719855292522525,2.653102695769049,2.6382232458289114,5737450.0,15.562525418716016,1526.56706951408,7.330776748002456,4.41009911716546,5.45513425887423,7.83,40.4671151559929,,5.59335824334059,1071000.0,13.884104283136265
NIC,Nicaragua,2011,11,43.591364,30.6773896,58.0842927,12.682480356333,2.6161162083567033,13.682036444762,14.1781256977468,13.1980225202019,2.6866247359605393,2.719855292522525,2.653102695769049,5819051.0,15.576647747992908,1679.71192084633,7.4263775820069595,6.31668553491842,8.082387980991,6.613,45.0169781525763,,9.5791738556055,1122000.0,13.93062425632998
NIC,Nicaragua,2012,12,42.6398118,30.7862749,57.9889278,11.4042929452756,2.5180426179599382,12.682480356333,13.682036444762,14.1781256977468,2.6161162083567033,2.6866247359605393,2.719855292522525,5901287.0,15.590681020681059,1784.69836017555,7.487004694037964,6.4961364710876,7.1935505333896,5.208,47.4691755587782,,7.36516075625111,1233000.0,14.02496159317616
NIC,Nicaragua,2013,13,42.6323922,31.3427349,59.7097061,9.92672854383165,2.391211947581355,11.4042929452756,12.682480356333,13.682036444762,2.5180426179599382,2.6161162083567033,2.6866247359605393,5983845.0,15.60457389589456,1835.43996363715,7.51503949395039,4.92709413447304,7.13546785289407,5.28,45.2142694902064,,8.78722600899979,1273000.0,14.05688766308519
NIC,Nicaragua,2014,14,41.3797112,27.7066611,63.4318004,8.6540960289815,2.267382284255486,9.92672854383165,11.4042929452756,12.682480356333,2.391211947581355,2.5180426179599382,2.6161162083567033,6066492.0,15.618291071755648,1958.37047579547,7.579868016528035,4.78546013589983,6.03596861798425,4.52,45.008072249634,,9.06363827053251,1390000.0,14.144815024531075
NIC,Nicaragua,2015,15,39.6740565,27.2776863,62.884096,8.52113297894743,2.2535138521157365,8.6540960289815,9.92672854383165,11.4042929452756,2.267382284255486,2.391211947581355,2.5180426179599382,6149417.0,15.631867838541238,2074.45620634731,7.637454329088445,4.79226768332697,3.99737996694396,4.7,40.0837782888412,,7.58033255797744,1456000.0,14.19120419455172
NIC,Nicaragua,2016,16,40.2307418,25.7077346,63.0333858,7.26815838263741,2.1124117977363617,8.52113297894743,8.6540960289815,9.92672854383165,2.2535138521157365,2.267382284255486,2.391211947581355,6232666.0,15.64531472860197,2131.68704828322,7.66466898665169,4.56314739524967,3.52317317628473,3.9,38.8820263906579,,7.44462628012218,1596000.0,14.283011683558112
NIC,Nicaragua,2017,17,41.2427467,25.6669823,62.7940555,6.82368909372622,2.0571561944335306,7.26815838263741,8.52113297894743,8.6540960289815,2.1124117977363617,2.2535138521157365,2.267382284255486,6316231.0,15.658633227469739,2182.61380995674,7.6882784329551965,4.63120757580209,3.85067166284727,3.3,41.338969262606,,7.51057620596971,1958000.0,14.487434612797692
NIC,Nicaragua,2018,18,34.496984,23.1967986,46.9001644,10.65611679854,2.455831089307696,6.82368909372622,7.26815838263741,8.52113297894743,2.0571561944335306,2.1124117977363617,2.2535138521157365,6400080.0,15.671821048251775,2035.16549390507,7.6183324183563705,-3.3633566598573,4.94723728039886,5.2,42.2771474372665,,6.43060058137235,1412000.0,14.160518405250372
NIC,Nicaragua,2019,19,34.0156849,23.4666749,49.7556204,7.94304819024202,2.190876491948656,10.65611679854,6.82368909372622,7.26815838263741,2.455831089307696,2.0571561944335306,2.1124117977363617,6483657.0,15.684795260993692,1958.62051528095,7.579995685693672,-2.89686986728901,5.37628990844126,5.457,44.8044297851925,,3.96093444094211,1455000.0,14.190517145872716
NIC,Nicaragua,2021,21,31.5897313,22.8056451,58.9330313,11.3473196321723,2.5134390056865334,7.94304819024202,10.65611679854,6.82368909372622,2.190876491948656,2.455831089307696,2.0571561944335306,6644741.0,15.709336272695682,2138.38588469449,7.6678065639305375,10.454389484408,4.92841396948968,6.076,46.4042430642905,,7.36996621393819,,
PAN,Panamá,2000,0,51.8636903,38.0423509,67.6657382,9.93233884821742,2.391725263580463,,,,,,,3010369.0,14.917573220573479,3975.09310275544,8.28780344889098,4.2090057360153,1.49896111605777,6.188,68.9601164522227,,6.91764679868008,600000.0,13.304686600863562
PAN,Panamá,2002,2,55.4063328,38.1984131,70.7766768,12.0152977748691,2.5661254175447,9.93233884821742,,,2.391725263580463,,,3129344.0,14.956333955885864,4090.58616456082,8.316443555286554,2.50884408826073,1.00583090379039,6.302,62.829057458876,,1.93034037172558,800000.0,13.592368256649284
PAN,Panamá,2003,3,55.4660436,39.5257255,67.3024826,10.5649025160456,2.447974866425706,12.0152977748691,9.93233884821742,,2.5661254175447,2.391725263580463,,3189807.0,14.975470971363336,4264.66428949623,8.358118743931211,5.09686013628365,0.391666666666657,6.303,58.1335706021341,,7.72303743803259,897000.0,13.706812255867513
PAN,Panamá,2004,4,56.7476249,39.6845183,67.6050062,9.47355777770635,2.348853774009918,10.5649025160456,12.0152977748691,9.93233884821742,2.447974866425706,2.5661254175447,2.391725263580463,3251155.0,14.994520875787149,4644.56581177581,8.443453172557264,8.1756535098435,0.474723078204336,6.097,60.5768245688004,,8.46279993310649,1004000.0,13.819503575249252
PAN,Panamá,2005,5,55.6340459,38.1384618,64.8954049,10.9869362611305,2.4838174118779235,9.47355777770635,10.5649025160456,12.0152977748691,2.348853774009918,2.447974866425706,2.5661254175447,3313026.0,15.013372529123258,5017.74110414832,8.520735132161407,8.27618322400723,2.85588324760959,5.967,68.2355957470283,,6.6434443919751,1070000.0,13.883170141017091
PAN,Panamá,2006,6,55.9072744,39.118731,67.3552989,6.54810061378814,2.021295957278106,10.9869362611305,9.47355777770635,10.5649025160456,2.4838174118779235,2.348853774009918,2.447974866425706,3375024.0,15.031912993374595,5528.76705854901,8.61772011460378,9.8572387394466,2.45789346442096,5.792,69.1942341743752,,15.7789064426648,1215000.0,14.010255457801716
PAN,Panamá,2007,7,56.5515657,38.1179794,67.8203779,8.11638724767199,2.2100735904803095,6.54810061378814,10.9869362611305,9.47355777770635,2.021295957278106,2.4838174118779235,2.348853774009918,3437490.0,15.050252111861823,6317.8173051466,8.751129064379615,13.1530653136012,4.16863300298887,5.665,71.9791727604966,,10.2406205983382,1428000.0,14.171786122161533
PAN,Panamá,2008,8,55.5747344,43.4541438,67.1081281,14.0831048875658,2.713575235787382,8.11638724767199,6.54810061378814,10.9869362611305,2.2100735904803095,2.021295957278106,2.4838174118779235,3500648.0,15.068458652179961,7347.59049046839,8.90212771403464,10.197432548532,8.75868317728784,5.639,78.2985922617111,,9.29189971900206,1575000.0,14.269766465162304
PAN,Panamá,2009,9,55.0315577,41.8105676,67.8726493,15.7671135605313,2.819419441792,14.0831048875658,8.11638724767199,6.54810061378814,2.713575235787382,2.2100735904803095,2.021295957278106,3564381.0,15.08650096421609,7796.92618363433,8.9614848559869,1.61186417596689,2.409053040822,5.857,69.9648087248022,,3.9059104779012,1562000.0,14.261478249586428
PAN,Panamá,2010,10,54.817713,40.9835613,64.493439,12.677292626363,2.6157369851785397,15.7671135605313,14.0831048875658,8.11638724767199,2.819419441792,2.713575235787382,2.2100735904803095,3628535.0,15.104339543512978,8331.46422259967,9.027794496736687,6.07339340909564,3.491288726188,5.845,70.025242051299,,8.43207037866722,1726000.0,14.361317729999618
PAN,Panamá,2011,11,56.3915733,40.8264444,65.1686268,14.8639320731842,2.7640481093868576,12.677292626363,15.7671135605313,14.0831048875658,2.6157369851785397,2.819419441792,2.713575235787382,3693505.0,15.122086429679538,9662.29590911979,9.175986570718639,11.9088772241134,5.8758024367877,4.03,77.7456722088295,,12.3168354603605,2004000.0,14.510656240188764
PAN,Panamá,2012,12,52.2018806,38.5631332,64.8455984,16.9448445310514,2.8873028609260087,14.8639320731842,12.677292626363,15.7671135605313,2.7640481093868576,2.6157369851785397,2.819419441792,3759256.0,15.139731623446337,11064.8063662003,9.311524752666443,9.62729355007232,5.69819959165992,3.691,74.5443156942107,,8.13045858557062,2086000.0,14.550759393929125
PAN,Panamá,2013,13,51.8266046,39.1491722,64.1932128,17.3318403029072,2.908639455224862,16.9448445310514,14.8639320731842,12.677292626363,2.8873028609260087,2.7640481093868576,2.6157369851785397,3825329.0,15.157155034615757,12273.3224983788,9.415183283314018,6.32435373509259,4.0271599157106,3.674,64.5610772701238,,8.09167357453305,2202000.0,14.604877050397265
PAN,Panamá,2014,14,54.5146583,39.8747927,70.7028074,15.5186126360303,2.8044877836964046,17.3318403029072,16.9448445310514,14.8639320731842,2.908639455224862,2.8873028609260087,2.7640481093868576,3892101.0,15.174459672619356,13213.1989591137,9.488971530131296,4.62581384604574,2.62652699929151,4.391,54.8890820604972,,9.6921652724572,2305000.0,14.650591668252272
PAN,Panamá,2015,15,54.0341183,39.2716193,74.1501152,11.8938357734005,2.556749350139137,15.5186126360303,17.3318403029072,16.9448445310514,2.8044877836964046,2.908639455224862,2.8873028609260087,3960035.0,15.191763421575443,14082.6548434996,9.552699166163743,5.26691726402875,0.137492058461504,4.335,47.3866199170958,,9.17966898909828,2553000.0,14.752780087919588
PAN,Panamá,2016,16,54.6320009,37.6620671,73.7741202,10.0519063068018,2.4026029295371614,11.8938357734005,15.5186126360303,17.3318403029072,2.556749350139137,2.8044877836964046,2.908639455224862,4029086.0,15.209050109192637,14832.3611652459,9.604566637916795,4.57196696307969,0.739734025300033,4.717,41.7407554629987,,8.78226076869208,2379000.0,14.68219120962969
PAN,Panamá,2017,17,54.2168564,36.5408642,73.7176296,9.22242063167726,2.3245834091450583,10.0519063068018,11.8938357734005,15.5186126360303,2.4026029295371614,2.556749350139137,2.8044877836964046,4098707.0,15.22618211608261,15694.6297518495,9.661073878800254,5.74405946988693,0.875585918759878,5.338,41.4710106747803,,6.34573158684694,2517000.0,14.738578671415745
PAN,Panamá,2018,18,52.6321447,36.7609585,72.1174424,9.62124332136356,2.3628560825359397,9.22242063167726,10.0519063068018,11.8938357734005,2.3245834091450583,2.4026029295371614,2.556749350139137,4167860.0,15.242913272599768,16151.3273433486,9.689757513716156,3.9181980847881,0.761578359399944,5.161,42.3471044405144,,6.3940456399755,2487000.0,14.726588124876333
PAN,Panamá,2019,19,52.1697757,36.8493715,72.7148713,11.3349220328569,2.512434429155255,9.62124332136356,9.22242063167726,10.0519063068018,2.3628560825359397,2.3245834091450583,2.4026029295371614,4234700.0,15.258823045306487,16477.9066268111,9.709775770322953,3.10306793272473,-0.355083821021245,6.256,40.2141744857332,,6.7135041995988,2494000.0,14.729398806184347
PAN,Panamá,2020,20,52.8383789,37.3493253,71.6480793,11.6461589453797,2.537353528383917,11.3349220328569,9.62124332136356,9.22242063167726,2.512434429155255,2.3628560825359397,2.3245834091450583,4293261.0,15.27255714200436,13290.5608397749,9.494809350950442,-17.8212299459324,-1.5502754080376,14.663,36.2690881640488,,-2.85980025111741,647000.0,13.380103119076898
PAN,Panamá,2021,21,52.9991922,37.2569632,71.9384306,12.6570480772218,2.6142557310255823,11.6461589453797,11.3349220328569,9.62124332136356,2.537353528383917,2.512434429155255,2.3628560825359397,4345405.0,15.284629522924675,15509.8069124139,9.649227806861235,16.4671248604202,1.63070337301898,10.177,41.6067040108244,,2.71982266254139,,
PAN,Panamá,2022,22,53.2703159,36.4603293,73.2133637,11.3389170493456,2.512758255253845,12.6570480772218,11.6461589453797,11.3349220328569,2.6142557310255823,2.537353528383917,2.512434429155255,4400773.0,15.297290765276427,17378.6070017557,9.762995246111021,11.0385475261766,2.85965128834711,8.086,48.0265978333415,,3.2250848191713,,
PAN,Panamá,2023,23,53.0416321,36.3788591,72.2040085,11.7072934419645,2.5421761153938647,11.3389170493456,12.6570480772218,11.6461589453797,2.512758255253845,2.6142557310255823,2.537353528383917,4458759.0,15.310381034156144,18797.1933994045,9.84146285040787,7.16632946099945,1.48641355277038,6.544,45.6292440103821,,2.84826789984183,,
SLV,El Salvador,2000,0,42.0473419,33.280372,65.5818393,59.7472879846202,4.10672243899569,,,,,,,5943366.0,15.597786197510567,1982.87093542615,7.5923010408878495,1.12790697674419,2.27128756828723,6.96,26.8272702258496,,1.47137092746017,867000.0,13.672795409164552
SLV,El Salvador,2002,2,44.8278584,33.1580423,65.4443922,47.3555199373003,3.8785803816144857,59.7472879846202,,,4.10672243899569,,,5986631.0,15.60503937446873,2115.41187355626,7.657004811791247,1.57291844759789,1.86552503610077,6.2,25.5130894550755,,3.71125187529755,885000.0,13.69334405393293
SLV,El Salvador,2003,3,45.285145,36.7660513,60.5493385,55.9464014802791,4.042110500544356,47.3555199373003,59.7472879846202,,3.8785803816144857,4.10672243899569,,5998599.0,15.60703649992696,2207.83089518069,7.6997658171364405,1.56539303147618,2.1203909173333,6.9,25.9234207599485,,1.06615183714648,798000.0,13.589865129563993
SLV,El Salvador,2004,4,48.9116433,40.0908064,63.3848636,64.8994757581223,4.188130486364867,55.9464014802791,47.3555199373003,59.7472879846202,4.042110500544356,3.8785803816144857,4.10672243899569,6004671.0,15.608048224318386,2285.68907438892,7.734422822150927,0.889404485692197,4.45194392395045,6.8,25.9062104819237,,2.64681242347754,1030000.0,13.845070331079134
SLV,El Salvador,2005,5,48.3868735,39.2668625,64.70213,64.6399118153084,4.184183922761335,64.8994757581223,55.9464014802791,47.3555199373003,4.188130486364867,4.042110500544356,3.8785803816144857,6005578.0,15.608199261986584,2447.39140845394,7.802778005066506,2.68083009363194,4.69094870903769,7.22,25.2665668798476,,3.47761600217717,1306000.0,14.082480354515004
SLV,El Salvador,2006,6,45.6991141,40.2352499,62.3107418,65.4247078983383,4.196069094170469,64.6399118153084,64.8994757581223,55.9464014802791,4.184183922761335,4.188130486364867,4.042110500544356,6002319.0,15.607656452520445,2665.61807194853,7.888191231642117,4.3369986028604,4.03712359429612,6.57,25.9396783352886,,1.50707286112592,1501000.0,14.221642776837895
SLV,El Salvador,2007,7,45.1010249,39.4762309,65.7302391,58.1880552418794,4.080719751968895,65.4247078983383,64.6399118153084,64.8994757581223,4.196069094170469,4.184183922761335,4.188130486364867,6009824.0,15.6089060215568,2830.65693770733,7.948264097163967,1.84760220587859,4.57808572377153,6.41,25.5670345496495,,9.11434743633077,1720000.0,14.357835430184815
SLV,El Salvador,2008,8,45.4092015,39.5536527,66.8570269,52.7258860134014,3.9838949340333776,58.1880552418794,65.4247078983383,64.6399118153084,4.080719751968895,4.196069094170469,4.184183922761335,6029297.0,15.612140978159028,2983.24829577976,8.000768017986637,2.15440298282768,6.70792293515939,5.88,26.7405871721015,,5.0206011155903,1875000.0,14.444119750719839
SLV,El Salvador,2009,9,45.0488318,42.7294968,63.2527135,72.4503614995274,4.296609824316793,52.7258860134014,58.1880552418794,65.4247078983383,3.9838949340333776,4.080719751968895,4.196069094170469,6048279.0,15.615284326729887,2910.18651752011,7.975972453479253,-2.10876837627522,1.05595029731201,7.33,23.9512044914048,,2.09486399547314,1482000.0,14.208903759601775
SLV,El Salvador,2010,10,43.1965315,42.6730068,66.532444,65.7026379683301,4.200244501889584,72.4503614995274,52.7258860134014,58.1880552418794,4.296609824316793,3.9838949340333776,4.080719751968895,6068249.0,15.618580653546026,3040.07300952878,8.019636810404243,2.15419536693635,1.17933576873673,4.893,26.9466693264064,,-0.613406192808089,1606000.0,14.289257796153656
SLV,El Salvador,2011,11,45.2329914,44.45176,66.2860095,71.7719022936632,4.287329923197246,65.7026379683301,72.4503614995274,52.7258860134014,4.200244501889584,4.296609824316793,3.9838949340333776,6090127.0,15.622179493327426,3330.60049486653,8.110907895505955,3.77358499834686,5.1289237668161,4.297,28.9817775582263,,0.603930846788838,1634000.0,14.306542166397001
SLV,El Salvador,2012,12,43.0148003,39.4985633,69.2463755,42.4273897096406,3.7710903413474166,71.7719022936632,65.7026379683301,72.4503614995274,4.287329923197246,4.200244501889584,4.296609824316793,6113975.0,15.626087692448436,3497.91256915509,8.15992166074219,2.88770010188691,1.72973481581383,3.843,28.5710611774443,,2.01123945886672,1738000.0,14.368246160181302
SLV,El Salvador,2013,13,45.2381082,40.8632091,63.8876178,40.9360792814407,3.7361465371134273,42.4273897096406,71.7719022936632,65.7026379683301,3.7710903413474166,4.287329923197246,4.200244501889584,6138839.0,15.630146194296062,3582.26694005169,8.18375110247148,2.18295232499635,0.757669184522973,3.693,29.7248960481943,,1.11490857279595,1822000.0,14.41544590564931
SLV,El Salvador,2014,14,46.4711587,38.0404523,64.1791153,63.6220773963139,4.168556107764391,40.9360792814407,42.4273897096406,71.7719022936632,3.7361465371134273,3.7710903413474166,4.287329923197246,6162955.0,15.63406692827891,3666.01248913873,8.206859835142001,1.7293998423459,1.14134467538233,4.154,29.5528752334192,,2.2408951362935,1886000.0,14.449969272398093
SLV,El Salvador,2015,15,43.7543201,37.2559025,63.4839557,107.638231074992,4.437919567607641,63.6220773963139,40.9360792814407,42.4273897096406,4.168556107764391,3.7361465371134273,3.7710903413474166,6183676.0,15.637423474603857,3790.34089108162,8.240211238908092,2.40000008852115,-0.731384487387957,3.998,29.4861730232304,,2.10997804482034,1973000.0,14.495066291846996
SLV,El Salvador,2016,16,44.1267632,36.4629222,61.6051676,85.0858022421141,4.437919567607641,107.638231074992,63.6220773963139,40.9360792814407,4.437919567607641,4.168556107764391,3.7361465371134273,6200800.0,15.64018887394944,3901.34014965811,8.269075401208582,2.53906241135864,0.60404908699661,4.418,28.4585905008509,,1.98198031581358,2052000.0,14.534325972602113
SLV,El Salvador,2017,17,42.1456598,37.1622409,60.1543384,63.764040219627,4.170750514442579,85.0858022421141,107.638231074992,63.6220773963139,4.437919567607641,4.437919567607641,4.168556107764391,6213533.0,15.642240213230417,4020.12671373919,8.29906870194694,2.24761908134138,1.0123540331558,4.385,29.0297643758665,,2.01688451540263,2247000.0,14.625106996205195
SLV,El Salvador,2018,18,42.6501709,36.12166,58.7190176,53.7958771232068,4.003614956145698,63.764040219627,85.0858022421141,107.638231074992,4.170750514442579,4.437919567607641,4.437919567607641,6219807.0,15.643249435295047,4183.54620971358,8.338914541381254,2.4124442237792,1.09033000581892,4.006,28.9343737810256,,1.58620478716365,2536000.0,14.746098988860943
SLV,El Salvador,2019,19,44.0743893,37.3123805,62.2422412,38.5386955905095,3.6772798275804335,53.7958771232068,63.764040219627,85.0858022421141,4.003614956145698,4.170750514442579,4.437919567607641,6222318.0,15.643653064101878,4320.11671534627,8.371037698314458,2.43747159065784,0.0753241350024612,4.17,29.9559096080003,,2.59024369040438,2639000.0,14.785910994416803
SLV,El Salvador,2020,20,45.071142,37.5165892,63.3356789,21.5087446038674,3.113903882766664,38.5386955905095,53.7958771232068,63.764040219627,3.6772798275804335,4.003614956145698,4.170750514442579,6234673.0,15.645636689850853,3997.19279583709,8.293347592683672,-7.893101359867,-0.371590212324095,5.008,24.5267982788944,,1.55101998611342,707000.0,13.468787359304866
SLV,El Salvador,2021,21,42.5917078,36.4858376,62.1021567,17.343956146806,2.909300154951241,21.5087446038674,38.5386955905095,53.7958771232068,3.113903882766664,3.6772798275804335,4.003614956145698,6255782.0,15.649016714052815,4642.60743101342,8.443031433726683,11.9047617015957,3.46692585313082,4.327,28.7814953892726,,2.7560499827498,,
SLV,El Salvador,2022,22,40.3615724,34.0875275,64.1882591,7.89768799960639,2.1857914676655152,17.343956146806,21.5087446038674,38.5386955905095,2.909300154951241,3.113903882766664,3.6772798275804335,6280319.0,15.652931333332644,5074.60210221806,8.532003397332442,2.95461516549889,7.19861615609867,2.999,32.433483149734,,0.0823187568481088,,
SLV,El Salvador,2023,23,44.795442,35.5083699,67.2989159,2.24,1.860207844335088,7.89768799960639,17.343956146806,21.5087446038674,2.1857914676655152,2.909300154951241,3.113903882766664,6309624.0,15.657586644786337,5365.44491399171,8.587734580608991,3.5391566928735,4.04554694222477,2.992,31.3971431390261,,1.89928827474734,,
SLV,El Salvador,2024,24,44.6872968,36.1837975,65.9991479,1.9,1.860207844335088,2.24,7.89768799960639,17.343956146806,1.860207844335088,2.1857914676655152,2.909300154951241,6338193.0,15.662104270015824,5579.65969165029,8.626883066356118,2.60202016121069,0.853782292567288,3.261,32.7607043808335,,2.61241857793703,,
