country_code,country_name,year,time_trend,rule_of_law,control_corruption,political_stability,homicide_rate,homicide_rate_log,homicide_rate_lag1,homicide_rate_lag2,homicide_rate_lag3,homicide_rate_log_lag1,homicide_rate_log_lag2,homicide_rate_log_lag3,population,population_log,gdp_per_capita,gdp_per_capita_log,gdp_growth,inflation,unemployment,exports_percent_gdp,trade_percent_gdp,fdi_percent_gdp,tourist_arrivals,tourist_arrivals_log,year_c,rule_of_law_z,control_corruption_z,political_stability_z,inst_avg,inst_pca,inst_avg_hat,fdi_hat
COL,Colombia,2000,0,38.8722855,35.2865308,29.8839848,67.8921586309151,4.2325423635736925,,,,,,,39089934.0,17.481375549356354,2555.00751039968,7.845810442124553,2.92486148176778,9.22534818585365,20.52,15.915139715438,,2.43950747934181,707000.0,13.468787359304866,-11.804469273743052,-1.035544471096355,-0.2589782277300932,-2.7636008356952715,-1.3527078448405732,-2.2111614751167767,,162.1632480992031
COL,Colombia,2002,2,43.0749396,43.1304513,25.3197419,70.3960948977152,4.268243174540494,67.8921586309151,,,4.2325423635736925,,,40324680.0,17.51247424642019,2428.92969771584,7.795205985691528,2.50398046659659,6.35150728778872,14.481,14.8155696775272,,2.17844751407948,661000.0,13.401510631691982,-9.804469273743052,-0.5593674082638481,0.5102813227459645,-3.1656027898437107,-1.0715629584538648,-1.6646762650107834,-23.939967962262322,164.01402328725445
COL,Colombia,2003,3,43.8729139,44.2469541,26.0280015,57.4608630160922,4.068357522079989,70.3960948977152,67.8921586309151,,4.268243174540494,4.2325423635736925,,40937429.0,17.527555337007097,2311.94218760291,7.745843224117566,3.91827190322513,7.1297886294186,13.221,16.5752997117627,,1.81783931129221,668000.0,13.41204494952365,-8.804469273743052,-0.468953815008618,0.6197776443919151,-3.103221854060388,-0.9841326748923636,-1.511742896537183,-24.006474146239302,164.73242538217482
COL,Colombia,2004,4,47.8045975,46.3593505,31.939793,48.6481875848116,3.90496188599432,57.4608630160922,70.3960948977152,67.8921586309151,4.068357522079989,4.268243174540494,4.2325423635736925,41543171.0,17.54224370956042,2818.57195413044,7.943985636424234,5.33302206759905,5.90402005546502,13.717,16.7707514248023,,2.66083488771203,840000.0,13.64115836129498,-7.804469273743052,-0.0234787642223219,0.8269420470769294,-2.582532708546652,-0.5930231418973481,-0.8445308960513173,-23.961873323233018,164.81719186211865
COL,Colombia,2005,5,47.3314856,45.8270002,31.7315837,42.9894132012747,3.7839489959053183,48.6481875848116,57.4608630160922,70.3960948977152,3.90496188599432,4.068357522079989,4.268243174540494,42128977.0,17.55624635167605,3456.06610874512,8.14788625842882,4.82876110773741,5.05101962689695,11.062,16.9710437391629,,7.02979401438219,981000.0,13.796328757914972,-6.804469273743052,-0.0770841834580154,0.7747340278251034,-2.600871028242976,-0.6344070612919626,-0.918255930088603,-23.952642038561187,165.06869787675163
COL,Colombia,2006,6,47.4503858,43.7548743,34.5742712,40.9429758324124,3.736310977472892,42.9894132012747,48.6481875848116,57.4608630160922,3.7839489959053183,3.90496188599432,4.068357522079989,42691084.0,17.569500650775314,3789.85361217027,8.240082672573331,6.71686869844402,4.29342363628926,11.088,17.7285877506525,,4.17238510059526,2096000.0,14.555541801522192,-5.804469273743052,-0.0636123281353999,0.5715189852499268,-2.3504974273915966,-0.6141969234256899,-0.901489900199541,-23.945386510234624,165.14672730643326
COL,Colombia,2007,7,49.4009901,42.5056073,38.2877257,39.7776140409658,3.708133255366127,40.9429758324124,42.9894132012747,48.6481875848116,3.736310977472892,3.7839489959053183,3.90496188599432,43235374.0,17.582169560738237,4769.926147194,8.470086100993974,6.73819469090975,5.54438485815155,11.204,16.4331421263646,,4.30867680626701,2381000.0,14.683031545460512,-4.804469273743052,0.1573987292158244,0.449002372435637,-2.023429828591954,-0.4723429089801641,-0.667607089818601,-23.90898447990736,164.7115183646186
COL,Colombia,2008,8,49.9302984,43.1971573,37.8071024,36.8840024517578,3.6345289240813536,39.7776140409658,40.9429758324124,42.9894132012747,3.708133255366127,3.736310977472892,3.7839489959053183,43758808.0,17.59420347621888,5541.83629665898,8.620081186310896,3.28344618616541,6.9968849555451,11.273,18.1095951350739,,4.35627834630067,2545000.0,14.749641600893993,-3.804469273743052,0.2173714192420785,0.5168232334619207,-2.0657613850061125,-0.4438555774340377,-0.6116002541664184,-23.918673555212504,164.6400566313467
COL,Colombia,2009,9,48.9970118,41.9935632,39.1755145,35.7272410703666,3.603518743216944,36.8840024517578,39.7776140409658,40.9429758324124,3.6345289240813536,3.708133255366127,3.736310977472892,44271541.0,17.60585261322832,5250.97292433518,8.566168657337226,1.13964864548062,4.20251661216481,12.066,16.4244956875755,,3.45627065154005,2649000.0,14.78969314575508,-2.8044692737430523,0.111626415871724,0.3987857984418133,-1.945236612260041,-0.4782747993155012,-0.6860867832882152,-23.900776011530386,164.65938671953563
COL,Colombia,2010,10,50.7518616,40.2418143,43.1639794,34.5241750628259,3.570213452399708,35.7272410703666,36.8840024517578,39.7776140409658,3.603518743216944,3.6345289240813536,3.708133255366127,44777319.0,17.617212296864682,6398.2958447102,8.763786959626445,4.49465897070922,2.27200227892008,11.153,16.3408447597691,,2.24433595561184,1701000.0,14.346727459267305,-1.8044692737430523,0.3104577266560708,0.2269903842275915,-1.5939470952511057,-0.3521663281224811,-0.4827468818685765,-23.884537101034514,164.7441529197148
COL,Colombia,2011,11,50.2483332,43.6714103,45.9787128,35.6322084408409,3.600927865468571,34.5241750628259,35.7272410703666,36.8840024517578,3.570213452399708,3.603518743216944,3.6345289240813536,45259614.0,17.62792566963131,7400.9940695669,8.90936960389555,6.94789198173555,3.4150334477625,10.288,19.2765050733171,,4.37269536127322,2356000.0,14.67247624820174,-0.8044692737430523,0.2534059996141637,0.5633336040848662,-1.3460355901016143,-0.1764319954675281,-0.1952204262790003,-23.913792133100344,165.1228462542154
COL,Colombia,2012,12,49.2600929,39.5560695,43.151392,35.9613009153726,3.609871444080799,35.6322084408409,34.5241750628259,35.7272410703666,3.600927865468571,3.570213452399708,3.603518743216944,45715810.0,17.637954747896842,8108.59838244229,9.00068030633393,3.91263576716115,3.16930188840055,9.959,18.8112052836654,,4.05728041313345,2434000.0,14.70504696337587,0.1955307262569476,0.1414345281988227,0.1597388438034763,-1.5950557477721292,-0.43129412525661,-0.6292337826628773,-23.915633938750986,164.83549797875935
COL,Colombia,2013,13,48.6401238,38.9235722,43.7037921,33.4159707994424,3.5385207240662275,35.9613009153726,35.6322084408409,34.5241750628259,3.609871444080799,3.600927865468571,3.570213452399708,46151584.0,17.647441841184357,8279.10255642981,9.021489854600407,5.13399351995672,2.01699224310383,9.246,18.0864397214368,,4.24252457969381,2595000.0,14.769097459938507,1.1955307262569477,0.0711896167546684,0.0977093282474073,-1.5464023512423797,-0.4591678020801013,-0.6850969927017316,-23.923534382409198,164.98381894001793
COL,Colombia,2014,14,49.8831049,40.3387065,48.8925418,28.654305199833,3.3896073155720416,33.4159707994424,35.9613009153726,35.6322084408409,3.5385207240662275,3.609871444080799,3.600927865468571,46565429.0,17.65636895682362,8187.20824890084,9.010328245586576,4.49903000110972,2.89883787761737,8.799,16.6347491096509,,4.24107256687862,2866000.0,14.868428236288546,2.195530726256948,0.2120242120534628,0.2364926796953535,-1.0893961040535791,-0.2136264041015876,-0.2823255568132507,-23.91944189491532,165.209749678553
COL,Colombia,2015,15,50.0884527,41.4314416,49.5727208,27.2152782480106,3.33986361307762,28.654305199833,33.4159707994424,35.9613009153726,3.3896073155720416,3.5385207240662275,3.609871444080799,46969940.0,17.66501838059125,6248.51490534512,8.740099099350715,2.95590137527523,4.98983115849529,8.572,15.6502115094968,,3.95939854860993,3371000.0,15.030720290864032,3.195530726256948,0.2352909168396397,0.3436580840126728,-1.0294884056331617,-0.1501798015936163,-0.1743192584794727,-23.95049431939894,165.74993752196033
COL,Colombia,2016,16,50.9612969,40.3758051,50.9727937,26.1438669043183,3.301151124151248,27.2152782480106,28.654305199833,33.4159707994424,3.33986361307762,3.3896073155720416,3.5385207240662275,47437512.0,17.67492386608452,5959.84250367574,8.692799334152472,2.08738250162794,7.51346024627674,8.922,14.7171392781975,,4.90164572903473,3675000.0,15.11706396273788,4.195530726256948,0.3341875610974649,0.2401309690379458,-0.9061750644982556,-0.1106188447876149,-0.1099567491784451,-23.958153306667192,165.69583630746075
COL,Colombia,2017,17,50.6762137,39.5383299,52.5716247,25.5510587151196,3.2790696231686014,26.1438669043183,27.2152782480106,28.654305199833,3.301151124151248,3.33986361307762,3.3896073155720416,48131078.0,17.689438638701436,6479.53231292429,8.77640361281022,1.35936086788746,4.3143132569501,9.086,15.1452897484005,,4.3931823276543,4056000.0,15.21570807080145,5.195530726256948,0.3018865252261346,0.1579991070581046,-0.7653558310711508,-0.1018233995956371,-0.1067857062896645,-23.954585008306243,165.85811168376915
COL,Colombia,2018,18,49.701606,41.405998,54.5255309,23.8207594532571,3.2116803777473835,25.5510587151196,26.1438669043183,27.2152782480106,3.2790696231686014,3.301151124151248,3.33986361307762,49024465.0,17.707830017187547,6816.96818309544,8.827170104063562,2.56432428277704,3.24056932930569,9.36,15.8997196775431,,3.38083573220188,4397000.0,15.296433275590712,6.195530726256948,0.1914596804377556,0.3411628098320517,-0.5932628623505879,-0.0202134573602601,0.0186803880818467,-23.97164086481319,166.0995690482451
COL,Colombia,2019,19,49.1724423,42.3435637,50.4304751,23.3990612924966,3.194544659940113,23.8207594532571,25.5510587151196,26.1438669043183,3.2116803777473835,3.2790696231686014,3.301151124151248,49907985.0,17.725691567959988,6472.54544924705,8.77532473350093,3.18685539245533,3.52301932741446,10.28,15.8680386541241,,4.33058240931506,4531000.0,15.326453444351085,7.195530726256948,0.1315033741541667,0.4331106271159942,-0.9539405190868016,-0.1297755059388802,-0.1487802276303191,-23.986663314810638,166.10345025670068
COL,Colombia,2020,20,48.6606218,42.6636046,54.2459136,22.6427030734102,3.1630545292080723,23.3990612924966,23.8207594532571,25.5510587151196,3.194544659940113,3.2116803777473835,3.2790696231686014,50629997.0,17.740054784692685,5339.68711357943,8.582922337274953,-7.18591413760859,2.52663500084706,15.983,13.5222755593302,,2.7588942895314,1396000.0,14.149122278636575,8.195530726256948,0.0735121199161687,0.4644972938814153,-0.6178905395966235,-0.0266270419330131,0.0041723051496906,-23.951523749973937,165.47660159843255
COL,Colombia,2021,21,48.2391764,42.3947687,48.5602739,25.5801274097033,3.280163846716173,22.6427030734102,23.3990612924966,23.8207594532571,3.1630545292080723,3.194544659940113,3.2116803777473835,51188173.0,17.751019067232278,6222.62164397614,8.735946583102677,10.8011981904878,3.49505757399448,13.898,16.1970059548864,,3.00175693787234,,,9.195530726256948,0.0257607161743589,0.4381323423771482,-1.1186610551149692,-0.2182559988544873,-0.2963071197958812,-23.98912184262806,165.72344341552102
COL,Colombia,2022,22,47.8491027,42.6648919,52.0722697,24.9488076386337,3.2561256601413504,25.5801274097033,22.6427030734102,23.3990612924966,3.280163846716173,3.1630545292080723,3.194544659940113,51737944.0,17.76170199678534,6680.44506854481,8.806939891338876,7.32827729427979,10.1772313546166,10.541,20.3883679938331,,4.97124137726565,,,10.195530726256948,-0.018436151884377,0.4646235404209268,-0.8093372076569137,-0.1210499397067879,-0.1511414272062526,-24.102855868671625,166.50404644543462
COL,Colombia,2023,23,47.2427231,41.6000941,52.2402416,24.9134420347488,3.254761831553529,24.9488076386337,25.5801274097033,22.6427030734102,3.2561256601413504,3.280163846716173,3.1630545292080723,52321152.0,17.77291128321944,7000.83660501046,8.853784935897595,0.712380031974334,11.7359044948689,9.591,17.8316784070298,,4.58478761240549,,,11.195530726256948,-0.0871413200992801,0.3601979694356145,-0.7945428521588692,-0.1738287342741782,-0.2481363397468585,-24.09476786512857,166.3111536031012
CRI,Costa Rica,2000,0,65.3048916,68.5921845,77.3356885,6.3234257019066,1.9910782105628315,,,,,,,3937739.0,15.18611725868665,3812.75388284924,8.246107010921255,3.86871808953644,10.9615496593622,5.08,42.9303221707385,,4.81846449896273,1278000.0,14.060807696391924,-11.804469273743052,1.9593726541808836,3.0073338407786663,1.4157730567574605,2.12749318390567,3.7188580070189543,,146.16008452780247
CRI,Costa Rica,2002,2,67.3024742,57.143028,81.7856914,6.33019318130238,1.992001870435639,6.3234257019066,,,1.9910782105628315,,,4075705.0,15.220554295828236,4067.71851429092,8.310837559663966,3.41687639041064,9.16752048509118,6.396,39.2245352070616,,4.36202694033196,1335000.0,14.104442598879876,-9.804469273743052,2.1857065357233405,1.8845059153146029,1.80771316620392,1.9593085390806209,3.402453592080697,-20.6713192345644,145.69253803397197
CRI,Costa Rica,2003,3,66.5482031,57.622973,76.1467767,7.24850496564873,2.1100319676399324,6.33019318130238,6.3234257019066,,1.992001870435639,1.9910782105628315,,4138784.0,15.235912582850624,4173.14856415514,8.336426081241125,4.31717986636224,9.44758091616983,6.654,40.6717129184331,,4.48353970316272,1514000.0,14.230266373481294,-8.804469273743052,2.100244685085324,1.9315745049252744,1.3110580191528365,1.7809590697211448,3.123380115582818,-20.702072249365308,145.7266975941194
CRI,Costa Rica,2004,4,66.4836079,55.5280511,77.7265223,6.66654365306355,2.036865881879733,7.24850496564873,6.33019318130238,6.3234257019066,2.1100319676399324,1.992001870435639,1.9910782105628315,4200078.0,15.25061365450972,4431.0117207843,8.396383216374122,4.42459959654504,12.3148150178852,6.445,42.2076534629626,,5.8231265333186,1771000.0,14.38705548141755,-7.804469273743052,2.0929257975734825,1.7261238404168244,1.450196279795669,1.756415305928659,3.06910911639581,-20.755066232279262,145.78739510250966
CRI,Costa Rica,2005,5,67.6124235,55.6495671,80.0237175,7.86156142343543,2.181722981983187,6.66654365306355,7.24850496564873,6.33019318130238,2.036865881879733,2.1100319676399324,1.992001870435639,4261240.0,15.26507075570225,4703.00721784778,8.455957416676547,3.97666636818026,13.7982949108987,6.749,43.4645223606983,,7.62843539507747,1959000.0,14.48794520739107,-6.804469273743052,2.220824997483253,1.738041011624213,1.6525248980776663,1.8704636357283773,3.259674175431257,-20.769460258514933,145.91565885878632
CRI,Costa Rica,2006,6,66.2066705,55.9348432,80.6908838,8.12248146668412,2.2107418577214824,7.86156142343543,6.66654365306355,7.24850496564873,2.181722981983187,2.036865881879733,2.1100319676399324,4321340.0,15.279076097308,5256.59640859159,8.567239025681252,7.3266954325067,11.4705968149052,5.926,43.3140351086932,,7.92850433097117,2071000.0,14.543542623236126,-5.804469273743052,2.061547712538964,1.7660182666776738,1.7112864850961793,1.846284154770939,3.20565610308033,-20.792591902476424,146.06739640504873
CRI,Costa Rica,2007,7,66.0464956,57.0957135,79.7853711,8.42418151029137,2.24327888715365,8.12248146668412,7.86156142343543,6.66654365306355,2.2107418577214824,2.181722981983187,2.036865881879733,4380248.0,15.292615901754289,6137.71199925542,8.722207313136439,8.21513198348715,9.35724456417157,4.557,40.5821375084213,,8.33742597856098,2302000.0,14.649289302668736,-4.804469273743052,2.043399273098875,1.8798657444968336,1.631532211960053,1.8515990765185872,3.2203910115082803,-20.771211573844013,145.97459689491092
CRI,Costa Rica,2008,8,66.4427462,57.7269153,75.7933293,11.5313873891892,2.528236488172563,8.42418151029137,8.12248146668412,7.86156142343543,2.24327888715365,2.2107418577214824,2.181722981983187,4440056.0,15.306177546941482,6937.24261596055,8.844659656964371,4.73817487754022,13.4244635507283,4.934,38.8064606509756,,7.90900698278232,2409000.0,14.694722696706926,-3.804469273743052,2.088296007963069,1.94176820933284,1.2799276545772156,1.769997290624375,3.105983183337224,-20.7638447059315,145.3280154720765
CRI,Costa Rica,2009,9,67.7552551,60.3773986,78.1993684,11.6672085436857,2.5390166499079085,11.5313873891892,8.42418151029137,8.12248146668412,2.528236488172563,2.24327888715365,2.2107418577214824,4499791.0,15.319541509217528,6832.69829924138,8.829474940321626,-0.873455942787785,7.84270167700653,7.824,34.6323050259288,,5.25151067245965,2309000.0,14.652325521424457,-2.8044692737430523,2.2370083735473614,2.2017032242150405,1.4918428486519115,1.9768514821381045,3.459998790714438,-20.739091374798953,144.9904213917849
CRI,Costa Rica,2010,10,68.1503268,62.0102548,79.4541674,11.5672606575735,2.5310950718497125,11.6672085436857,11.5313873891892,8.42418151029137,2.5390166499079085,2.528236488172563,2.24327888715365,4555962.0,15.331947262864734,8265.78820275582,9.019880372042689,5.36034352634111,5.66275708420021,7.171,32.8294113467273,,5.06371170213526,2495000.0,14.72979968796928,-1.8044692737430523,2.281771534454238,2.3618387363488065,1.602360991773416,2.0819904208588205,3.638378437067591,-20.710353892969,144.86736918052637
CRI,Costa Rica,2011,11,64.9264179,61.1718727,76.6845977,10.282368146525,2.42324116610298,11.5672606575735,11.6672085436857,11.5313873891892,2.5310950718497125,2.5390166499079085,2.528236488172563,4609833.0,15.34370218872014,9276.39107511347,9.1352278573739,4.40315923970431,4.87799830970702,9.518,32.4724708770444,,6.39172539644787,2526000.0,14.742147977775314,-0.8044692737430523,1.9164901112598869,2.2796179339613816,1.358427341452065,1.8515117955577776,3.235855836697787,-20.678738931047533,144.10489958574604
CRI,Costa Rica,2012,12,64.6597621,61.4268371,77.0920998,8.72653951862736,2.274858182232867,10.282368146525,11.5672606575735,11.6672085436857,2.42324116610298,2.5310950718497125,2.5390166499079085,4663934.0,15.355369855968943,10126.9991024177,9.222960314699684,4.88259241025739,4.49545314354605,9.11,31.6513173356963,,5.70866124854743,2542000.0,14.74846212412249,0.1955307262569476,1.886276971512969,2.3046224963777644,1.394318647876531,1.8617393719224216,3.249758754618646,-20.660738283092545,144.06549268211208
CRI,Costa Rica,2013,13,64.8418686,61.2814766,77.153462,8.71474107995362,2.2736444308997323,8.72653951862736,10.282368146525,11.5672606575735,2.274858182232867,2.42324116610298,2.5310950718497125,4716147.0,15.36650271063707,10803.2401962173,9.287601386284129,2.49476611209954,5.23133614174428,8.218,30.5916493612524,,6.29127735209415,2641000.0,14.78666856992365,1.1955307262569477,1.90691034657296,2.290366876004384,1.3997232078115094,1.8656668101296177,3.257147981162354,-20.64508763699816,144.07223831254097
CRI,Costa Rica,2014,14,66.3685302,63.6632595,77.5166561,10.0060434824472,2.398444529424529,8.71474107995362,8.72653951862736,10.282368146525,2.2736444308997323,2.274858182232867,2.42324116610298,4767119.0,15.377252697164666,10911.497878334,9.297572363475926,3.54210987765977,4.51920098516953,8.499,31.3629152835975,,6.23293662208767,2760000.0,14.830741600012107,2.195530726256948,2.07988704637492,2.523950227975578,1.43171202635909,2.0118497669031963,3.519396973564392,-20.661797433253028,144.3585240785558
CRI,Costa Rica,2015,15,65.935817,63.4401897,78.6355453,11.5607212354156,2.5305745825932826,10.0060434824472,8.71474107995362,8.72653951862736,2.398444529424529,2.2736444308997323,2.274858182232867,4818038.0,15.38787734921593,11714.7105980732,9.36860064710054,3.65208096802883,0.801982005099623,8.415,29.9956578647983,,5.23639457671538,2899000.0,14.879876752850269,3.195530726256948,2.030858957048022,2.502073594463958,1.5302597274193437,2.021064092977108,3.5258492814647955,-20.660290182808595,144.39323280302585
CRI,Costa Rica,2016,16,65.8170374,64.1176151,78.4171178,11.8759050112518,2.555357736215486,11.5607212354156,10.0060434824472,8.71474107995362,2.5305745825932826,2.398444529424529,2.2736444308997323,4866998.0,15.397987877884749,12091.0301606154,9.400219147639367,4.20432325175899,-0.0174788505908217,8.085,31.2600963003845,,4.45296211770326,3204000.0,14.9799108992802,4.195530726256948,2.017400766174684,2.5685092446831383,1.5110214257418055,2.0323104788665423,3.5465404309252904,-20.70228089283758,144.6783769891982
CRI,Costa Rica,2017,17,66.277594,59.7032522,78.5448694,12.2731177810203,2.585740770334845,11.8759050112518,11.5607212354156,10.0060434824472,2.555357736215486,2.5305745825932826,2.398444529424529,4913177.0,15.407431337369328,12317.0902771304,9.418743030388557,4.1576989627609,1.62590692991731,7.729,32.7626831479863,,4.83327522078441,3231000.0,14.988302554308287,5.195530726256948,2.0695836210653877,2.135589148145676,1.522273323147526,1.9091486974528629,3.331242061505873,-20.739311227310182,144.76738871671415
CRI,Costa Rica,2018,18,65.8900262,61.0056411,76.735494,11.7995456872358,2.5494096771109707,12.2731177810203,11.8759050112518,11.5607212354156,2.585740770334845,2.555357736215486,2.5305745825932826,4957818.0,15.416476282553363,12590.2493781614,9.440677934480144,2.6159044043379,2.2211146152658,9.01,33.7385107761536,,4.829438721344,3313000.0,15.01336498312322,6.195530726256948,2.0256706812275698,2.263315468135661,1.3629101028885624,1.8839654174172644,3.2973579699239317,-20.751758237062514,144.62355707515258
CRI,Costa Rica,2019,19,66.9617832,62.5292538,76.5896171,11.2610056078008,2.506423950619104,11.7995456872358,12.2731177810203,11.8759050112518,2.5494096771109707,2.585740770334845,2.555357736215486,4999553.0,15.424859066401956,12884.6859951989,9.463794752995096,2.41751181762513,2.09604635327807,10.807,34.3253215593308,,4.22094016659811,3366000.0,15.029235950821375,7.195530726256948,2.1471049197318,2.412737382942372,1.35006179482303,1.9699680324990672,3.454951255159835,-20.742775877733237,144.46941429486233
CRI,Costa Rica,2020,20,67.8366858,63.1650182,81.6952443,11.3222838436969,2.5114093178486447,11.2610056078008,11.7995456872358,12.2731177810203,2.506423950619104,2.5494096771109707,2.585740770334845,5034320.0,15.431789020396428,12394.0493969492,9.42497174906754,-4.27335432161462,0.724911478131375,16.432,31.9064976578059,,3.37043523313038,1146500.0,13.952225253499517,8.195530726256948,2.246234788719239,2.4750873056057494,1.7997469138059454,2.173689669376978,3.7828956896945383,-20.66852791498146,143.56435413150191
CRI,Costa Rica,2021,21,67.4710513,59.8166838,83.2688714,11.6205820666553,2.5353289786053423,11.3222838436969,11.2610056078008,11.7995456872358,2.5114093178486447,2.506423950619104,2.5494096771109707,5059988.0,15.436874669719334,12838.1185358931,9.460174035034669,7.93576224743147,1.72647755109241,15.139,36.1763570269654,,5.53072986406838,,,9.195530726256948,2.204806977117939,2.146713475785888,1.9383462791685864,2.0966222440241378,3.634770130733744,-20.730259049387,144.11117307571527
CRI,Costa Rica,2022,22,68.4538686,59.3313828,85.4710022,12.908902016219,2.632529067968574,11.6205820666553,11.3222838436969,11.2610056078008,2.5353289786053423,2.5114093178486447,2.506423950619104,5081765.0,15.44116920015592,13625.9008491328,9.519727734713332,4.55149177958398,8.27477490232654,11.325,42.4051961144394,,5.4175310653788,,,10.195530726256948,2.316164001531387,2.099119618975944,2.1323019700216017,2.182528530176311,3.775749249319849,-20.848973943571913,145.14295600400584
CRI,Costa Rica,2023,23,68.0333663,61.5697363,86.1234989,17.7454798727379,2.9309526498995653,12.908902016219,11.6205820666553,11.3222838436969,2.632529067968574,2.5353289786053423,2.5114093178486447,5105525.0,15.445833844645792,16942.0268119375,9.7375526075624,5.11192183224598,0.525193508693455,8.325,38.9156320351491,,5.4191807109794,,,11.195530726256948,2.268519454689353,2.318636735093645,2.1897715118979573,2.2589759005603187,3.903734346824349,-20.808776193849035,145.4060792546879
DOM,República Dominicana,2000,0,44.6542196,36.7998081,63.6298001,14.0956805476114,2.714408646449352,,,,,,,8584190.0,15.965432697250884,2831.45883638033,7.948547347705056,4.65172550299128,7.72413566181615,6.432,35.4978251417642,,4.0689908919589,3161000.0,14.966399307553289,-11.804469273743052,-0.3804288389939861,-0.1105699138590357,0.2086081356835988,-0.094130205723141,-0.198309331407844,,152.03923944744213
DOM,República Dominicana,2002,2,44.7024061,35.950275,63.162825,14.4483285859447,2.7375008153521434,14.0956805476114,,,2.714408646449352,,,8852235.0,15.996180527473536,3065.60329524196,8.027999662685266,4.48650367045651,5.22336769759446,6.779,30.724010155589,,3.41225986375611,3058000.0,14.93327199248221,-9.804469273743052,-0.3749691210414241,-0.1938843037257527,0.1674786632055537,-0.1337915871872077,-0.2646707360031023,-21.80269362419588,151.7259583042898
DOM,República Dominicana,2003,3,43.3697194,30.5054317,55.718872,21.1789386478885,3.099143129013921,14.4483285859447,14.0956805476114,,2.7375008153521434,2.714408646449352,,8980620.0,16.01057948021133,2383.26171780393,7.776225298094603,-1.34935744782766,27.4497127394394,6.938,42.1529981602708,,2.88055489904245,3680000.0,15.118423581884208,-8.804469273743052,-0.5259677098812585,-0.7278644364120256,-0.4881577080728329,-0.5806632847887058,-1.00674117753862,-22.038782512992405,152.023388268831
DOM,República Dominicana,2004,4,46.0778597,33.3098417,58.1533844,24.5911758206467,3.2422475975587224,21.1789386478885,14.4483285859447,14.0956805476114,3.099143129013921,2.7375008153521434,2.714408646449352,9104892.0,16.024322409459,2451.69161616569,7.804533520861816,2.58556667449577,51.4608598338065,6.303,41.1474766418853,,4.18629057899448,3907000.0,15.178280629988032,-7.804469273743052,-0.2191248760176908,-0.4528337070783254,-0.2737346890440671,-0.3152310907133611,-0.5429770635824034,-22.16141143177388,151.14480900417817
DOM,República Dominicana,2005,5,47.322777,30.6147401,59.2115536,25.9511238657765,3.294024998369607,24.5911758206467,21.1789386478885,14.4483285859447,3.2422475975587224,3.099143129013921,2.7375008153521434,9225034.0,16.03743143352093,3878.31206735244,8.263155303774978,9.43178931977285,4.19020260472056,6.587,28.3311381514539,,3.12598170087694,3981000.0,15.19704385317559,-6.804469273743052,-0.0780709017247846,-0.7171444742901177,-0.1805349852728915,-0.3252501204292646,-0.5616837899033377,-21.872226169844968,151.33806049276973
DOM,República Dominicana,2006,6,49.0826523,34.5887949,63.2623629,22.9521262431175,3.176057098334621,25.9511238657765,24.5911758206467,21.1789386478885,3.294024998369607,3.2422475975587224,3.099143129013921,9341183.0,16.049943461713294,4055.14270347371,8.30774115790901,9.17120650955299,7.57280523853073,5.654,28.2249162691947,,4.0356569620282,4268000.0,15.266656125705534,-5.804469273743052,0.1213298177647101,-0.3274057449117125,0.1762456002832961,-0.0099434422879021,-0.0258592485201959,-21.906759035819544,151.65334195200063
DOM,República Dominicana,2007,7,48.7548159,32.6530768,64.527305,22.3252575336375,3.1495367877715976,22.9521262431175,25.9511238657765,24.5911758206467,3.176057098334621,3.294024998369607,3.2422475975587224,9455658.0,16.062123850461266,4649.64558875814,8.444546278205335,7.41840577774235,6.14356655248047,5.158,26.7620220119612,,5.12424998266344,4365000.0,15.289128976350888,-4.804469273743052,0.0841846779727905,-0.517243165555429,0.2876571108504989,-0.0484671255773798,-0.1038784277154659,-21.871921977670784,151.47704976738007
DOM,República Dominicana,2008,8,47.1851378,32.7897739,65.4106236,25.0074949363479,3.258384763263208,22.3252575336375,22.9521262431175,25.9511238657765,3.1495367877715976,3.176057098334621,3.294024998369607,9573130.0,16.07447077369631,5023.58513403515,8.521899127914168,3.26808671288212,10.6446210953711,4.764,23.9483515015273,,5.67335967834237,4455000.0,15.309537843353914,-3.804469273743052,-0.093665958664307,-0.5038371717418278,0.3654566081856785,-0.0773488407401521,-0.1684511654961586,-21.85963754575616,150.9739108101498
DOM,República Dominicana,2009,9,46.490686,33.2767873,64.886063,24.4964939070773,3.23854094887113,25.0074949363479,22.3252575336375,22.9521262431175,3.258384763263208,3.1495367877715976,3.176057098334621,9695265.0,16.087148179962483,4973.95186999952,8.51196994799959,1.00345293018719,1.44215131834353,5.467,21.0931826103163,,3.51548540591409,4489000.0,15.317140740530808,-2.8044692737430523,-0.1723500498443898,-0.4560753784957312,0.3192552138056208,-0.1030567381781667,-0.2135291826518482,-21.83436884159839,151.14135849505394
DOM,República Dominicana,2010,10,45.6350077,32.4510258,64.9199956,25.1930337290323,3.265493487207641,24.4964939070773,25.0074949363479,22.3252575336375,3.23854094887113,3.258384763263208,3.1495367877715976,9820175.0,16.09994950094579,5478.62470398954,8.608609382019452,8.40114541209596,6.32993220146146,5.212,22.7751186165488,,3.38320513554667,4478000.0,15.314687299454793,-1.8044692737430523,-0.2693017308365298,-0.5370584685577021,0.322243874095663,-0.1613721084328563,-0.3205801944111502,-21.866689266151702,150.99742190303473
DOM,República Dominicana,2011,11,46.5660671,33.542595,64.873245,25.2674003329003,3.268328639261243,25.1930337290323,24.4964939070773,25.0074949363479,3.265493487207641,3.23854094887113,3.258384763263208,9945621.0,16.112642911759615,5826.51014109195,8.670173496523594,3.19196227475523,5.79676809206533,6.087,24.3269602141381,,3.79217588020774,4654000.0,15.35323783771328,-0.8044692737430523,-0.1638090778926215,-0.4300074049848992,0.3181262508732858,-0.0918967440014116,-0.1934348754408358,-21.884629562240953,151.08840174130412
DOM,República Dominicana,2012,12,46.8745346,32.032281,66.4306599,22.5214243986665,3.157911682364466,25.2674003329003,25.1930337290323,24.4964939070773,3.268328639261243,3.265493487207641,3.23854094887113,10070411.0,16.125112078161767,6013.81965002603,8.701815374742651,2.77567100848816,3.69449707884776,6.722,24.7666213993906,,5.64036946601582,4901000.0,15.404950027931656,0.1955307262569476,-0.1288585098386658,-0.5781251056573752,0.4552977044827981,-0.0838953036710809,-0.1884535597969326,-21.890451533342773,151.19287363022374
DOM,República Dominicana,2013,13,47.6363216,32.2508937,65.7284045,19.4038895577301,3.0157255472706,22.5214243986665,25.2674003329003,25.1930337290323,3.157911682364466,3.268328639261243,3.265493487207641,10193833.0,16.137293487562335,6136.59429329301,8.722025191892458,4.93473300709881,4.830950967408,7.351,25.3838177066263,,2.55757225532805,5114000.0,15.4474926303749,1.1955307262569477,-0.042545078484896,-0.556685583503835,0.3934455968503814,-0.0685950217127832,-0.1529921875225046,-21.89190691952688,151.17987032615807
DOM,República Dominicana,2014,14,49.8492033,32.5615749,66.8331451,17.5463639644216,2.9202737571408,19.4038895577301,22.5214243986665,25.2674003329003,3.0157255472706,3.157911682364466,3.268328639261243,10315528.0,16.149160890768336,6496.45166971142,8.779011409860257,7.11122629673892,2.99864226125218,6.719,25.4069026925032,,3.55938801753347,5576000.0,15.53398241076251,2.195530726256948,0.2081830288560822,-0.5262168299955147,0.4907471405581274,0.057571113139565,0.072364681989218,-21.881436482706626,151.51373953914893
DOM,República Dominicana,2016,16,47.7981194,31.7819762,68.5519931,15.3154603364407,2.792113145181448,17.5463639644216,19.4038895577301,22.5214243986665,2.9202737571408,3.0157255472706,3.157911682364466,10551430.0,16.17177195372465,7160.44200982307,8.876326991264788,6.71974078681295,1.61416607245222,7.284,24.1938670386292,,3.33024928523507,6769000.0,15.727864071223042,4.195530726256948,-0.0242127581598045,-0.6026726973788873,0.6421370358864722,0.0050838601159267,-0.0418089580636941,-21.862801340544078,151.33907587870812
DOM,República Dominicana,2017,17,47.3345164,31.6402349,67.4637175,11.3998115468654,2.517681274662068,15.3154603364407,17.5463639644216,19.4038895577301,2.792113145181448,2.9202737571408,3.0157255472706,10666843.0,16.18265070320925,7412.71571571512,8.910952144496719,3.93386176401576,3.27955694678546,5.832,24.1797519638034,,4.55025610026855,7296000.0,15.8028369477977,5.195530726256948,-0.0767407820246137,-0.6165733799166426,0.5462856696386182,-0.0490094974342127,-0.1318493382451066,-21.873047464323992,151.5198240203402
DOM,República Dominicana,2018,18,47.5276274,30.7634121,65.9469346,9.90534873528498,2.389253378535658,11.3998115468654,15.3154603364407,17.5463639644216,2.517681274662068,2.792113145181448,2.9202737571408,10782053.0,16.193393550581742,7882.98221584944,8.972461565044354,7.09751640210159,3.56443426013507,5.861,23.993089643769,,3.22902365102652,7551000.0,15.837190695218345,6.195530726256948,-0.0548605542940829,-0.702564092465955,0.4126929351636552,-0.1149105705321275,-0.2365074574576269,-21.83842119843251,151.40615189431935
DOM,República Dominicana,2019,19,48.7017175,31.6185157,66.7744903,9.41799066618377,2.34353418339092,9.90534873528498,11.3998115468654,15.3154603364407,2.389253378535658,2.517681274662068,2.792113145181448,10894043.0,16.203726684044828,8183.01623600375,9.009816094639277,4.8940301149584,1.81060377042959,6.356,23.325332586795,,3.17366550445317,7550000.0,15.83705825367553,7.195530726256948,0.0781684226371197,-0.6187033992135873,0.4855810385918658,-0.0183179793282005,-0.0664132489675846,-21.8127502996267,151.45004155502338
DOM,República Dominicana,2020,20,50.4017581,33.553066,69.9277076,8.72977662309348,2.275190938390036,9.41799066618377,9.90534873528498,11.3998115468654,2.34353418339092,2.389253378535658,2.517681274662068,11008300.0,16.214160091690886,7135.22273255899,8.872798746320544,-7.92905234231061,3.78103179915516,6.126,18.7972072415048,,3.13265976088131,2748000.0,14.82638429622533,8.195530726256948,0.2707896377887575,-0.4289805056489056,0.7633049775291801,0.2017047032230106,0.3075878564288875,-21.80298045788896,151.51339554569415
DOM,República Dominicana,2021,21,51.3825289,36.8179688,71.8780557,10.5362752855436,2.4454964434291275,8.72977662309348,9.41799066618377,9.90534873528498,2.275190938390036,2.34353418339092,2.389253378535658,11123476.0,16.224568387868715,8527.0754858205,9.05100173126772,14.0124289062207,8.24300347981809,7.702,21.5282997986043,,3.53154938314388,,,9.195530726256948,0.3819147857888951,-0.1087888795002182,0.9350845617116292,0.4027368226667687,0.6528314991518435,-21.80400286878712,151.19503807337554
DOM,República Dominicana,2022,22,52.190124,39.3094062,74.289238,12.3678475675698,2.5928523884430565,10.5362752855436,8.72977662309348,9.41799066618377,2.4454964434291275,2.275190938390036,2.34353418339092,11230734.0,16.234164685219852,10104.2449349081,9.220710905116963,5.23795652902595,8.81109209279587,5.504,22.0261866198241,,3.56897098132173,,,10.195530726256948,0.4734184531204332,0.1355483768964057,1.1474527501812055,0.5854731933993482,0.961889775449246,-21.843002164202197,151.54571946426725
DOM,República Dominicana,2023,23,52.8141789,39.1539431,73.8470193,10.9166976980638,2.4779405845018423,12.3678475675698,10.5362752855436,8.72977662309348,2.5928523884430565,2.4454964434291275,2.275190938390036,11331265.0,16.243076277257174,10630.431743829,9.271476086111296,2.19229848237939,4.78561281021135,5.555,21.3233165320401,,3.94375586800192,,,11.195530726256948,0.5441263016031899,0.120301986469372,1.108503731591292,0.5909773398879513,0.9776639309193222,-21.850189843167964,151.6602576450053
GTM,Guatemala,2000,0,39.7765583,36.4253418,50.2131715,24.8256222306266,3.251367108834576,,,,,,,11697592.0,16.274893566619983,3165.9323746889,8.06020288035462,3.6088687174876,5.97757734737136,2.143,20.1950343956927,,-4.08835554722306,826000.0,13.624351263156136,-11.804469273743052,-0.933086844164049,-0.1472941230866068,-0.9730798317301956,-0.6844869329936172,-1.1695880144520898,,153.81191329929243
GTM,Guatemala,2002,2,39.2414173,31.6690548,49.2101143,29.6482816428349,3.422576596955279,24.8256222306266,,,3.251367108834576,,,12246915.0,16.32078462650412,3213.26837369582,8.075043883077315,3.83928708556792,8.13263054281054,2.254,26.7262767971618,,-4.97449876130187,884000.0,13.69221347284086,-9.804469273743052,-0.9937204017964149,-0.6137469892974662,-1.0614254705047363,-0.8896309538662058,-1.5263280238154249,-22.33641583125586,154.62279999989494
GTM,Guatemala,2003,3,38.6392974,31.4200515,50.1020421,33.8260706875462,3.5503662639899902,29.6482816428349,24.8256222306266,,3.422576596955279,3.251367108834576,,12525842.0,16.34330442822457,3222.15468293683,8.077805570944838,2.56037766801896,5.60347675434469,2.807,26.1810997164793,,0.0903239703402523,880000.0,13.68767832281738,-8.804469273743052,-1.0619429294260394,-0.6381669418741217,-0.9828677060703944,-0.8943258591235185,-1.5436359383734788,-22.374048088761366,154.81518675377532
GTM,Guatemala,2004,4,41.5842466,35.8246135,49.8931273,35.1905874431052,3.5887990696380303,33.8260706875462,29.6482816428349,24.8256222306266,3.5503662639899902,3.422576596955279,3.251367108834576,12807402.0,16.365533842999678,3250.20406037693,8.086473061160998,3.13791683609193,7.57862247309729,2.971,27.4194097089723,,1.36317570702825,1182000.0,13.982719322971512,-7.804469273743052,-0.728268725725349,-0.2062080274302634,-1.0012681636469465,-0.645248305600853,-1.0894597631086902,-22.437989111199478,155.25071183781438
GTM,Guatemala,2005,5,41.1657718,34.9110624,50.4675832,40.7866100416894,3.7325759542819616,35.1905874431052,33.8260706875462,29.6482816428349,3.5887990696380303,3.5503662639899902,3.422576596955279,13087629.0,16.387177990845878,3284.80971612832,8.097064004165896,3.27602692588886,9.1086498571922,3.059,25.454901513817,,2.01617500337249,1316000.0,14.09010815074553,-6.804469273743052,-0.7756835489280055,-0.2958007137053101,-0.9506721722784548,-0.6740521449705902,-1.1461169615351705,-22.45478756144398,155.13053372245378
GTM,Guatemala,2006,6,41.0857386,34.7665824,50.9033246,44.0248234172562,3.8072139691721794,40.7866100416894,35.1905874431052,33.8260706875462,3.7325759542819616,3.5887990696380303,3.5503662639899902,13367459.0,16.408333878659867,3388.15003339926,8.128039338557464,5.35139778711536,6.56085282795384,2.96,25.3398334344627,,2.13587522888421,1502000.0,14.222308777084956,-5.804469273743052,-0.7847516219119535,-0.3099699827401992,-0.9122936507708952,-0.669005085141016,-1.1406017584509531,-22.4930591307262,155.42754848249672
GTM,Guatemala,2007,7,41.0928415,35.460776,51.6469157,42.3453198203345,3.769198734776126,44.0248234172562,40.7866100416894,35.1905874431052,3.8072139691721794,3.7325759542819616,3.5887990696380303,13652040.0,16.429399518978073,3527.7782721364,8.168423567117761,6.33771869016203,6.82161753590326,2.847,25.9805176037841,,2.55959192771149,1628000.0,14.302863439795049,-4.804469273743052,-0.7839468357032591,-0.2418898617497633,-0.8468008446611702,-0.6242125140380642,-1.0668255143090115,-22.535118676650043,155.67861766200969
GTM,Guatemala,2008,8,40.6894949,38.5427601,52.6221145,45.1519299292567,3.8319387786932673,42.3453198203345,44.0248234172562,40.7866100416894,3.769198734776126,3.8072139691721794,3.7325759542819616,13935174.0,16.449926705364902,3569.92861121538,8.180300877715307,3.29352400028485,11.355761126315,2.898,25.1243459208619,,1.89952208705823,1715000.0,14.354924221672386,-3.804469273743052,-0.8296475749792983,0.0603627813437456,-0.760908872679746,-0.5100645554384329,-0.8746234211253768,-22.558883639036225,155.64246778302444
GTM,Guatemala,2009,9,41.2801954,37.4860387,52.2082581,45.7103110094951,3.843964932798318,45.1519299292567,42.3453198203345,44.0248234172562,3.8319387786932673,3.769198734776126,3.8072139691721794,14215611.0,16.46985128490819,3516.19227725255,8.165133943672892,0.476898106596394,1.85910254733028,3.22,24.3678264820599,,1.34627822535543,1311000.0,14.086301525522051,-2.8044692737430523,-0.762718909804667,-0.0432707306407819,-0.7973598427928482,-0.5344498277460991,-0.911795930968378,-22.562815892979582,156.2019792027935
GTM,Guatemala,2010,10,41.4796434,35.2860247,52.0388513,41.1031293722721,3.740122069808806,45.7103110094951,45.1519299292567,42.3453198203345,3.843964932798318,3.8319387786932673,3.769198734776126,14500112.0,16.489666931498903,3546.6258162259,8.173751956179775,2.88417542800377,3.8595090983316,3.497,26.2254643341594,,2.71030706792051,1384000.0,14.140489137702843,-1.8044692737430523,-0.7401206753156997,-0.2590278613614511,-0.8122805790766326,-0.6038097052512611,-1.0316934958309154,-22.61247511755169,156.3675618198841
GTM,Guatemala,2011,11,39.1893325,36.6847937,53.0292715,38.4055692334411,3.673907157417328,41.1031293722721,45.7103110094951,45.1519299292567,3.740122069808806,3.843964932798318,3.8319387786932673,14792126.0,16.50960557013072,3621.37409769184,8.194608817793403,4.16390688293349,6.214123930671,3.169,27.0677057848772,,1.87038244023626,1434000.0,14.17597899749153,-0.8044692737430523,-0.9996218123079816,-0.1218494679598547,-0.7250479614111509,-0.6155064138929958,-1.0703113755997644,-22.640500606497913,156.55162865934224
GTM,Guatemala,2012,12,40.422741,32.2842052,53.6642168,34.1624967821479,3.559980082302225,38.4055692334411,41.1031293722721,45.7103110094951,3.673907157417328,3.740122069808806,3.843964932798318,15089647.0,16.52951943749493,3655.57315791242,8.204008174640052,2.97470856847661,3.78180754679678,2.765,25.267092636425,,2.82256297187213,1491000.0,14.21495826443746,0.1955307262569476,-0.8598718298379399,-0.5534186980840139,-0.6691242831648931,-0.6941382703622822,-1.2069105651826908,-22.636827081016474,156.6816084034968
GTM,Guatemala,2013,13,39.1168875,33.2766314,53.3610765,33.5015723155484,3.5410048973625563,34.1624967821479,38.4055692334411,41.1031293722721,3.559980082302225,3.673907157417328,3.740122069808806,15387337.0,16.54905545640493,3717.30462628413,8.220754121817835,3.69481894978053,4.34337131279521,3.017,21.9981664670011,,2.87216286478145,1516000.0,14.231586504814842,1.1955307262569477,-1.0078301127048432,-0.4560906677332906,-0.6958237809022161,-0.7199148537801167,-1.2566317753597387,-22.610749045814142,156.4122927995625
GTM,Guatemala,2014,14,40.4388382,30.2285619,53.4202728,33.4975903480006,3.54088947661255,33.5015723155484,34.1624967821479,38.4055692334411,3.5410048973625563,3.559980082302225,3.673907157417328,15681725.0,16.56800657959068,3809.61587570091,8.245283643012058,4.44397783368888,3.4183616966296,2.717,21.7443606885213,,2.43302117698753,1739000.0,14.368821368379384,2.195530726256948,-0.8580479544407651,-0.7550172789081213,-0.6906099855806841,-0.7678917396431902,-1.3349338483538304,-22.628775992022156,156.5930870080658
GTM,Guatemala,2017,17,40.596175,29.9629181,53.9242978,32.8054740415143,3.5206227432668133,33.4975903480006,33.5015723155484,34.1624967821479,3.54088947661255,3.5410048973625563,3.559980082302225,16567357.0,16.622944871550697,3972.74057836068,8.28721145752381,3.07985126948702,4.42453655182546,2.462,18.4950394164293,,1.39328931381397,2120000.0,14.566927118346197,5.195530726256948,-0.8402210827742468,-0.7810691786150028,-0.6462172923391244,-0.7558358512427913,-1.3163827159141477,-22.67068003209081,156.74989100412824
GTM,Guatemala,2018,18,40.0835439,28.1792179,54.2170508,28.9035441420162,3.397977006549938,32.8054740415143,33.4975903480006,33.5015723155484,3.5206227432668133,3.54088947661255,3.5410048973625563,16845685.0,16.63960509888172,4040.2121371198,8.304052478764707,3.40687348346576,3.75186186704508,2.283,18.1693258488802,,1.25790065429015,2406000.0,14.693476591144272,6.195530726256948,-0.898304181146439,-0.9559980823482894,-0.6204326702974666,-0.8249116445973983,-1.4424400430782118,-22.68522757936881,156.86065001741287
GTM,Guatemala,2019,19,39.6565997,27.5352234,54.0326157,25.9415998284592,3.293671554091285,28.9035441420162,32.8054740415143,33.4975903480006,3.397977006549938,3.5206227432668133,3.54088947661255,17103803.0,16.654811394407012,4139.12203836307,8.328238976301511,4.01789785040324,3.69998398008605,2.193,17.6119727745274,,1.51707073546928,2560000.0,14.75551820708067,7.195530726256948,-0.946678620325094,-1.0191551374942531,-0.6366770447179348,-0.8675036008457605,-1.5182251179218935,-22.68051817938093,156.89262647463508
GTM,Guatemala,2020,20,40.3404859,25.5915523,56.2626186,18.1882859775834,2.9542999875095446,25.9415998284592,28.9035441420162,32.8054740415143,3.293671554091285,3.397977006549938,3.5206227432668133,17357325.0,16.669525165461664,4005.83911593999,8.295508354645456,-1.78555175063326,3.21444062197345,2.965,16.3436118075967,,1.29230382378627,594000.0,13.29463628184505,8.195530726256948,-0.8691916527377109,-1.2097725152021614,-0.4402664804255111,-0.8397435494551279,-1.4812145236111909,-22.66967167812338,156.88624238738214
GTM,Guatemala,2021,21,40.1745041,23.2024743,56.0882035,20.2458705569498,3.0561625497547658,18.1882859775834,25.9415998284592,28.9035441420162,2.9542999875095446,3.293671554091285,3.397977006549938,17598650.0,16.683332752520982,4268.62858565412,8.359047880315273,8.04170378184928,4.26105127422813,2.174,17.6296569856584,,4.19448571319716,,,9.195530726256948,-0.8879980365435186,-1.4440713034589063,-0.4556283296016356,-0.929232556534687,-1.638294950540433,-22.6551559869416,157.04775899072314
GTM,Guatemala,2022,22,39.1149668,23.2277115,60.7606088,22.0474401521257,3.137554706968538,20.2458705569498,18.1882859775834,25.9415998284592,3.0561625497547658,2.9542999875095446,3.293671554091285,17847877.0,16.697395123542297,4385.14891178047,8.385978863586683,4.18451817243695,6.88512823344287,3.051,18.9454999823063,,1.51615526851124,,,10.195530726256948,-1.0080477354886412,-1.4415962710911925,-0.0440998237078045,-0.8312479434292127,-1.502968997068404,-22.696555883364393,157.06527103615622
GTM,Guatemala,2023,23,39.5678527,25.8540445,62.441645,23.3657267272051,3.193177502536692,22.0474401521257,20.2458705569498,18.1882859775834,3.137554706968538,3.0561625497547658,2.9542999875095446,18124838.0,16.712793820734035,4470.70728455461,8.405301904297541,3.5331575177533,6.20657592272126,2.344,16.6062377966274,,1.58123029170621,,,11.195530726256948,-0.9567340007560448,-1.1840296954253071,0.1039597454694335,-0.6789346502373063,-1.2442091718604862,-22.707614116933165,157.24775183229693
HND,Honduras,2000,0,35.9375044,26.7639136,59.6687239,48.2838225250265,3.897595883689192,,,,,,,6577773.0,15.6992067961664,1092.56400746252,6.996282513319912,9.61221881702615,11.0480349344976,3.883,53.972182998888,,4.8698431531529,689000.0,13.442998001373551,-11.804469273743052,-1.3680665895010915,-1.0947981058320606,-0.1402690840040022,-0.8677112597790515,-1.5753391813176747,,152.7637186758252
HND,Honduras,2002,2,41.5566406,25.385038,60.1190581,52.2131990441944,3.9743064679097855,48.2838225250265,,,3.897595883689192,,,6938859.0,15.752647909744407,1132.49965345317,7.032182551355526,3.75433786119939,7.69050972034271,4.02,52.730582054494,,3.6562173778393,788000.0,13.577254637874743,-9.804469273743052,-0.7313965929453882,-1.2300255376014675,-0.1006052816196305,-0.6873424707221621,-1.2333686911036366,-22.04480862053012,153.4246653007212
HND,Honduras,2003,3,39.888118,26.8279275,55.9184893,57.211379965735,4.064080867680794,52.2131990441944,48.2838225250265,,3.9743064679097855,3.897595883689192,,7119213.0,15.778307743570991,1156.08162681357,7.052791658169877,4.54703805165397,7.67416639397937,5.3,54.0940274951722,,4.74055553954205,887000.0,13.695601388686796,-8.804469273743052,-0.920446696054673,-1.088520211514006,-0.4705761405620777,-0.8265143493769189,-1.457821685673934,-22.089711392741137,153.42564885618484
HND,Honduras,2004,4,42.8684267,27.8174511,55.3012132,49.8561822453764,3.92900169318472,57.211379965735,52.2131990441944,48.2838225250265,4.064080867680794,3.9743064679097855,3.897595883689192,7298994.0,15.803247088403015,1215.13995412761,7.1026145377233485,6.23230296069102,8.1137909709338,5.99,58.4229834527808,,6.67606399673031,1026000.0,13.841179279371246,-7.804469273743052,-0.5827661234136443,-0.9914768414643672,-0.5249435797816527,-0.699728848219888,-1.2158542701366772,-22.168475819961557,153.9939007206017
HND,Honduras,2005,5,44.7406001,28.6746335,54.9385161,42.9506250338895,3.783066845506501,49.8561822453764,57.211379965735,52.2131990441944,3.92900169318472,4.064080867680794,3.9743064679097855,7478355.0,15.827523405978662,1304.70039153826,7.173728708369963,6.05059922215973,8.80906074819819,4.909,59.0058417153113,,6.16028277171203,1118000.0,13.927052827151163,-6.804469273743052,-0.3706415922215227,-0.9074122786351048,-0.5568886243725029,-0.6116474984097101,-1.0491811264244533,-22.19082981495176,154.40818192327322
HND,Honduras,2006,6,41.9251493,28.9166008,54.7563767,40.7218024373527,3.731023832395714,42.9506250338895,49.8561822453764,57.211379965735,3.783066845506501,3.92900169318472,4.064080867680794,7656832.0,15.851108879146713,1425.84780051892,7.262521863524089,6.56724355177587,5.57775207654298,3.574,56.0546420538277,,6.57287305327357,1136000.0,13.943024758544537,-5.804469273743052,-0.6896431233000455,-0.8836823521999877,-0.5729308018664803,-0.7154187591221711,-1.2443940994715192,-22.16390871825449,154.4862037139339
HND,Honduras,2007,7,42.2492751,29.0903825,58.0674366,45.7956895764454,3.845791095614447,40.7218024373527,42.9506250338895,49.8561822453764,3.731023832395714,3.783066845506501,3.92900169318472,7834798.0,15.87408565169134,1577.73789197407,7.363747386198851,6.18832716678008,6.93621470895774,3.211,53.5090115392915,,7.82223281251053,1309000.0,14.084774808833686,-4.804469273743052,-0.6529184089267557,-0.8666394420349797,-0.2813046594228914,-0.6002875034615422,-1.0628006341256466,-22.15364798052995,154.3555119025352
HND,Honduras,2008,8,40.2762108,28.7789483,56.661228,55.6000203180321,4.036009344184905,45.7956895764454,40.7218024373527,42.9506250338895,3.845791095614447,3.731023832395714,3.783066845506501,8012587.0,15.896524238186435,1732.49062702803,7.457315320964593,4.23160011009342,11.4034270813932,3.156,51.3252766875914,,8.65020371949481,1561000.0,14.260837840112352,-3.804469273743052,-0.8764742716739835,-0.8971820428549232,-0.405158410751582,-0.7262715750934964,-1.2846002684259838,-22.175872883752888,153.8399508115892
HND,Honduras,2009,9,40.3345774,27.5983405,57.0346967,64.4696634518731,4.181586881946021,55.6000203180321,45.7956895764454,40.7218024373527,4.036009344184905,3.845791095614447,3.731023832395714,8189899.0,15.91841212364088,1781.15703614674,7.485018452421594,-2.43162787988011,5.49634273772208,3.292,39.5302508197518,,3.38987200238321,1589000.0,14.278616074845276,-2.8044692737430523,-0.8698611087787742,-1.0129651930687134,-0.3722646427154251,-0.751696981520971,-1.331593328600883,-22.09065464565633,153.03776391382252
HND,Honduras,2010,10,39.8686011,27.5740405,55.1222766,74.5408954410341,4.324674171080007,64.4696634518731,55.6000203180321,45.7956895764454,4.181586881946021,4.036009344184905,3.845791095614447,8365878.0,15.939671848042664,1893.32722662035,7.54609099766531,3.73114034433009,4.69889064976226,4.119,45.7589061967483,,3.83460574737835,1965000.0,14.49100331219122,-1.8044692737430523,-0.9226580367685318,-1.0153483134836343,-0.5407036662723778,-0.826236672174848,-1.4520015122161427,-22.185453900476034,153.59730462985766
HND,Honduras,2011,11,39.3458484,28.2246925,56.9223322,83.1793333078082,4.432949443470343,74.5408954410341,64.4696634518731,55.6000203180321,4.324674171080007,4.181586881946021,4.036009344184905,8540583.0,15.960339830413591,2073.66121088074,7.637071024858434,3.83569066207505,6.7622795731476,4.474,51.2576866755535,,5.88681418228473,1852000.0,14.43177723414492,-0.8044692737430523,-0.9818879518057368,-0.9515383519935418,-0.3821613001822991,-0.7718625346605258,-1.3711799758756729,-22.278782850072407,154.07298095107848
HND,Honduras,2012,12,36.4162734,25.6796455,57.1544917,82.2941714854712,4.422378576562361,83.1793333078082,74.5408954410341,64.4696634518731,4.432949443470343,4.324674171080007,4.181586881946021,8715076.0,15.980564957494906,2126.03474686503,7.662013902543044,4.12868774866939,5.19618615531848,3.755,50.9027988216362,,5.83610988955542,1903000.0,14.458942671764223,0.1955307262569476,-1.313820198822578,-1.2011331446945184,-0.3617135337687006,-0.9588889590952656,-1.7162629589095175,-22.317857130486615,154.2419859559983
HND,Honduras,2013,13,35.6509943,25.4661377,56.7397402,72.3455871413622,4.295182341107251,82.2941714854712,83.1793333078082,74.5408954410341,4.422378576562361,4.432949443470343,4.324674171080007,8889278.0,16.00035638934384,2081.12843527945,7.640665542547515,2.79155975746801,5.16189898581494,5.646,47.9414903194725,,5.77862113948416,1857000.0,14.43447337883766,1.1955307262569477,-1.4005292986947526,-1.2220720252264068,-0.3982433410421034,-1.006948221654421,-1.8017646951808413,-22.298109814528647,153.78745677234457
HND,Honduras,2014,14,36.7478307,28.3087415,54.1154324,64.9996731259012,4.1896497893763005,72.3455871413622,82.2941714854712,83.1793333078082,4.295182341107251,4.422378576562361,4.432949443470343,9063122.0,16.01972421027259,2179.88171977271,7.687025897326175,3.0580805621437,6.12924930313022,7.078,47.5626547300206,,8.62899693066618,2082000.0,14.548840008464332,2.195530726256948,-1.2762534665819505,-0.9432955994110848,-0.629382850266512,-0.9496439720865156,-1.6776456823463062,-22.28452369455936,153.58712205317465
HND,Honduras,2015,15,37.0515566,31.4353319,54.6121397,55.7305404552518,4.038312698091119,64.9996731259012,72.3455871413622,82.2941714854712,4.1896497893763005,4.295182341107251,4.422378576562361,9237305.0,16.038760734408207,2271.20265980349,7.728064776258591,3.84007997093951,3.15783117980923,6.147,45.1667574562581,,6.27594328427599,2093000.0,14.554109479211109,3.195530726256948,-1.2418401402584354,-0.6366683808375717,-0.5856346734900757,-0.8213810648620276,-1.453862780202573,-22.266810700733963,153.89358680466165
HND,Honduras,2016,16,36.6842303,29.1456034,53.8554146,54.7151729955654,4.020252515502999,55.7305404552518,64.9996731259012,72.3455871413622,4.038312698091119,4.1896497893763005,4.295182341107251,9412380.0,16.057536402005034,2307.34468351082,7.74385265469053,3.89297219726413,2.72461223295289,6.727,42.7141047814182,,5.28156973350556,2228000.0,14.616615328862244,4.195530726256948,-1.283459639382841,-0.8612238842522507,-0.6522842746655899,-0.9323225994335608,-1.6457104560269449,-22.237226099146895,153.61506265466727
HND,Honduras,2017,17,38.1934627,28.6864181,50.4087337,40.2998017393682,3.720857699455905,54.7151729955654,55.7305404552518,64.9996731259012,4.020252515502999,4.038312698091119,4.1896497893763005,9588137.0,16.076037163128532,2413.0076562942,7.788629238555845,4.84291391050387,3.93436084442044,5.528,43.0938548370178,,4.10592046689605,2144000.0,14.57818426759063,5.195530726256948,-1.112457735761115,-0.9062565534975868,-0.9558554227142848,-0.991523237324329,-1.7189376561592595,-22.272429640003956,153.86604570357596
HND,Honduras,2018,18,38.14234,28.2290627,51.1298505,37.9817721287217,3.6630941555581273,40.2998017393682,54.7151729955654,55.7305404552518,3.720857699455905,4.020252515502999,4.038312698091119,9765210.0,16.09433662743802,2464.64241531918,7.80980201117464,3.84499476966735,4.34734937777528,5.648,41.4548165613247,,5.99386120691106,2323000.0,14.658370442230284,6.195530726256948,-1.118250136598973,-0.951109762987892,-0.8923420714048549,-0.9872339903305732,-1.7165587269790945,-22.23564676780126,153.80330641857384
HND,Honduras,2019,19,38.4368702,26.4344138,51.7655593,41.0111655865032,3.737935430249933,37.9817721287217,40.2998017393682,54.7151729955654,3.6630941555581273,3.720857699455905,4.020252515502999,9943633.0,16.11244300481422,2502.32744328073,7.824976555077984,2.55963434592314,4.36587159819267,5.698,40.2189637388964,,3.83846408231678,2315000.0,14.65492067746782,7.195530726256948,-1.0848787188676223,-1.127112414477839,-0.8363511468488112,-1.016114093398091,-1.770254061050866,-22.23731413322405,153.7961260747978
HND,Honduras,2020,20,37.8437257,28.1678381,54.5120159,35.7028493255269,3.602854390344564,41.0111655865032,37.9817721287217,40.2998017393682,3.737935430249933,3.6630941555581273,3.720857699455905,10119640.0,16.129988648068327,2307.61494319511,7.743969778005341,-8.96508223267296,3.46841177951184,10.982,35.8751401030378,,1.0106822391556,669000.0,13.41354083387756,8.195530726256948,-1.1520842987523092,-0.9571141084263848,-0.5944532145139917,-0.9012172072308952,-1.5897442546163358,-22.18579825479108,152.849381565207
HND,Honduras,2021,21,37.3143589,25.1758094,52.1201836,38.2025965034663,3.6687429819361457,35.7028493255269,41.0111655865032,37.9817721287217,3.602854390344564,3.737935430249933,3.6630941555581273,10289877.0,16.14667115438602,2735.14751503977,7.913940649430753,12.5652843771279,4.48087963413445,8.506,39.3653983599255,,2.84361329738544,,,9.195530726256948,-1.2120636170561976,-1.2505447535704128,-0.8051171251913481,-1.0892418319393196,-1.906867783415255,-22.22660246252345,153.28012006798733
HND,Honduras,2022,22,38.1748769,26.9776015,57.7266194,34.9679353875888,3.582627857883625,38.2025965034663,35.7028493255269,41.0111655865032,3.6687429819361457,3.602854390344564,3.737935430249933,10463872.0,16.1634391201884,3003.28996826399,8.007463622850228,4.14356194013767,9.08963911525025,8.774,42.4391817948962,,2.41292398026651,,,10.195530726256948,-1.1145635792218913,-1.073841562749278,-0.3113226018087801,-0.8332425812599832,-1.490428379564224,-22.285514592587816,153.52697399822753
HND,Honduras,2023,23,37.0610655,25.6028349,59.9027299,31.4424316507577,3.479467184846038,34.9679353875888,38.2025965034663,35.7028493255269,3.582627857883625,3.6687429819361457,3.602854390344564,10644851.0,16.18058685902998,3227.45762509776,8.07944999330781,3.57584760454412,6.66325180347457,6.07,37.3686804713719,,3.16136364280263,,,11.195530726256948,-1.2407627448875511,-1.2086660216057254,-0.1196586845700769,-0.8563624836877844,-1.5514300108437655,-22.254281104791005,153.6422365903383
NIC,Nicaragua,2000,0,41.6351696,30.5290172,60.3426818,9.47710001137849,2.3491919241283106,,,,,,,5022633.0,15.429464856156851,1017.3124434882,6.924919569601626,4.10159025073438,7.06991352252517,7.181,20.1081658866931,,5.21568567857809,581000.0,13.272507757002964,-11.804469273743052,-0.7224989516745608,-0.7255513875829672,-0.0809093174995119,-0.5096532189190134,-0.921870713778701,,146.48681203940697
NIC,Nicaragua,2002,2,46.1935501,31.1589843,59.5380496,10.7574705924444,2.464488833659743,9.47710001137849,,,2.3491919241283106,,,5149909.0,15.454489602580892,1014.3339042591,6.921987424086836,0.753938876079573,3.75017465778466,7.517,18.8471358845682,,3.90334311480045,579000.0,13.269059483669356,-9.804469273743052,-0.2060167035249985,-0.6637700107624465,-0.1517784022212646,-0.3405217055029032,-0.5963438176406178,-21.032201922446067,146.88018332692795
NIC,Nicaragua,2003,3,48.6352463,32.7728419,59.0118407,12.185846245133,2.579144000159981,10.7574705924444,9.47710001137849,,2.464488833659743,2.3491919241283106,,5210963.0,15.46627523350153,1021.35216668794,6.928882681990968,2.52073289551447,5.30238773219936,7.6,20.704998914845,,3.78225034215297,646000.0,13.378556330751158,-8.804469273743052,0.0706369770254161,-0.5054977065099527,-0.1981249728847805,-0.2109952341231057,-0.3528288285744411,-21.08615384718935,147.2038826568345
NIC,Nicaragua,2004,4,47.3846099,36.6115679,58.191765,12.2512960818705,2.584095365148072,12.185846245133,10.7574705924444,9.47710001137849,2.579144000159981,2.464488833659743,2.3491919241283106,5272912.0,15.47809332958139,1098.62118662335,7.001811205833934,5.31217056950739,8.47021063584077,6.41,23.0598557398256,,4.31560328721207,735000.0,13.507627138738266,-7.804469273743052,-0.0710649935515625,-0.1290307806709221,-0.2703542650527436,-0.1568166797584094,-0.2580768743456056,-21.15150864325849,147.53307382201714
NIC,Nicaragua,2005,5,47.6396381,33.5312557,59.2174417,13.6463048137106,2.6841880725014167,12.2512960818705,12.185846245133,10.7574705924444,2.584095365148072,2.579144000159981,2.464488833659743,5342105.0,15.49113032801859,1183.30214010175,7.076064232976514,4.28239833770654,9.59909986064425,5.37,24.3821308946094,,3.81407422484717,804000.0,13.597355791941425,-6.804469273743052,-0.042169306129783,-0.4311194591956361,-0.1800163827887377,-0.2177683827047189,-0.3710536775674665,-21.185617989040708,147.73658536315094
NIC,Nicaragua,2006,6,46.3233394,33.0788655,61.1300036,13.3238467052683,2.661925750128927,13.6463048137106,12.2512960818705,12.185846245133,2.6841880725014167,2.584095365148072,2.579144000159981,5418855.0,15.505395096485884,1248.17371577788,7.129436734577441,4.15294559846254,9.1401996677772,5.31,31.2666288650856,,4.24030000066427,891000.0,13.700100828786772,-5.804469273743052,-0.1913110708008858,-0.4754857275549057,-0.0115648700022791,-0.2261205561193568,-0.4052734415600713,-21.281833079726738,148.51662307157565
NIC,Nicaragua,2007,7,45.562215,31.2376551,64.0501612,12.9883276955078,2.6382232458289114,13.3238467052683,13.6463048137106,12.2512960818705,2.661925750128927,2.6841880725014167,2.584095365148072,5497243.0,15.519757251796252,1350.38145753377,7.208142392655722,5.0763520180987,11.1269347446118,4.89,33.0635730423674,,5.14186605474194,978000.0,13.79326597151132,-4.804469273743052,-0.2775494269963561,-0.6560547025509987,0.24563201617164,-0.2293240377919049,-0.4345672926013366,-21.31424665774295,148.66572733220954
NIC,Nicaragua,2008,8,44.3220203,31.1398338,62.3569202,13.1980225202019,2.653102695769049,12.9883276955078,13.3238467052683,13.6463048137106,2.6382232458289114,2.661925750128927,2.6841880725014167,5576593.0,15.534088574404898,1523.68437086409,7.328886609065013,3.43571693608081,19.8262031287429,6.2,34.4704620011048,,7.38263377911966,1011000.0,13.826451487121805,-3.804469273743052,-0.4180683123327542,-0.665648115598082,0.096497492493187,-0.3290729784792164,-0.604639310969634,-21.3357973335634,147.934098711114
NIC,Nicaragua,2009,9,43.2645052,31.2991833,61.1846356,14.1781256977468,2.719855292522525,13.1980225202019,12.9883276955078,13.3238467052683,2.653102695769049,2.6382232458289114,2.661925750128927,5656601.0,15.548333739753645,1467.08288052845,7.291031273158185,-3.2926651586197,3.68700160498797,8.16,33.9814942096139,,5.22852820149836,1010000.0,13.82546187891596,-2.8044692737430523,-0.537888888149123,-0.6500205828179394,-0.0067530816640562,-0.3982208508770395,-0.7235214061983695,-21.298286052101314,148.49708255376154
NIC,Nicaragua,2010,10,42.5282916,30.684883,56.6908219,13.682036444762,2.68662473596054,14.1781256977468,13.1980225202019,12.9883276955078,2.719855292522525,2.653102695769049,2.6382232458289114,5737450.0,15.562525418716016,1526.56706951408,7.330776748002456,4.41009911716546,5.45513425887423,7.83,40.4671151559929,,5.59335824334059,1071000.0,13.884104283136264,-1.8044692737430523,-0.6213047537720743,-0.7102655040451888,-0.4025518874153953,-0.5780407150775528,-1.0128991511498124,-21.39607492504202,149.04672134565394
NIC,Nicaragua,2011,11,43.591364,30.6773896,58.0842927,12.682480356333,2.616116208356704,13.682036444762,14.1781256977468,13.1980225202019,2.68662473596054,2.719855292522525,2.653102695769049,5819051.0,15.576647747992908,1679.71192084633,7.426377582006959,6.31668553491842,8.082387980991,6.613,45.0169781525763,,9.5791738556055,1122000.0,13.93062425632998,-0.8044692737430523,-0.500854514241226,-0.711000387770175,-0.2798200352940309,-0.4972249791018105,-0.8749684708203681,-21.46190184106186,149.6373764445469
NIC,Nicaragua,2012,12,42.6398118,30.7862749,57.9889278,11.4042929452756,2.5180426179599382,12.682480356333,13.682036444762,14.1781256977468,2.616116208356704,2.68662473596054,2.719855292522525,5901287.0,15.59068102068106,1784.69836017555,7.487004694037964,6.4961364710876,7.1935505333896,5.208,47.4691755587782,,7.36516075625111,1233000.0,14.02496159317616,0.1955307262569476,-0.6086690811664008,-0.7003219194033108,-0.2882194296727065,-0.5324034767474727,-0.9409023340092192,-21.499091334226478,150.1909499610906
NIC,Nicaragua,2013,13,42.6323922,31.3427349,59.7097061,9.92672854383165,2.391211947581355,11.4042929452756,12.682480356333,13.682036444762,2.5180426179599382,2.616116208356704,2.68662473596054,5983845.0,15.60457389589456,1835.43996363715,7.51503949395039,4.92709413447304,7.13546785289407,5.28,45.2142694902064,,8.78722600899979,1273000.0,14.05688766308519,1.1955307262569477,-0.6095097507174333,-0.6457494426096069,-0.1366595205240874,-0.4639729046170426,-0.8322692592178852,-21.47623286557023,150.09481902858286
NIC,Nicaragua,2014,14,41.3797112,27.7066611,63.4318004,8.6540960289815,2.267382284255486,9.92672854383165,11.4042929452756,12.682480356333,2.391211947581355,2.5180426179599382,2.616116208356704,6066492.0,15.618291071755648,1958.37047579547,7.579868016528035,4.78546013589983,6.03596861798425,4.52,45.008072249634,,9.06363827053251,1390000.0,14.144815024531075,2.195530726256948,-0.7514433824303275,-1.0023421052820258,0.1911690405116911,-0.5208721490668874,-0.9639272935876214,-21.47004057206442,150.23016403976519
NIC,Nicaragua,2015,15,39.6740565,27.2776863,62.884096,8.52113297894743,2.2535138521157365,8.6540960289815,9.92672854383165,11.4042929452756,2.267382284255486,2.391211947581355,2.5180426179599382,6149417.0,15.631867838541238,2074.45620634731,7.637454329088445,4.79226768332697,3.99737996694396,4.7,40.0837782888412,,7.58033255797744,1456000.0,14.19120419455172,3.195530726256948,-0.9447006969574644,-1.0444120066551412,0.1429292242004911,-0.6153944931373715,-1.134906244767352,-21.40479119579202,149.72604960530725
NIC,Nicaragua,2016,16,40.2307418,25.7077346,63.0333858,7.26815838263741,2.1124117977363617,8.52113297894743,8.6540960289815,9.92672854383165,2.2535138521157365,2.267382284255486,2.391211947581355,6232666.0,15.64531472860197,2131.68704828322,7.66466898665169,4.56314739524967,3.52317317628473,3.9,38.8820263906579,,7.44462628012218,1596000.0,14.283011683558112,4.195530726256948,-0.8816260863022521,-1.198378424215228,0.1560781281149671,-0.641308794134171,-1.178775602161434,-21.411690378410828,149.83668246719188
NIC,Nicaragua,2017,17,41.2427467,25.6669823,62.7940555,6.82368909372622,2.0571561944335306,7.26815838263741,8.52113297894743,8.6540960289815,2.1124117977363617,2.2535138521157365,2.267382284255486,6316231.0,15.65863322746974,2182.61380995674,7.6882784329551965,4.63120757580209,3.85067166284727,3.3,41.338969262606,,7.51057620596971,1958000.0,14.487434612797692,5.195530726256948,-0.7669619932344679,-1.2023750348360092,0.1349987836552469,-0.6114460814717434,-1.1196150742794266,-21.43897916528822,150.3050389977421
NIC,Nicaragua,2018,18,34.496984,23.1967986,46.9001644,10.65611679854,2.455831089307696,6.82368909372622,7.26815838263741,8.52113297894743,2.0571561944335306,2.1124117977363617,2.2535138521157365,6400080.0,15.671821048251775,2035.16549390507,7.61833241835637,-3.3633566598573,4.94723728039886,5.2,42.2771474372665,,6.43060058137235,1412000.0,14.160518405250372,6.195530726256948,-1.531283156151749,-1.4446279238926083,-1.2648774764847408,-1.4135961855096997,-2.4558519830811427,-21.45441559776363,149.54907484633495
NIC,Nicaragua,2019,19,34.0156849,23.4666749,49.7556204,7.94304819024202,2.190876491948656,10.65611679854,6.82368909372622,7.26815838263741,2.455831089307696,2.0571561944335306,2.1124117977363617,6483657.0,15.684795260993692,1958.62051528095,7.579995685693672,-2.89686986728901,5.37628990844126,5.457,44.8044297851925,,3.96093444094211,1455000.0,14.190517145872716,7.195530726256948,-1.5858162170053485,-1.4181609395290953,-1.013379272481425,-1.3391188096719564,-2.346650192435733,-21.559263432826505,150.0227420878613
NIC,Nicaragua,2021,21,31.5897313,22.8056451,58.9330313,11.3473196321723,2.513439005686533,7.94304819024202,10.65611679854,6.82368909372622,2.190876491948656,2.455831089307696,2.0571561944335306,6644741.0,15.709336272695682,2138.38588469449,7.6678065639305375,10.454389484408,4.92841396948968,6.076,46.4042430642905,,7.36996621393819,,,9.195530726256948,-1.860686199718402,-1.4829886601567177,-0.2050662188919255,-1.1829136929223485,-2.146332366674024,-21.551940492698925,150.30994473257437
PAN,Panamá,2000,0,51.8636903,38.0423509,67.6657382,9.93233884821742,2.391725263580463,,,,,,,3010369.0,14.91757322057348,3975.09310275544,8.28780344889098,4.2090057360153,1.49896111605777,6.188,68.9601164522227,,6.91764679868008,600000.0,13.304686600863562,-11.804469273743052,0.4364322446966789,0.0112872512888344,0.5640789199010962,0.3372661386288698,0.5687255988656279,,144.63543420990416
PAN,Panamá,2002,2,55.4063328,38.1984131,70.7766768,12.0152977748691,2.5661254175447,9.93233884821742,,,2.391725263580463,,,3129344.0,14.956333955885864,4090.58616456082,8.316443555286554,2.50884408826073,1.00583090379039,6.302,62.829057458876,,1.93034037172558,800000.0,13.592368256649284,-9.804469273743052,0.8378274250222756,0.02659239593153,0.8380791043425969,0.5674996417654675,0.9700604864161146,-20.580402211564667,144.55481327216037
PAN,Panamá,2003,3,55.4660436,39.5257255,67.3024826,10.5649025160456,2.447974866425706,12.0152977748691,9.93233884821742,,2.5661254175447,2.391725263580463,,3189807.0,14.975470971363336,4264.66428949623,8.358118743931211,5.09686013628365,0.391666666666657,6.303,58.1335706021341,,7.72303743803259,897000.0,13.706812255867511,-8.804469273743052,0.8445928910080149,0.1567629834795929,0.5320846846566563,0.511146853048088,0.894888415294697,-20.575077497320812,144.16113518552157
PAN,Panamá,2004,4,56.7476249,39.6845183,67.6050062,9.47355777770635,2.348853774009918,10.5649025160456,12.0152977748691,9.93233884821742,2.447974866425706,2.5661254175447,2.391725263580463,3251155.0,14.994520875787147,4644.56581177581,8.443453172557264,8.1756535098435,0.474723078204336,6.097,60.5768245688004,,8.46279993310649,1004000.0,13.819503575249252,-7.804469273743052,0.9898010391673092,0.1723359202459504,0.5587298656955578,0.5736222750362724,1.0090640082539044,-20.599272302032897,144.52783534616896
PAN,Panamá,2005,5,55.6340459,38.1384618,64.8954049,10.9869362611305,2.4838174118779235,9.47355777770635,10.5649025160456,12.0152977748691,2.348853774009918,2.447974866425706,2.5661254175447,3313026.0,15.013372529123258,5017.74110414832,8.520735132161407,8.27618322400723,2.85588324760959,5.967,68.2355957470283,,6.6434443919751,1070000.0,13.883170141017091,-6.804469273743052,0.863628205325961,0.0207129240413628,0.3200780144623218,0.4014730479432152,0.7191597586134149,-20.686113947765172,145.10841582688028
PAN,Panamá,2006,6,55.9072744,39.118731,67.3552989,6.54810061378814,2.021295957278106,10.9869362611305,9.47355777770635,10.5649025160456,2.4838174118779235,2.348853774009918,2.447974866425706,3375024.0,15.031912993374595,5528.76705854901,8.61772011460378,9.8572387394466,2.45789346442096,5.792,69.1942341743752,,15.7789064426648,1215000.0,14.010255457801716,-5.804469273743052,0.8945860575584662,0.1168487076890325,0.536736552726799,0.5160571059914325,0.9053420485528804,-20.726433917644776,145.3570964595249
PAN,Panamá,2007,7,56.5515657,38.1179794,67.8203779,8.11638724767199,2.210073590480309,6.54810061378814,10.9869362611305,9.47355777770635,2.021295957278106,2.4838174118779235,2.348853774009918,3437490.0,15.050252111861823,6317.8173051466,8.751129064379615,13.1530653136012,4.16863300298887,5.665,71.9791727604966,,10.2406205983382,1428000.0,14.171786122161532,-4.804469273743052,0.9675867689047882,0.0187041987085818,0.5776990235964812,0.5213299970699504,0.9146239852852752,-20.700625554607324,145.50362182101273
PAN,Panamá,2008,8,55.5747344,43.4541438,67.1081281,14.0831048875658,2.713575235787382,8.11638724767199,6.54810061378814,10.9869362611305,2.210073590480309,2.021295957278106,2.4838174118779235,3500648.0,15.06845865217996,7347.59049046839,8.90212771403464,10.197432548532,8.75868317728784,5.639,78.2985922617111,,9.29189971900206,1575000.0,14.269766465162304,-3.804469273743052,0.8569079815839713,0.5420261048408966,0.5149666454748362,0.6379669106332346,1.1198825602870282,-20.806169080661054,145.9144684172977
PAN,Panamá,2009,9,55.0315577,41.8105676,67.8726493,15.7671135605313,2.819419441792,14.0831048875658,8.11638724767199,6.54810061378814,2.713575235787382,2.210073590480309,2.021295957278106,3564381.0,15.08650096421609,7796.92618363433,8.9614848559869,1.61186417596689,2.409053040822,5.857,69.9648087248022,,3.9059104779012,1562000.0,14.261478249586428,-2.8044692737430523,0.7953639478732142,0.3808392737421947,0.5823028988516913,0.5861687068223667,1.020857721870254,-20.788400396260204,145.3492785257901
PAN,Panamá,2010,10,54.817713,40.9835613,64.493439,12.677292626363,2.61573698517854,15.7671135605313,14.0831048875658,8.11638724767199,2.819419441792,2.713575235787382,2.210073590480309,3628535.0,15.104339543512978,8331.46422259967,9.027794496736687,6.07339340909564,3.491288726188,5.845,70.025242051299,,8.43207037866722,1726000.0,14.361317729999618,-1.8044692737430523,0.7711345112540311,0.2997341051496689,0.284674316446811,0.4518476442835037,0.8065087763693296,-20.82134684720185,145.231031566077
PAN,Panamá,2011,11,56.3915733,40.8264444,65.1686268,14.8639320731842,2.7640481093868576,12.677292626363,15.7671135605313,14.0831048875658,2.61573698517854,2.819419441792,2.713575235787382,3693505.0,15.122086429679538,9662.29590911979,9.17598657071864,11.9088772241134,5.8758024367877,4.03,77.7456722088295,,12.3168354603605,2004000.0,14.510656240188764,-0.8044692737430523,0.9494590074248408,0.2843255252353021,0.3441424080808446,0.5259756469136624,0.9400863697946856,-20.898104333393235,146.1987924862693
PAN,Panamá,2012,12,52.2018806,38.5631332,64.8455984,16.9448445310514,2.8873028609260087,14.8639320731842,12.677292626363,15.7671135605313,2.7640481093868576,2.61573698517854,2.819419441792,3759256.0,15.139731623446336,11064.8063662003,9.311524752666443,9.62729355007232,5.69819959165992,3.691,74.5443156942107,,8.13045858557062,2086000.0,14.550759393929123,0.1955307262569476,0.4747505216475335,0.0623607875381995,0.3156912386556935,0.2842675159471422,0.4963686359364683,-20.892189054615802,145.62576616517643
PAN,Panamá,2013,13,51.8266046,39.1491722,64.1932128,17.3318403029072,2.908639455224862,16.9448445310514,14.8639320731842,12.677292626363,2.8873028609260087,2.7640481093868576,2.61573698517854,3825329.0,15.157155034615757,12273.3224983788,9.415183283314018,6.32435373509259,4.0271599157106,3.674,64.5610772701238,,8.09167357453305,2202000.0,14.604877050397263,1.1955307262569477,0.432230290579378,0.1198341004945761,0.2582314820642326,0.2700986243793956,0.4740371751667288,-20.81040049537727,144.63228489073094
PAN,Panamá,2014,14,54.5146583,39.8747927,70.7028074,15.5186126360303,2.8044877836964046,17.3318403029072,16.9448445310514,14.8639320731842,2.908639455224862,2.8873028609260087,2.7640481093868576,3892101.0,15.174459672619356,13213.1989591137,9.488971530131296,4.62581384604574,2.62652699929151,4.391,54.8890820604972,,9.6921652724572,2305000.0,14.650591668252272,2.195530726256948,0.7367972345022791,0.1909962826770971,0.8315729556116046,0.5864554909303269,0.9995218615737012,-20.715484132063317,143.87711543919016
PAN,Panamá,2015,15,54.0341183,39.2716193,74.1501152,11.8938357734005,2.556749350139137,15.5186126360303,17.3318403029072,16.9448445310514,2.8044877836964046,2.908639455224862,2.8873028609260087,3960035.0,15.191763421575445,14082.6548434996,9.552699166163745,5.26691726402875,0.137492058461504,4.335,47.3866199170958,,9.17966898909828,2553000.0,14.752780087919588,3.195530726256948,0.6823501826324782,0.1318425854228838,1.1351993187377123,0.6497973622643581,1.0851003635389354,-20.63180249965766,143.34095127456106
PAN,Panamá,2016,16,54.6320009,37.6620671,73.7741202,10.0519063068018,2.4026029295371614,11.8938357734005,15.5186126360303,17.3318403029072,2.556749350139137,2.8044877836964046,2.908639455224862,4029086.0,15.209050109192637,14832.3611652459,9.604566637916797,4.57196696307969,0.739734025300033,4.717,41.7407554629987,,8.78226076869208,2379000.0,14.68219120962969,4.195530726256948,0.7500926076839859,-0.0260074848117325,1.102083043363752,0.6087227220786685,1.0183410282286054,-20.552529812523314,142.68860004439088
PAN,Panamá,2017,17,54.2168564,36.5408642,73.7176296,9.22242063167726,2.3245834091450583,10.0519063068018,11.8938357734005,15.5186126360303,2.4026029295371614,2.556749350139137,2.8044877836964046,4098707.0,15.22618211608261,15694.6297518495,9.661073878800254,5.74405946988693,0.875585918759878,5.338,41.4710106747803,,6.34573158684694,2517000.0,14.738578671415745,5.195530726256948,0.7030551204301404,-0.1359647490199117,1.097107556281104,0.5547326425637775,0.9216874682965704,-20.53744934342873,142.55004266885933
PAN,Panamá,2018,18,52.6321447,36.7609585,72.1174424,9.62124332136356,2.36285608253594,9.22242063167726,10.0519063068018,11.8938357734005,2.3245834091450583,2.4026029295371614,2.556749350139137,4167860.0,15.242913272599768,16151.3273433486,9.689757513716156,3.9181980847881,0.761578359399944,5.161,42.3471044405144,,6.3940456399755,2487000.0,14.726588124876333,6.195530726256948,0.5235011184145313,-0.1143799251706208,0.9561688736787126,0.4550966889742077,0.7494821553429327,-20.55594724873116,142.70559708374205
PAN,Panamá,2019,19,52.1697757,36.8493715,72.7148713,11.3349220328569,2.512434429155255,9.62124332136356,9.22242063167726,10.0519063068018,2.36285608253594,2.3245834091450583,2.4026029295371614,4234700.0,15.258823045306489,16477.9066268111,9.709775770322953,3.10306793272473,-0.355083821021245,6.256,40.2141744857332,,6.7135041995988,2494000.0,14.729398806184347,7.195530726256948,0.4711129115514442,-0.1057091916214681,1.0087882435340618,0.4580639878213459,0.748351788647123,-20.54478173980235,142.4618157782045
PAN,Panamá,2020,20,52.8383789,37.3493253,71.6480793,11.6461589453797,2.537353528383917,11.3349220328569,9.62124332136356,9.22242063167726,2.512434429155255,2.36285608253594,2.3245834091450583,4293261.0,15.27255714200436,13290.5608397749,9.494809350950442,-17.8212299459324,-1.5502754080376,14.663,36.2690881640488,,-2.85980025111741,647000.0,13.380103119076898,8.195530726256948,0.5468682557698549,-0.0566783230084069,0.9148290748250698,0.4683396691955059,0.7769984759610886,-20.491983623874297,141.12628676517664
PAN,Panamá,2021,21,52.9991922,37.2569632,71.9384306,12.6570480772218,2.6142557310255823,11.6461589453797,11.3349220328569,9.62124332136356,2.537353528383917,2.512434429155255,2.36285608253594,4345405.0,15.284629522924677,15509.8069124139,9.649227806861235,16.4671248604202,1.63070337301898,10.177,41.6067040108244,,2.71982266254139,,,9.195530726256948,0.5650890284140758,-0.0657363479497639,0.9404021638448368,0.4799182814363829,0.7961836125322066,-20.595690320681786,142.18105958866164
PAN,Panamá,2022,22,53.2703159,36.4603293,73.2133637,11.3389170493456,2.512758255253845,12.6570480772218,11.6461589453797,11.3349220328569,2.6142557310255823,2.537353528383917,2.512434429155255,4400773.0,15.297290765276427,17378.6070017557,9.76299524611102,11.0385475261766,2.85965128834711,8.086,48.0265978333415,,3.2250848191713,,,10.195530726256948,0.5958083986164154,-0.1438628710077158,1.0526936454416045,0.501546391016768,0.8268820337092327,-20.696468344475296,143.09526591742076
PAN,Panamá,2023,23,53.0416321,36.3788591,72.2040085,11.7072934419645,2.5421761153938647,11.3389170493456,12.6570480772218,11.6461589453797,2.512758255253845,2.6142557310255823,2.537353528383917,4458759.0,15.310381034156144,18797.1933994045,9.84146285040787,7.16632946099945,1.48641355277038,6.544,45.6292440103821,,2.84826789984183,,,11.195530726256948,0.5698976342255568,-0.1518527186137941,0.9637933016781536,0.4606127390966387,0.7606151580652029,-20.675197819604342,143.14399956764885
SLV,El Salvador,2000,0,42.0473419,33.280372,65.5818393,59.7472879846202,4.10672243899569,,,,,,,5943366.0,15.597786197510567,1982.87093542615,7.5923010408878495,1.12790697674419,2.27128756828723,6.96,26.8272702258496,,1.47137092746017,867000.0,13.672795409164552,-11.804469273743052,-0.6757982262460941,-0.4557238241026711,0.3805366658182148,-0.2503284615101834,-0.4992859021255094,,148.07856892678066
SLV,El Salvador,2002,2,44.8278584,33.1580423,65.4443922,47.3555199373003,3.8785803816144857,59.7472879846202,,,4.10672243899569,,,5986631.0,15.60503937446873,2115.41187355626,7.657004811791247,1.57291844759789,1.86552503610077,6.2,25.5130894550755,,3.71125187529755,885000.0,13.69334405393293,-9.804469273743052,-0.3607548872933785,-0.4677207955191805,0.3684308239507636,-0.1533482862872651,-0.3140150351499832,-21.451595762969127,148.13509299755344
SLV,El Salvador,2003,3,45.285145,36.7660513,60.5493385,55.9464014802791,4.042110500544356,47.3555199373003,59.7472879846202,,3.8785803816144857,4.10672243899569,,5998599.0,15.60703649992696,2207.83089518069,7.69976581713644,1.56539303147618,2.1203909173333,6.9,25.9234207599485,,1.06615183714648,798000.0,13.589865129563991,-8.804469273743052,-0.3089425361268467,-0.1138804702056368,-0.0627077451778753,-0.1618435838367863,-0.2933389956219272,-21.413622729308482,147.95774893618105
SLV,El Salvador,2004,4,48.9116433,40.0908064,63.3848636,64.8994757581223,4.188130486364867,55.9464014802791,47.3555199373003,59.7472879846202,4.042110500544356,3.8785803816144857,4.10672243899569,6004671.0,15.608048224318386,2285.68907438892,7.734422822150927,0.889404485692197,4.45194392395045,6.8,25.9062104819237,,2.64681242347754,1030000.0,13.845070331079134,-7.804469273743052,0.1019538326371396,0.2121809188241193,0.1870350174689049,0.1670565896433879,0.2838857420924355,-21.43930602254735,148.09152282066034
SLV,El Salvador,2005,5,48.3868735,39.2668625,64.70213,64.6399118153084,4.184183922761335,64.8994757581223,55.9464014802791,47.3555199373003,4.188130486364867,4.042110500544356,3.8785803816144857,6005578.0,15.608199261986584,2447.39140845394,7.802778005066506,2.68083009363194,4.69094870903769,7.22,25.2665668798476,,3.47761600217717,1306000.0,14.082480354515004,-6.804469273743052,0.0424953723210258,0.1313760822463535,0.3030550625313791,0.1589755056995861,0.2581016481788782,-21.439136863306796,147.78698072305113
SLV,El Salvador,2006,6,45.6991141,40.2352499,62.3107418,65.4247078983383,4.196069094170469,64.6399118153084,64.8994757581223,55.9464014802791,4.184183922761335,4.188130486364867,4.042110500544356,6002319.0,15.607656452520445,2665.61807194853,7.888191231642117,4.3369986028604,4.03712359429612,6.57,25.9396783352886,,1.50707286112592,1501000.0,14.221642776837896,-5.804469273743052,-0.2620382262666996,0.2263466082748461,0.0924302665706914,0.0189128828596126,0.0147255440003594,-21.43611357626245,147.704209123543
SLV,El Salvador,2007,7,45.1010249,39.4762309,65.7302391,58.1880552418794,4.080719751968895,65.4247078983383,64.6399118153084,64.8994757581223,4.196069094170469,4.184183922761335,4.188130486364867,6009824.0,15.6089060215568,2830.65693770733,7.948264097163967,1.84760220587859,4.57808572377153,6.41,25.5670345496495,,9.11434743633077,1720000.0,14.357835430184815,-4.804469273743052,-0.3298040599021267,0.1519090085129937,0.3936071817618866,0.0719040434575845,0.0817027982117099,-21.429205836619744,147.6048319997223
SLV,El Salvador,2008,8,45.4092015,39.5536527,66.8570269,52.7258860134014,3.9838949340333776,58.1880552418794,65.4247078983383,64.6399118153084,4.080719751968895,4.196069094170469,4.184183922761335,6029297.0,15.612140978159028,2983.24829577976,8.000768017986637,2.15440298282768,6.70792293515939,5.88,26.7405871721015,,5.0206011155903,1875000.0,14.44411975071984,-3.804469273743052,-0.2948864519501161,0.1595018262965306,0.4928505628515776,0.1191553123993307,0.1586764003589882,-21.432079829694583,147.68622447221045
SLV,El Salvador,2009,9,45.0488318,42.7294968,63.2527135,72.4503614995274,4.296609824316793,52.7258860134014,58.1880552418794,65.4247078983383,3.9838949340333776,4.080719751968895,4.196069094170469,6048279.0,15.615284326729888,2910.18651752011,7.975972453479253,-2.10876837627522,1.05595029731201,7.33,23.9512044914048,,2.09486399547314,1482000.0,14.208903759601776,-2.8044692737430523,-0.3357177412251082,0.4709593945811711,0.1753957161423008,0.1035457898327879,0.1540070034507462,-21.369253351682378,147.48018449123586
SLV,El Salvador,2010,10,43.1965315,42.6730068,66.532444,65.7026379683301,4.200244501889584,72.4503614995274,52.7258860134014,58.1880552418794,4.296609824316793,3.9838949340333776,4.080719751968895,6068249.0,15.618580653546026,3040.07300952878,8.019636810404243,2.15419536693635,1.17933576873673,4.893,26.9466693264064,,-0.613406192808089,1606000.0,14.289257796153656,-1.8044692737430523,-0.5455905728573314,0.465419375147472,0.464262478706633,0.1280304269989245,0.1656006220720442,-21.46624712828231,148.20997066516688
SLV,El Salvador,2011,11,45.2329914,44.45176,66.2860095,71.7719022936632,4.287329923197246,65.7026379683301,72.4503614995274,52.7258860134014,4.200244501889584,4.296609824316793,3.9838949340333776,6090127.0,15.622179493327426,3330.60049486653,8.110907895505955,3.77358499834686,5.1289237668161,4.297,28.9817775582263,,0.603930846788838,1634000.0,14.306542166397,-0.8044692737430523,-0.3148517419461264,0.6398631226382642,0.4425574220871462,0.2558562675930946,0.4022192513111922,-21.480395527256718,148.29715013977886
SLV,El Salvador,2012,12,43.0148003,39.4985633,69.2463755,42.4273897096406,3.7710903413474166,71.7719022936632,65.7026379683301,72.4503614995274,4.287329923197246,4.200244501889584,4.296609824316793,6113975.0,15.626087692448436,3497.91256915509,8.15992166074219,2.88770010188691,1.72973481581383,3.843,28.5710611774443,,2.01123945886672,1738000.0,14.368246160181302,0.1955307262569476,-0.5661814249669607,0.1540991648238658,0.7032957182445653,0.0970711527004901,0.0917328582977602,-21.48198346647823,148.30895088964527
SLV,El Salvador,2013,13,45.2381082,40.8632091,63.8876178,40.9360792814407,3.7361465371134273,42.4273897096406,71.7719022936632,65.7026379683301,3.7710903413474166,4.287329923197246,4.200244501889584,6138839.0,15.630146194296062,3582.26694005169,8.18375110247148,2.18295232499635,0.757669184522973,3.693,29.7248960481943,,1.11490857279595,1822000.0,14.41544590564931,1.1955307262569477,-0.314271988595714,0.2879310687381188,0.2313157832573196,0.0683249544665748,0.0886422702687361,-21.422371418752117,148.47345223724307
SLV,El Salvador,2014,14,46.4711587,38.0404523,64.1791153,63.6220773963139,4.168556107764391,40.9360792814407,42.4273897096406,71.7719022936632,3.7361465371134273,3.7710903413474166,4.287329923197246,6162955.0,15.63406692827891,3666.01248913873,8.206859835142001,1.7293998423459,1.14134467538233,4.154,29.5528752334192,,2.2408951362935,1886000.0,14.449969272398093,2.195530726256948,-0.1745625689187169,0.0111010540699134,0.2569898254143195,0.0311761035218386,0.0273698984315795,-21.413978576706857,148.30902134748666
SLV,El Salvador,2015,15,43.7543201,37.2559025,63.4839557,107.638231074992,4.437919567607641,63.6220773963139,40.9360792814407,42.4273897096406,4.168556107764391,3.7361465371134273,3.7710903413474166,6183676.0,15.637423474603857,3790.34089108162,8.240211238908092,2.40000008852115,-0.731384487387957,3.998,29.4861730232304,,2.10997804482034,1973000.0,14.495066291846996,3.195530726256948,-0.4823909540189747,-0.0658403716462295,0.1957626901001473,-0.1174895451883523,-0.2428493129551336,-21.47023902964663,148.25872209521467
SLV,El Salvador,2016,16,44.1267632,36.4629222,61.6051676,85.0858022421141,4.437919567607641,107.638231074992,63.6220773963139,40.9360792814407,4.437919567607641,4.168556107764391,3.7361465371134273,6200800.0,15.64018887394944,3901.34014965811,8.269075401208582,2.53906241135864,0.60404908699661,4.418,28.4585905008509,,1.98198031581358,2052000.0,14.534325972602112,4.195530726256948,-0.4401917015441558,-0.1436085832330715,0.0302858510759064,-0.1845048112337736,-0.3461162774464932,-21.496039361866963,147.91413758783037
SLV,El Salvador,2017,17,42.1456598,37.1622409,60.1543384,63.764040219627,4.170750514442579,85.0858022421141,107.638231074992,63.6220773963139,4.437919567607641,4.437919567607641,4.168556107764391,6213533.0,15.642240213230416,4020.12671373919,8.29906870194694,2.24761908134138,1.0123540331558,4.385,29.0297643758665,,2.01688451540263,2247000.0,14.625106996205195,5.195530726256948,-0.6646584256030055,-0.0750258395908455,-0.0974979208034599,-0.2790607286657703,-0.5123550671608943,-21.50147040459418,147.83324532125073
SLV,El Salvador,2018,18,42.6501709,36.12166,58.7190176,53.7958771232068,4.003614956145698,63.764040219627,85.0858022421141,107.638231074992,4.170750514442579,4.437919567607641,4.437919567607641,6219807.0,15.643249435295049,4183.54620971358,8.338914541381254,2.4124442237792,1.09033000581892,4.006,28.9343737810256,,1.58620478716365,2536000.0,14.746098988860943,6.195530726256948,-0.6074953548272313,-0.1770764398446311,-0.2239157690800934,-0.3361625212506519,-0.6005520714742362,-21.46206927469888,147.7675684959801
SLV,El Salvador,2019,19,44.0743893,37.3123805,62.2422412,38.5386955905095,3.6772798275804335,53.7958771232068,63.764040219627,85.0858022421141,4.003614956145698,4.170750514442579,4.437919567607641,6222318.0,15.643653064101878,4320.11671534627,8.371037698314458,2.43747159065784,0.0753241350024612,4.17,29.9559096080003,,2.59024369040438,2639000.0,14.785910994416804,7.195530726256948,-0.4461258682106638,-0.0603015290621173,0.0863969822640344,-0.1400101383362489,-0.2724311343762424,-21.440472262236774,148.00854409256664
SLV,El Salvador,2020,20,45.071142,37.5165892,63.3356789,21.5087446038674,3.113903882766664,38.5386955905095,53.7958771232068,63.764040219627,3.6772798275804335,4.003614956145698,4.170750514442579,6234673.0,15.645636689850852,3997.19279583709,8.293347592683672,-7.893101359867,-0.371590212324095,5.008,24.5267982788944,,1.55101998611342,707000.0,13.468787359304866,8.195530726256948,-0.3331899087520037,-0.0402746186969119,0.1827030075501938,-0.0635871732995739,-0.1405108038842214,-21.344130567867715,147.5598937658589
SLV,El Salvador,2021,21,42.5917078,36.4858376,62.1021567,17.343956146806,2.909300154951241,21.5087446038674,38.5386955905095,53.7958771232068,3.113903882766664,3.6772798275804335,4.003614956145698,6255782.0,15.649016714052816,4642.60743101342,8.443031433726683,11.9047617015957,3.46692585313082,4.327,28.7814953892726,,2.7560499827498,,,9.195530726256948,-0.6141194515479397,-0.1413612516464012,0.0740588477738855,-0.2271406184734851,-0.4320844297644147,-21.306714714118918,147.51386329957708
SLV,El Salvador,2022,22,40.3615724,34.0875275,64.1882591,7.89768799960639,2.1857914676655152,17.343956146806,21.5087446038674,38.5386955905095,2.909300154951241,3.113903882766664,3.6772798275804335,6280319.0,15.652931333332644,5074.60210221806,8.532003397332442,2.95461516549889,7.19861615609867,2.999,32.433483149734,,0.0823187568481088,,,10.195530726256948,-0.8668024702362486,-0.3765654393262983,0.2577951781417867,-0.3285242438069201,-0.6356747390312248,-21.329847087741697,147.71951763712732
SLV,El Salvador,2023,23,44.795442,35.5083699,67.2989159,2.24,1.860207844335088,7.89768799960639,17.343956146806,21.5087446038674,2.1857914676655152,2.909300154951241,3.113903882766664,6309624.0,15.657586644786337,5365.44491399171,8.587734580608991,3.5391566928735,4.04554694222477,2.992,31.3971431390261,,1.89928827474734,,,11.195530726256948,-0.3644277915515713,-0.2372222899507632,0.5317705426617453,-0.0232931796135297,-0.0979915684048256,-21.207363619962944,147.98124737045023
SLV,El Salvador,2024,24,44.6872968,36.1837975,65.9991479,1.9,1.860207844335088,2.24,7.89768799960639,17.343956146806,1.860207844335088,2.1857914676655152,2.909300154951241,6338193.0,15.662104270015824,5579.65969165029,8.626883066356118,2.60202016121069,0.853782292567288,3.261,32.7607043808335,,2.61241857793703,,,12.195530726256948,-0.376681063524498,-0.1709825655737604,0.4172916931816685,-0.0434573119721966,-0.1251417546622395,-21.165134527926952,148.18201445545014
