country_code,country_name,year,control_corruption,political_stability,rule_of_law,homicide_rate,exports_percent_gdp,fdi_percent_gdp,gdp_growth,gdp_per_capita,inflation,population,tourist_arrivals,unemployment,population_log,gdp_per_capita_log,tourist_arrivals_log,homicide_rate_winsor,homicide_rate_log,trade_percent_gdp,time_trend,homicide_rate_lag1,homicide_rate_log_lag1,homicide_rate_lag2,homicide_rate_log_lag2,homicide_rate_lag3,homicide_rate_log_lag3
COL,Colombia,2000,35.2865308,29.8839848,38.8722855,67.8921586309151,15.915139715438,2.43950747934181,2.92486148176778,2555.00751039968,9.22534818585365,39089934.0,707000.0,20.52,17.481375549356354,7.845810442124553,13.468787359304866,67.8921586309151,4.2325423635736925,,0,,,,,,
COL,Colombia,2002,43.1304513,25.3197419,43.0749396,70.3960948977152,14.8155696775272,2.17844751407948,2.50398046659659,2428.92969771584,6.35150728778872,40324680.0,661000.0,14.481,17.51247424642019,7.795205985691528,13.401510631691982,70.3960948977152,4.268243174540494,,2,67.8921586309151,4.2325423635736925,,,,
COL,Colombia,2003,44.2469541,26.0280015,43.8729139,57.4608630160922,16.5752997117627,1.81783931129221,3.91827190322513,2311.94218760291,7.1297886294186,40937429.0,668000.0,13.221,17.527555337007097,7.745843224117566,13.41204494952365,57.4608630160922,4.068357522079989,,3,70.3960948977152,4.268243174540494,67.8921586309151,4.2325423635736925,,
COL,Colombia,2004,46.3593505,31.939793,47.8045975,48.6481875848116,16.7707514248023,2.66083488771203,5.33302206759905,2818.57195413044,5.90402005546502,41543171.0,840000.0,13.717,17.54224370956042,7.943985636424234,13.641158361294979,48.6481875848116,3.9049618859943185,,4,57.4608630160922,4.068357522079989,70.3960948977152,4.268243174540494,67.8921586309151,4.2325423635736925
COL,Colombia,2005,45.8270002,31.7315837,47.3314856,42.9894132012747,16.9710437391629,7.02979401438219,4.82876110773741,3456.06610874512,5.05101962689695,42128977.0,981000.0,11.062,17.55624635167605,8.14788625842882,13.796328757914972,42.9894132012747,3.7839489959053183,,5,48.6481875848116,3.9049618859943185,57.4608630160922,4.068357522079989,70.3960948977152,4.268243174540494
COL,Colombia,2006,43.7548743,34.5742712,47.4503858,40.9429758324124,17.7285877506525,4.17238510059526,6.71686869844402,3789.85361217027,4.29342363628926,42691084.0,2096000.0,11.088,17.569500650775314,8.240082672573331,14.555541801522192,40.9429758324124,3.736310977472892,,6,42.9894132012747,3.7839489959053183,48.6481875848116,3.9049618859943185,57.4608630160922,4.068357522079989
COL,Colombia,2007,42.5056073,38.2877257,49.4009901,39.7776140409658,16.4331421263646,4.30867680626701,6.73819469090975,4769.926147194,5.54438485815155,43235374.0,2381000.0,11.204,17.582169560738237,8.470086100993974,14.683031545460512,39.7776140409658,3.7081332553661266,,7,40.9429758324124,3.736310977472892,42.9894132012747,3.7839489959053183,48.6481875848116,3.9049618859943185
COL,Colombia,2008,43.1971573,37.8071024,49.9302984,36.8840024517578,18.1095951350739,4.35627834630067,3.28344618616541,5541.83629665898,6.9968849555451,43758808.0,2545000.0,11.273,17.59420347621888,8.620081186310896,14.749641600893991,36.8840024517578,3.6345289240813536,,8,39.7776140409658,3.7081332553661266,40.9429758324124,3.736310977472892,42.9894132012747,3.7839489959053183
COL,Colombia,2009,41.9935632,39.1755145,48.9970118,35.7272410703666,16.4244956875755,3.45627065154005,1.13964864548062,5250.97292433518,4.20251661216481,44271541.0,2649000.0,12.066,17.60585261322832,8.566168657337226,14.789693145755079,35.7272410703666,3.603518743216944,,9,36.8840024517578,3.6345289240813536,39.7776140409658,3.7081332553661266,40.9429758324124,3.736310977472892
COL,Colombia,2010,40.2418143,43.1639794,50.7518616,34.5241750628259,16.3408447597691,2.24433595561184,4.49465897070922,6398.2958447102,2.27200227892008,44777319.0,1701000.0,11.153,17.617212296864682,8.763786959626445,14.346727459267303,34.5241750628259,3.5702134523997073,,10,35.7272410703666,3.603518743216944,36.8840024517578,3.6345289240813536,39.7776140409658,3.7081332553661266
COL,Colombia,2011,43.6714103,45.9787128,50.2483332,35.6322084408409,19.2765050733171,4.37269536127322,6.94789198173555,7400.9940695669,3.4150334477625,45259614.0,2356000.0,10.288,17.62792566963131,8.90936960389555,14.672476248201741,35.6322084408409,3.600927865468571,,11,34.5241750628259,3.5702134523997073,35.7272410703666,3.603518743216944,36.8840024517578,3.6345289240813536
COL,Colombia,2012,39.5560695,43.151392,49.2600929,35.9613009153726,18.8112052836654,4.05728041313345,3.91263576716115,8108.59838244229,3.16930188840055,45715810.0,2434000.0,9.959,17.637954747896842,9.00068030633393,14.70504696337587,35.9613009153726,3.609871444080799,,12,35.6322084408409,3.600927865468571,34.5241750628259,3.5702134523997073,35.7272410703666,3.603518743216944
COL,Colombia,2013,38.9235722,43.7037921,48.6401238,33.4159707994424,18.0864397214368,4.24252457969381,5.13399351995672,8279.10255642981,2.01699224310383,46151584.0,2595000.0,9.246,17.647441841184357,9.021489854600409,14.769097459938507,33.4159707994424,3.5385207240662275,,13,35.9613009153726,3.609871444080799,35.6322084408409,3.600927865468571,34.5241750628259,3.5702134523997073
COL,Colombia,2014,40.3387065,48.8925418,49.8831049,28.654305199833,16.6347491096509,4.24107256687862,4.49903000110972,8187.20824890084,2.89883787761737,46565429.0,2866000.0,8.799,17.65636895682362,9.010328245586576,14.868428236288546,28.654305199833,3.3896073155720416,,14,33.4159707994424,3.5385207240662275,35.9613009153726,3.609871444080799,35.6322084408409,3.600927865468571
COL,Colombia,2015,41.4314416,49.5727208,50.0884527,27.2152782480106,15.6502115094968,3.95939854860993,2.95590137527523,6248.51490534512,4.98983115849529,46969940.0,3371000.0,8.572,17.66501838059125,8.740099099350715,15.030720290864032,27.2152782480106,3.3398636130776196,,15,28.654305199833,3.3896073155720416,33.4159707994424,3.5385207240662275,35.9613009153726,3.609871444080799
COL,Colombia,2016,40.3758051,50.9727937,50.9612969,26.1438669043183,14.7171392781975,4.90164572903473,2.08738250162794,5959.84250367574,7.51346024627674,47437512.0,3675000.0,8.922,17.67492386608452,8.692799334152472,15.11706396273788,26.1438669043183,3.301151124151248,,16,27.2152782480106,3.3398636130776196,28.654305199833,3.3896073155720416,33.4159707994424,3.5385207240662275
COL,Colombia,2017,39.5383299,52.5716247,50.6762137,25.5510587151196,15.1452897484005,4.3931823276543,1.35936086788746,6479.53231292429,4.3143132569501,48131078.0,4056000.0,9.086,17.689438638701436,8.77640361281022,15.21570807080145,25.5510587151196,3.2790696231686014,,17,26.1438669043183,3.301151124151248,27.2152782480106,3.3398636130776196,28.654305199833,3.3896073155720416
COL,Colombia,2018,41.405998,54.5255309,49.701606,23.8207594532571,15.8997196775431,3.38083573220188,2.56432428277704,6816.96818309544,3.24056932930569,49024465.0,4397000.0,9.36,17.707830017187547,8.827170104063562,15.296433275590713,23.8207594532571,3.2116803777473835,,18,25.5510587151196,3.2790696231686014,26.1438669043183,3.301151124151248,27.2152782480106,3.3398636130776196
COL,Colombia,2019,42.3435637,50.4304751,49.1724423,23.3990612924966,15.8680386541241,4.33058240931506,3.18685539245533,6472.54544924705,3.52301932741446,49907985.0,4531000.0,10.28,17.725691567959988,8.77532473350093,15.326453444351083,23.3990612924966,3.194544659940113,,19,23.8207594532571,3.2116803777473835,25.5510587151196,3.2790696231686014,26.1438669043183,3.301151124151248
COL,Colombia,2020,42.6636046,54.2459136,48.6606218,22.6427030734102,13.5222755593302,2.7588942895314,-7.18591413760859,5339.68711357943,2.52663500084706,50629997.0,1396000.0,15.983,17.740054784692685,8.582922337274953,14.149122278636577,22.6427030734102,3.1630545292080723,,20,23.3990612924966,3.194544659940113,23.8207594532571,3.2116803777473835,25.5510587151196,3.2790696231686014
COL,Colombia,2021,42.3947687,48.5602739,48.2391764,25.5801274097033,16.1970059548864,3.00175693787234,10.8011981904878,6222.62164397614,3.49505757399448,51188173.0,,13.898,17.751019067232278,8.735946583102677,,25.5801274097033,3.280163846716173,,21,22.6427030734102,3.1630545292080723,23.3990612924966,3.194544659940113,23.8207594532571,3.2116803777473835
COL,Colombia,2022,42.6648919,52.0722697,47.8491027,24.9488076386337,20.3883679938331,4.97124137726565,7.32827729427979,6680.44506854481,10.1772313546166,51737944.0,,10.541,17.76170199678534,8.806939891338876,,24.9488076386337,3.2561256601413504,,22,25.5801274097033,3.280163846716173,22.6427030734102,3.1630545292080723,23.3990612924966,3.194544659940113
COL,Colombia,2023,41.6000941,52.2402416,47.2427231,24.9134420347488,17.8316784070298,4.58478761240549,0.712380031974334,7000.83660501046,11.7359044948689,52321152.0,,9.591,17.77291128321944,8.853784935897595,,24.9134420347488,3.254761831553529,,23,24.9488076386337,3.2561256601413504,25.5801274097033,3.280163846716173,22.6427030734102,3.1630545292080723
CRI,Costa Rica,2000,68.5921845,77.3356885,65.3048916,6.3234257019066,42.9303221707385,4.81846449896273,3.86871808953644,3812.75388284924,10.9615496593622,3937739.0,1278000.0,5.08,15.18611725868665,8.246107010921255,14.060807696391924,6.3234257019066,1.9910782105628315,,0,,,,,,
CRI,Costa Rica,2002,57.143028,81.7856914,67.3024742,6.33019318130238,39.2245352070616,4.36202694033196,3.41687639041064,4067.71851429092,9.16752048509118,4075705.0,1335000.0,6.396,15.220554295828235,8.310837559663966,14.104442598879876,6.33019318130238,1.992001870435639,,2,6.3234257019066,1.9910782105628315,,,,
CRI,Costa Rica,2003,57.622973,76.1467767,66.5482031,7.24850496564873,40.6717129184331,4.48353970316272,4.31717986636224,4173.14856415514,9.44758091616983,4138784.0,1514000.0,6.654,15.235912582850624,8.336426081241125,14.230266373481294,7.24850496564873,2.1100319676399324,,3,6.33019318130238,1.992001870435639,6.3234257019066,1.9910782105628315,,
CRI,Costa Rica,2004,55.5280511,77.7265223,66.4836079,6.66654365306355,42.2076534629626,5.8231265333186,4.42459959654504,4431.0117207843,12.3148150178852,4200078.0,1771000.0,6.445,15.25061365450972,8.396383216374122,14.38705548141755,6.66654365306355,2.036865881879733,,4,7.24850496564873,2.1100319676399324,6.33019318130238,1.992001870435639,6.3234257019066,1.9910782105628315
CRI,Costa Rica,2005,55.6495671,80.0237175,67.6124235,7.86156142343543,43.4645223606983,7.62843539507747,3.97666636818026,4703.00721784778,13.7982949108987,4261240.0,1959000.0,6.749,15.26507075570225,8.455957416676547,14.48794520739107,7.86156142343543,2.181722981983187,,5,6.66654365306355,2.036865881879733,7.24850496564873,2.1100319676399324,6.33019318130238,1.992001870435639
CRI,Costa Rica,2006,55.9348432,80.6908838,66.2066705,8.12248146668412,43.3140351086932,7.92850433097117,7.3266954325067,5256.59640859159,11.4705968149052,4321340.0,2071000.0,5.926,15.279076097308,8.567239025681252,14.543542623236126,8.12248146668412,2.2107418577214824,,6,7.86156142343543,2.181722981983187,6.66654365306355,2.036865881879733,7.24850496564873,2.1100319676399324
CRI,Costa Rica,2007,57.0957135,79.7853711,66.0464956,8.42418151029137,40.5821375084213,8.33742597856098,8.21513198348715,6137.71199925542,9.35724456417157,4380248.0,2302000.0,4.557,15.292615901754287,8.722207313136439,14.649289302668736,8.42418151029137,2.2432788871536506,,7,8.12248146668412,2.2107418577214824,7.86156142343543,2.181722981983187,6.66654365306355,2.036865881879733
CRI,Costa Rica,2008,57.7269153,75.7933293,66.4427462,11.5313873891892,38.8064606509756,7.90900698278232,4.73817487754022,6937.24261596055,13.4244635507283,4440056.0,2409000.0,4.934,15.306177546941482,8.844659656964371,14.694722696706926,11.5313873891892,2.528236488172563,,8,8.42418151029137,2.2432788871536506,8.12248146668412,2.2107418577214824,7.86156142343543,2.181722981983187
CRI,Costa Rica,2009,60.3773986,78.1993684,67.7552551,11.6672085436857,34.6323050259288,5.25151067245965,-0.873455942787785,6832.69829924138,7.84270167700653,4499791.0,2309000.0,7.824,15.319541509217528,8.829474940321626,14.652325521424455,11.6672085436857,2.5390166499079085,,9,11.5313873891892,2.528236488172563,8.42418151029137,2.2432788871536506,8.12248146668412,2.2107418577214824
CRI,Costa Rica,2010,62.0102548,79.4541674,68.1503268,11.5672606575735,32.8294113467273,5.06371170213526,5.36034352634111,8265.78820275582,5.66275708420021,4555962.0,2495000.0,7.171,15.331947262864734,9.019880372042687,14.72979968796928,11.5672606575735,2.5310950718497125,,10,11.6672085436857,2.5390166499079085,11.5313873891892,2.528236488172563,8.42418151029137,2.2432788871536506
CRI,Costa Rica,2011,61.1718727,76.6845977,64.9264179,10.282368146525,32.4724708770444,6.39172539644787,4.40315923970431,9276.39107511347,4.87799830970702,4609833.0,2526000.0,9.518,15.343702188720139,9.135227857373899,14.742147977775314,10.282368146525,2.4232411661029802,,11,11.5672606575735,2.5310950718497125,11.6672085436857,2.5390166499079085,11.5313873891892,2.528236488172563
CRI,Costa Rica,2012,61.4268371,77.0920998,64.6597621,8.72653951862736,31.6513173356963,5.70866124854743,4.88259241025739,10126.9991024177,4.49545314354605,4663934.0,2542000.0,9.11,15.355369855968943,9.222960314699685,14.74846212412249,8.72653951862736,2.274858182232867,,12,10.282368146525,2.4232411661029802,11.5672606575735,2.5310950718497125,11.6672085436857,2.5390166499079085
CRI,Costa Rica,2013,61.2814766,77.153462,64.8418686,8.71474107995362,30.5916493612524,6.29127735209415,2.49476611209954,10803.2401962173,5.23133614174428,4716147.0,2641000.0,8.218,15.36650271063707,9.287601386284129,14.78666856992365,8.71474107995362,2.2736444308997323,,13,8.72653951862736,2.274858182232867,10.282368146525,2.4232411661029802,11.5672606575735,2.5310950718497125
CRI,Costa Rica,2014,63.6632595,77.5166561,66.3685302,10.0060434824472,31.3629152835975,6.23293662208767,3.54210987765977,10911.497878334,4.51920098516953,4767119.0,2760000.0,8.499,15.377252697164666,9.297572363475926,14.830741600012107,10.0060434824472,2.398444529424529,,14,8.71474107995362,2.2736444308997323,8.72653951862736,2.274858182232867,10.282368146525,2.4232411661029802
CRI,Costa Rica,2015,63.4401897,78.6355453,65.935817,11.5607212354156,29.9956578647983,5.23639457671538,3.65208096802883,11714.7105980732,0.801982005099623,4818038.0,2899000.0,8.415,15.38787734921593,9.368600647100541,14.879876752850267,11.5607212354156,2.5305745825932826,,15,10.0060434824472,2.398444529424529,8.71474107995362,2.2736444308997323,8.72653951862736,2.274858182232867
CRI,Costa Rica,2016,64.1176151,78.4171178,65.8170374,11.8759050112518,31.2600963003845,4.45296211770326,4.20432325175899,12091.0301606154,-0.0174788505908217,4866998.0,3204000.0,8.085,15.397987877884749,9.400219147639369,14.9799108992802,11.8759050112518,2.555357736215486,,16,11.5607212354156,2.5305745825932826,10.0060434824472,2.398444529424529,8.71474107995362,2.2736444308997323
CRI,Costa Rica,2017,59.7032522,78.5448694,66.277594,12.2731177810203,32.7626831479863,4.83327522078441,4.1576989627609,12317.0902771304,1.62590692991731,4913177.0,3231000.0,7.729,15.407431337369328,9.418743030388555,14.988302554308289,12.2731177810203,2.585740770334845,,17,11.8759050112518,2.555357736215486,11.5607212354156,2.5305745825932826,10.0060434824472,2.398444529424529
CRI,Costa Rica,2018,61.0056411,76.735494,65.8900262,11.7995456872358,33.7385107761536,4.829438721344,2.6159044043379,12590.2493781614,2.2211146152658,4957818.0,3313000.0,9.01,15.416476282553363,9.440677934480144,15.01336498312322,11.7995456872358,2.5494096771109707,,18,12.2731177810203,2.585740770334845,11.8759050112518,2.555357736215486,11.5607212354156,2.5305745825932826
CRI,Costa Rica,2019,62.5292538,76.5896171,66.9617832,11.2610056078008,34.3253215593308,4.22094016659811,2.41751181762513,12884.6859951989,2.09604635327807,4999553.0,3366000.0,10.807,15.424859066401956,9.463794752995097,15.029235950821377,11.2610056078008,2.5064239506191037,,19,11.7995456872358,2.5494096771109707,12.2731177810203,2.585740770334845,11.8759050112518,2.555357736215486
CRI,Costa Rica,2020,63.1650182,81.6952443,67.8366858,11.3222838436969,31.9064976578059,3.37043523313038,-4.27335432161462,12394.0493969492,0.724911478131375,5034320.0,1146500.0,16.432,15.431789020396428,9.42497174906754,13.952225253499515,11.3222838436969,2.5114093178486447,,20,11.2610056078008,2.5064239506191037,11.7995456872358,2.5494096771109707,12.2731177810203,2.585740770334845
CRI,Costa Rica,2021,59.8166838,83.2688714,67.4710513,11.6205820666553,36.1763570269654,5.53072986406838,7.93576224743147,12838.1185358931,1.72647755109241,5059988.0,,15.139,15.436874669719334,9.460174035034667,,11.6205820666553,2.5353289786053423,,21,11.3222838436969,2.5114093178486447,11.2610056078008,2.5064239506191037,11.7995456872358,2.5494096771109707
CRI,Costa Rica,2022,59.3313828,85.4710022,68.4538686,12.908902016219,42.4051961144394,5.4175310653788,4.55149177958398,13625.9008491328,8.27477490232654,5081765.0,,11.325,15.441169200155919,9.519727734713333,,12.908902016219,2.632529067968574,,22,11.6205820666553,2.5353289786053423,11.3222838436969,2.5114093178486447,11.2610056078008,2.5064239506191037
CRI,Costa Rica,2023,61.5697363,86.1234989,68.0333663,17.7454798727379,38.9156320351491,5.4191807109794,5.11192183224598,16942.0268119375,0.525193508693455,5105525.0,,8.325,15.445833844645792,9.737552607562401,,17.7454798727379,2.9309526498995653,,23,12.908902016219,2.632529067968574,11.6205820666553,2.5353289786053423,11.3222838436969,2.5114093178486447
DOM,República Dominicana,2000,36.7998081,63.6298001,44.6542196,14.0956805476114,35.4978251417642,4.0689908919589,4.65172550299128,2831.45883638033,7.72413566181615,8584190.0,3161000.0,6.432,15.965432697250883,7.948547347705056,14.966399307553289,14.0956805476114,2.714408646449352,,0,,,,,,
DOM,República Dominicana,2002,35.950275,63.162825,44.7024061,14.4483285859447,30.724010155589,3.41225986375611,4.48650367045651,3065.60329524196,5.22336769759446,8852235.0,3058000.0,6.779,15.996180527473536,8.027999662685266,14.93327199248221,14.4483285859447,2.7375008153521434,,2,14.0956805476114,2.714408646449352,,,,
DOM,República Dominicana,2003,30.5054317,55.718872,43.3697194,21.1789386478885,42.1529981602708,2.88055489904245,-1.34935744782766,2383.26171780393,27.4497127394394,8980620.0,3680000.0,6.938,16.01057948021133,7.776225298094603,15.118423581884207,21.1789386478885,3.099143129013921,,3,14.4483285859447,2.7375008153521434,14.0956805476114,2.714408646449352,,
DOM,República Dominicana,2004,33.3098417,58.1533844,46.0778597,24.5911758206467,41.1474766418853,4.18629057899448,2.58556667449577,2451.69161616569,51.4608598338065,9104892.0,3907000.0,6.303,16.024322409459,7.804533520861816,15.178280629988032,24.5911758206467,3.2422475975587224,,4,21.1789386478885,3.099143129013921,14.4483285859447,2.7375008153521434,14.0956805476114,2.714408646449352
DOM,República Dominicana,2005,30.6147401,59.2115536,47.322777,25.9511238657765,28.3311381514539,3.12598170087694,9.43178931977285,3878.31206735244,4.19020260472056,9225034.0,3981000.0,6.587,16.03743143352093,8.263155303774978,15.19704385317559,25.9511238657765,3.294024998369607,,5,24.5911758206467,3.2422475975587224,21.1789386478885,3.099143129013921,14.4483285859447,2.7375008153521434
DOM,República Dominicana,2006,34.5887949,63.2623629,49.0826523,22.9521262431175,28.2249162691947,4.0356569620282,9.17120650955299,4055.14270347371,7.57280523853073,9341183.0,4268000.0,5.654,16.049943461713294,8.30774115790901,15.266656125705534,22.9521262431175,3.176057098334621,,6,25.9511238657765,3.294024998369607,24.5911758206467,3.2422475975587224,21.1789386478885,3.099143129013921
DOM,República Dominicana,2007,32.6530768,64.527305,48.7548159,22.3252575336375,26.7620220119612,5.12424998266344,7.41840577774235,4649.64558875814,6.14356655248047,9455658.0,4365000.0,5.158,16.062123850461266,8.444546278205335,15.289128976350888,22.3252575336375,3.1495367877715976,,7,22.9521262431175,3.176057098334621,25.9511238657765,3.294024998369607,24.5911758206467,3.2422475975587224
DOM,República Dominicana,2008,32.7897739,65.4106236,47.1851378,25.0074949363479,23.9483515015273,5.67335967834237,3.26808671288212,5023.58513403515,10.6446210953711,9573130.0,4455000.0,4.764,16.07447077369631,8.521899127914168,15.309537843353914,25.0074949363479,3.2583847632632077,,8,22.3252575336375,3.1495367877715976,22.9521262431175,3.176057098334621,25.9511238657765,3.294024998369607
DOM,República Dominicana,2009,33.2767873,64.886063,46.490686,24.4964939070773,21.0931826103163,3.51548540591409,1.00345293018719,4973.95186999952,1.44215131834353,9695265.0,4489000.0,5.467,16.087148179962483,8.51196994799959,15.317140740530808,24.4964939070773,3.23854094887113,,9,25.0074949363479,3.2583847632632077,22.3252575336375,3.1495367877715976,22.9521262431175,3.176057098334621
DOM,República Dominicana,2010,32.4510258,64.9199956,45.6350077,25.1930337290323,22.7751186165488,3.38320513554667,8.40114541209596,5478.62470398954,6.32993220146146,9820175.0,4478000.0,5.212,16.09994950094579,8.608609382019452,15.314687299454791,25.1930337290323,3.2654934872076415,,10,24.4964939070773,3.23854094887113,25.0074949363479,3.2583847632632077,22.3252575336375,3.1495367877715976
DOM,República Dominicana,2011,33.542595,64.873245,46.5660671,25.2674003329003,24.3269602141381,3.79217588020774,3.19196227475523,5826.51014109195,5.79676809206533,9945621.0,4654000.0,6.087,16.112642911759615,8.670173496523594,15.35323783771328,25.2674003329003,3.268328639261243,,11,25.1930337290323,3.2654934872076415,24.4964939070773,3.23854094887113,25.0074949363479,3.2583847632632077
DOM,República Dominicana,2012,32.032281,66.4306599,46.8745346,22.5214243986665,24.7666213993906,5.64036946601582,2.77567100848816,6013.81965002603,3.69449707884776,10070411.0,4901000.0,6.722,16.125112078161767,8.701815374742651,15.404950027931655,22.5214243986665,3.157911682364466,,12,25.2674003329003,3.268328639261243,25.1930337290323,3.2654934872076415,24.4964939070773,3.23854094887113
DOM,República Dominicana,2013,32.2508937,65.7284045,47.6363216,19.4038895577301,25.3838177066263,2.55757225532805,4.93473300709881,6136.59429329301,4.830950967408,10193833.0,5114000.0,7.351,16.137293487562335,8.722025191892458,15.4474926303749,19.4038895577301,3.0157255472705997,,13,22.5214243986665,3.157911682364466,25.2674003329003,3.268328639261243,25.1930337290323,3.2654934872076415
DOM,República Dominicana,2014,32.5615749,66.8331451,49.8492033,17.5463639644216,25.4069026925032,3.55938801753347,7.11122629673892,6496.45166971142,2.99864226125218,10315528.0,5576000.0,6.719,16.149160890768336,8.779011409860257,15.53398241076251,17.5463639644216,2.9202737571408,,14,19.4038895577301,3.0157255472705997,22.5214243986665,3.157911682364466,25.2674003329003,3.268328639261243
DOM,República Dominicana,2016,31.7819762,68.5519931,47.7981194,15.3154603364407,24.1938670386292,3.33024928523507,6.71974078681295,7160.44200982307,1.61416607245222,10551430.0,6769000.0,7.284,16.17177195372465,8.876326991264788,15.727864071223042,15.3154603364407,2.7921131451814474,,16,17.5463639644216,2.9202737571408,19.4038895577301,3.0157255472705997,22.5214243986665,3.157911682364466
DOM,República Dominicana,2017,31.6402349,67.4637175,47.3345164,11.3998115468654,24.1797519638034,4.55025610026855,3.93386176401576,7412.71571571512,3.27955694678546,10666843.0,7296000.0,5.832,16.18265070320925,8.910952144496719,15.802836947797699,11.3998115468654,2.5176812746620674,,17,15.3154603364407,2.7921131451814474,17.5463639644216,2.9202737571408,19.4038895577301,3.0157255472705997
DOM,República Dominicana,2018,30.7634121,65.9469346,47.5276274,9.90534873528498,23.993089643769,3.22902365102652,7.09751640210159,7882.98221584944,3.56443426013507,10782053.0,7551000.0,5.861,16.193393550581742,8.972461565044354,15.837190695218345,9.90534873528498,2.389253378535658,,18,11.3998115468654,2.5176812746620674,15.3154603364407,2.7921131451814474,17.5463639644216,2.9202737571408
DOM,República Dominicana,2019,31.6185157,66.7744903,48.7017175,9.41799066618377,23.325332586795,3.17366550445317,4.8940301149584,8183.01623600375,1.81060377042959,10894043.0,7550000.0,6.356,16.203726684044828,9.009816094639277,15.83705825367553,9.41799066618377,2.3435341833909193,,19,9.90534873528498,2.389253378535658,11.3998115468654,2.5176812746620674,15.3154603364407,2.7921131451814474
DOM,República Dominicana,2020,33.553066,69.9277076,50.4017581,8.72977662309348,18.7972072415048,3.13265976088131,-7.92905234231061,7135.22273255899,3.78103179915516,11008300.0,2748000.0,6.126,16.214160091690886,8.872798746320544,14.82638429622533,8.72977662309348,2.2751909383900357,,20,9.41799066618377,2.3435341833909193,9.90534873528498,2.389253378535658,11.3998115468654,2.5176812746620674
DOM,República Dominicana,2021,36.8179688,71.8780557,51.3825289,10.5362752855436,21.5282997986043,3.53154938314388,14.0124289062207,8527.0754858205,8.24300347981809,11123476.0,,7.702,16.224568387868715,9.05100173126772,,10.5362752855436,2.4454964434291275,,21,8.72977662309348,2.2751909383900357,9.41799066618377,2.3435341833909193,9.90534873528498,2.389253378535658
DOM,República Dominicana,2022,39.3094062,74.289238,52.190124,12.3678475675698,22.0261866198241,3.56897098132173,5.23795652902595,10104.2449349081,8.81109209279587,11230734.0,,5.504,16.234164685219852,9.220710905116963,,12.3678475675698,2.5928523884430565,,22,10.5362752855436,2.4454964434291275,8.72977662309348,2.2751909383900357,9.41799066618377,2.3435341833909193
DOM,República Dominicana,2023,39.1539431,73.8470193,52.8141789,10.9166976980638,21.3233165320401,3.94375586800192,2.19229848237939,10630.431743829,4.78561281021135,11331265.0,,5.555,16.243076277257174,9.271476086111296,,10.9166976980638,2.4779405845018423,,23,12.3678475675698,2.5928523884430565,10.5362752855436,2.4454964434291275,8.72977662309348,2.2751909383900357
GTM,Guatemala,2000,36.4253418,50.2131715,39.7765583,24.8256222306266,20.1950343956927,-4.08835554722306,3.6088687174876,3165.9323746889,5.97757734737136,11697592.0,826000.0,2.143,16.274893566619983,8.06020288035462,13.624351263156136,24.8256222306266,3.251367108834576,,0,,,,,,
GTM,Guatemala,2002,31.6690548,49.2101143,39.2414173,29.6482816428349,26.7262767971618,-4.97449876130187,3.83928708556792,3213.26837369582,8.13263054281054,12246915.0,884000.0,2.254,16.32078462650412,8.075043883077315,13.69221347284086,29.6482816428349,3.422576596955279,,2,24.8256222306266,3.251367108834576,,,,
GTM,Guatemala,2003,31.4200515,50.1020421,38.6392974,33.8260706875462,26.1810997164793,0.0903239703402523,2.56037766801896,3222.15468293683,5.60347675434469,12525842.0,880000.0,2.807,16.34330442822457,8.077805570944838,13.68767832281738,33.8260706875462,3.5503662639899902,,3,29.6482816428349,3.422576596955279,24.8256222306266,3.251367108834576,,
GTM,Guatemala,2004,35.8246135,49.8931273,41.5842466,35.1905874431052,27.4194097089723,1.36317570702825,3.13791683609193,3250.20406037693,7.57862247309729,12807402.0,1182000.0,2.971,16.365533842999678,8.086473061160998,13.982719322971512,35.1905874431052,3.5887990696380303,,4,33.8260706875462,3.5503662639899902,29.6482816428349,3.422576596955279,24.8256222306266,3.251367108834576
GTM,Guatemala,2005,34.9110624,50.4675832,41.1657718,40.7866100416894,25.454901513817,2.01617500337249,3.27602692588886,3284.80971612832,9.1086498571922,13087629.0,1316000.0,3.059,16.387177990845878,8.097064004165896,14.09010815074553,40.7866100416894,3.7325759542819616,,5,35.1905874431052,3.5887990696380303,33.8260706875462,3.5503662639899902,29.6482816428349,3.422576596955279
GTM,Guatemala,2006,34.7665824,50.9033246,41.0857386,44.0248234172562,25.3398334344627,2.13587522888421,5.35139778711536,3388.15003339926,6.56085282795384,13367459.0,1502000.0,2.96,16.408333878659867,8.128039338557464,14.222308777084956,44.0248234172562,3.8072139691721794,,6,40.7866100416894,3.7325759542819616,35.1905874431052,3.5887990696380303,33.8260706875462,3.5503662639899902
GTM,Guatemala,2007,35.460776,51.6469157,41.0928415,42.3453198203345,25.9805176037841,2.55959192771149,6.33771869016203,3527.7782721364,6.82161753590326,13652040.0,1628000.0,2.847,16.429399518978073,8.168423567117761,14.302863439795049,42.3453198203345,3.769198734776126,,7,44.0248234172562,3.8072139691721794,40.7866100416894,3.7325759542819616,35.1905874431052,3.5887990696380303
GTM,Guatemala,2008,38.5427601,52.6221145,40.6894949,45.1519299292567,25.1243459208619,1.89952208705823,3.29352400028485,3569.92861121538,11.355761126315,13935174.0,1715000.0,2.898,16.449926705364902,8.180300877715307,14.354924221672386,45.1519299292567,3.8319387786932673,,8,42.3453198203345,3.769198734776126,44.0248234172562,3.8072139691721794,40.7866100416894,3.7325759542819616
GTM,Guatemala,2009,37.4860387,52.2082581,41.2801954,45.7103110094951,24.3678264820599,1.34627822535543,0.476898106596394,3516.19227725255,1.85910254733028,14215611.0,1311000.0,3.22,16.46985128490819,8.165133943672892,14.086301525522053,45.7103110094951,3.843964932798318,,9,45.1519299292567,3.8319387786932673,42.3453198203345,3.769198734776126,44.0248234172562,3.8072139691721794
GTM,Guatemala,2010,35.2860247,52.0388513,41.4796434,41.1031293722721,26.2254643341594,2.71030706792051,2.88417542800377,3546.6258162259,3.8595090983316,14500112.0,1384000.0,3.497,16.489666931498903,8.173751956179775,14.140489137702843,41.1031293722721,3.740122069808806,,10,45.7103110094951,3.843964932798318,45.1519299292567,3.8319387786932673,42.3453198203345,3.769198734776126
GTM,Guatemala,2011,36.6847937,53.0292715,39.1893325,38.4055692334411,27.0677057848772,1.87038244023626,4.16390688293349,3621.37409769184,6.214123930671,14792126.0,1434000.0,3.169,16.50960557013072,8.194608817793403,14.17597899749153,38.4055692334411,3.6739071574173283,,11,41.1031293722721,3.740122069808806,45.7103110094951,3.843964932798318,45.1519299292567,3.8319387786932673
GTM,Guatemala,2012,32.2842052,53.6642168,40.422741,34.1624967821479,25.267092636425,2.82256297187213,2.97470856847661,3655.57315791242,3.78180754679678,15089647.0,1491000.0,2.765,16.52951943749493,8.204008174640052,14.214958264437461,34.1624967821479,3.559980082302225,,12,38.4055692334411,3.6739071574173283,41.1031293722721,3.740122069808806,45.7103110094951,3.843964932798318
GTM,Guatemala,2013,33.2766314,53.3610765,39.1168875,33.5015723155484,21.9981664670011,2.87216286478145,3.69481894978053,3717.30462628413,4.34337131279521,15387337.0,1516000.0,3.017,16.54905545640493,8.220754121817835,14.231586504814842,33.5015723155484,3.5410048973625563,,13,34.1624967821479,3.559980082302225,38.4055692334411,3.6739071574173283,41.1031293722721,3.740122069808806
GTM,Guatemala,2014,30.2285619,53.4202728,40.4388382,33.4975903480006,21.7443606885213,2.43302117698753,4.44397783368888,3809.61587570091,3.4183616966296,15681725.0,1739000.0,2.717,16.56800657959068,8.245283643012058,14.368821368379383,33.4975903480006,3.54088947661255,,14,33.5015723155484,3.5410048973625563,34.1624967821479,3.559980082302225,38.4055692334411,3.6739071574173283
GTM,Guatemala,2017,29.9629181,53.9242978,40.596175,32.8054740415143,18.4950394164293,1.39328931381397,3.07985126948702,3972.74057836068,4.42453655182546,16567357.0,2120000.0,2.462,16.622944871550697,8.28721145752381,14.566927118346197,32.8054740415143,3.5206227432668133,,17,33.4975903480006,3.54088947661255,33.5015723155484,3.5410048973625563,34.1624967821479,3.559980082302225
GTM,Guatemala,2018,28.1792179,54.2170508,40.0835439,28.9035441420162,18.1693258488802,1.25790065429015,3.40687348346576,4040.2121371198,3.75186186704508,16845685.0,2406000.0,2.283,16.63960509888172,8.304052478764707,14.693476591144272,28.9035441420162,3.397977006549938,,18,32.8054740415143,3.5206227432668133,33.4975903480006,3.54088947661255,33.5015723155484,3.5410048973625563
GTM,Guatemala,2019,27.5352234,54.0326157,39.6565997,25.9415998284592,17.6119727745274,1.51707073546928,4.01789785040324,4139.12203836307,3.69998398008605,17103803.0,2560000.0,2.193,16.654811394407012,8.328238976301511,14.75551820708067,25.9415998284592,3.2936715540912855,,19,28.9035441420162,3.397977006549938,32.8054740415143,3.5206227432668133,33.4975903480006,3.54088947661255
GTM,Guatemala,2020,25.5915523,56.2626186,40.3404859,18.1882859775834,16.3436118075967,1.29230382378627,-1.78555175063326,4005.83911593999,3.21444062197345,17357325.0,594000.0,2.965,16.669525165461664,8.295508354645456,13.29463628184505,18.1882859775834,2.9542999875095446,,20,25.9415998284592,3.2936715540912855,28.9035441420162,3.397977006549938,32.8054740415143,3.5206227432668133
GTM,Guatemala,2021,23.2024743,56.0882035,40.1745041,20.2458705569498,17.6296569856584,4.19448571319716,8.04170378184928,4268.62858565412,4.26105127422813,17598650.0,,2.174,16.683332752520982,8.359047880315273,,20.2458705569498,3.0561625497547658,,21,18.1882859775834,2.9542999875095446,25.9415998284592,3.2936715540912855,28.9035441420162,3.397977006549938
GTM,Guatemala,2022,23.2277115,60.7606088,39.1149668,22.0474401521257,18.9454999823063,1.51615526851124,4.18451817243695,4385.14891178047,6.88512823344287,17847877.0,,3.051,16.697395123542297,8.385978863586683,,22.0474401521257,3.137554706968538,,22,20.2458705569498,3.0561625497547658,18.1882859775834,2.9542999875095446,25.9415998284592,3.2936715540912855
GTM,Guatemala,2023,25.8540445,62.441645,39.5678527,23.3657267272051,16.6062377966274,1.58123029170621,3.5331575177533,4470.70728455461,6.20657592272126,18124838.0,,2.344,16.712793820734035,8.405301904297541,,23.3657267272051,3.1931775025366917,,23,22.0474401521257,3.137554706968538,20.2458705569498,3.0561625497547658,18.1882859775834,2.9542999875095446
HND,Honduras,2000,26.7639136,59.6687239,35.9375044,48.2838225250265,53.972182998888,4.8698431531529,9.61221881702615,1092.56400746252,11.0480349344976,6577773.0,689000.0,3.883,15.699206796166399,6.996282513319912,13.442998001373553,48.2838225250265,3.8975958836891924,,0,,,,,,
HND,Honduras,2002,25.385038,60.1190581,41.5566406,52.2131990441944,52.730582054494,3.6562173778393,3.75433786119939,1132.49965345317,7.69050972034271,6938859.0,788000.0,4.02,15.752647909744407,7.032182551355526,13.577254637874743,52.2131990441944,3.9743064679097855,,2,48.2838225250265,3.8975958836891924,,,,
HND,Honduras,2003,26.8279275,55.9184893,39.888118,57.211379965735,54.0940274951722,4.74055553954205,4.54703805165397,1156.08162681357,7.67416639397937,7119213.0,887000.0,5.3,15.778307743570993,7.052791658169877,13.695601388686796,57.211379965735,4.064080867680794,,3,52.2131990441944,3.9743064679097855,48.2838225250265,3.8975958836891924,,
HND,Honduras,2004,27.8174511,55.3012132,42.8684267,49.8561822453764,58.4229834527808,6.67606399673031,6.23230296069102,1215.13995412761,8.1137909709338,7298994.0,1026000.0,5.99,15.803247088403017,7.1026145377233485,13.841179279371246,49.8561822453764,3.9290016931847185,,4,57.211379965735,4.064080867680794,52.2131990441944,3.9743064679097855,48.2838225250265,3.8975958836891924
HND,Honduras,2005,28.6746335,54.9385161,44.7406001,42.9506250338895,59.0058417153113,6.16028277171203,6.05059922215973,1304.70039153826,8.80906074819819,7478355.0,1118000.0,4.909,15.827523405978662,7.173728708369963,13.927052827151165,42.9506250338895,3.783066845506501,,5,49.8561822453764,3.9290016931847185,57.211379965735,4.064080867680794,52.2131990441944,3.9743064679097855
HND,Honduras,2006,28.9166008,54.7563767,41.9251493,40.7218024373527,56.0546420538277,6.57287305327357,6.56724355177587,1425.84780051892,5.57775207654298,7656832.0,1136000.0,3.574,15.851108879146711,7.262521863524089,13.943024758544537,40.7218024373527,3.731023832395714,,6,42.9506250338895,3.783066845506501,49.8561822453764,3.9290016931847185,57.211379965735,4.064080867680794
HND,Honduras,2007,29.0903825,58.0674366,42.2492751,45.7956895764454,53.5090115392915,7.82223281251053,6.18832716678008,1577.73789197407,6.93621470895774,7834798.0,1309000.0,3.211,15.87408565169134,7.363747386198851,14.084774808833686,45.7956895764454,3.845791095614447,,7,40.7218024373527,3.731023832395714,42.9506250338895,3.783066845506501,49.8561822453764,3.9290016931847185
HND,Honduras,2008,28.7789483,56.661228,40.2762108,55.6000203180321,51.3252766875914,8.65020371949481,4.23160011009342,1732.49062702803,11.4034270813932,8012587.0,1561000.0,3.156,15.896524238186435,7.457315320964593,14.260837840112353,55.6000203180321,4.036009344184905,,8,45.7956895764454,3.845791095614447,40.7218024373527,3.731023832395714,42.9506250338895,3.783066845506501
HND,Honduras,2009,27.5983405,57.0346967,40.3345774,64.4696634518731,39.5302508197518,3.38987200238321,-2.43162787988011,1781.15703614674,5.49634273772208,8189899.0,1589000.0,3.292,15.918412123640879,7.485018452421594,14.278616074845276,64.4696634518731,4.181586881946021,,9,55.6000203180321,4.036009344184905,45.7956895764454,3.845791095614447,40.7218024373527,3.731023832395714
HND,Honduras,2010,27.5740405,55.1222766,39.8686011,74.5408954410341,45.7589061967483,3.83460574737835,3.73114034433009,1893.32722662035,4.69889064976226,8365878.0,1965000.0,4.119,15.939671848042664,7.54609099766531,14.491003312191221,74.5408954410341,4.324674171080007,,10,64.4696634518731,4.181586881946021,55.6000203180321,4.036009344184905,45.7956895764454,3.845791095614447
HND,Honduras,2011,28.2246925,56.9223322,39.3458484,83.1793333078082,51.2576866755535,5.88681418228473,3.83569066207505,2073.66121088074,6.7622795731476,8540583.0,1852000.0,4.474,15.960339830413591,7.637071024858434,14.431777234144919,83.1793333078082,4.432949443470343,,11,74.5408954410341,4.324674171080007,64.4696634518731,4.181586881946021,55.6000203180321,4.036009344184905
HND,Honduras,2012,25.6796455,57.1544917,36.4162734,82.2941714854712,50.9027988216362,5.83610988955542,4.12868774866939,2126.03474686503,5.19618615531848,8715076.0,1903000.0,3.755,15.980564957494906,7.662013902543044,14.458942671764223,82.2941714854712,4.422378576562361,,12,83.1793333078082,4.432949443470343,74.5408954410341,4.324674171080007,64.4696634518731,4.181586881946021
HND,Honduras,2013,25.4661377,56.7397402,35.6509943,72.3455871413622,47.9414903194725,5.77862113948416,2.79155975746801,2081.12843527945,5.16189898581494,8889278.0,1857000.0,5.646,16.00035638934384,7.640665542547515,14.43447337883766,72.3455871413622,4.295182341107251,,13,82.2941714854712,4.422378576562361,83.1793333078082,4.432949443470343,74.5408954410341,4.324674171080007
HND,Honduras,2014,28.3087415,54.1154324,36.7478307,64.9996731259012,47.5626547300206,8.62899693066618,3.0580805621437,2179.88171977271,6.12924930313022,9063122.0,2082000.0,7.078,16.01972421027259,7.687025897326175,14.548840008464333,64.9996731259012,4.1896497893763005,,14,72.3455871413622,4.295182341107251,82.2941714854712,4.422378576562361,83.1793333078082,4.432949443470343
HND,Honduras,2015,31.4353319,54.6121397,37.0515566,55.7305404552518,45.1667574562581,6.27594328427599,3.84007997093951,2271.20265980349,3.15783117980923,9237305.0,2093000.0,6.147,16.038760734408207,7.728064776258591,14.554109479211109,55.7305404552518,4.038312698091119,,15,64.9996731259012,4.1896497893763005,72.3455871413622,4.295182341107251,82.2941714854712,4.422378576562361
HND,Honduras,2016,29.1456034,53.8554146,36.6842303,54.7151729955654,42.7141047814182,5.28156973350556,3.89297219726413,2307.34468351082,2.72461223295289,9412380.0,2228000.0,6.727,16.057536402005034,7.74385265469053,14.616615328862245,54.7151729955654,4.020252515502999,,16,55.7305404552518,4.038312698091119,64.9996731259012,4.1896497893763005,72.3455871413622,4.295182341107251
HND,Honduras,2017,28.6864181,50.4087337,38.1934627,40.2998017393682,43.0938548370178,4.10592046689605,4.84291391050387,2413.0076562942,3.93436084442044,9588137.0,2144000.0,5.528,16.076037163128532,7.7886292385558455,14.57818426759063,40.2998017393682,3.7208576994559053,,17,54.7151729955654,4.020252515502999,55.7305404552518,4.038312698091119,64.9996731259012,4.1896497893763005
HND,Honduras,2018,28.2290627,51.1298505,38.14234,37.9817721287217,41.4548165613247,5.99386120691106,3.84499476966735,2464.64241531918,4.34734937777528,9765210.0,2323000.0,5.648,16.09433662743802,7.80980201117464,14.658370442230284,37.9817721287217,3.6630941555581273,,18,40.2998017393682,3.7208576994559053,54.7151729955654,4.020252515502999,55.7305404552518,4.038312698091119
HND,Honduras,2019,26.4344138,51.7655593,38.4368702,41.0111655865032,40.2189637388964,3.83846408231678,2.55963434592314,2502.32744328073,4.36587159819267,9943633.0,2315000.0,5.698,16.11244300481422,7.824976555077984,14.654920677467821,41.0111655865032,3.7379354302499324,,19,37.9817721287217,3.6630941555581273,40.2998017393682,3.7208576994559053,54.7151729955654,4.020252515502999
HND,Honduras,2020,28.1678381,54.5120159,37.8437257,35.7028493255269,35.8751401030378,1.0106822391556,-8.96508223267296,2307.61494319511,3.46841177951184,10119640.0,669000.0,10.982,16.129988648068327,7.743969778005341,13.41354083387756,35.7028493255269,3.6028543903445636,,20,41.0111655865032,3.7379354302499324,37.9817721287217,3.6630941555581273,40.2998017393682,3.7208576994559053
HND,Honduras,2021,25.1758094,52.1201836,37.3143589,38.2025965034663,39.3653983599255,2.84361329738544,12.5652843771279,2735.14751503977,4.48087963413445,10289877.0,,8.506,16.14667115438602,7.913940649430753,,38.2025965034663,3.6687429819361457,,21,35.7028493255269,3.6028543903445636,41.0111655865032,3.7379354302499324,37.9817721287217,3.6630941555581273
HND,Honduras,2022,26.9776015,57.7266194,38.1748769,34.9679353875888,42.4391817948962,2.41292398026651,4.14356194013767,3003.28996826399,9.08963911525025,10463872.0,,8.774,16.1634391201884,8.007463622850228,,34.9679353875888,3.582627857883625,,22,38.2025965034663,3.6687429819361457,35.7028493255269,3.6028543903445636,41.0111655865032,3.7379354302499324
HND,Honduras,2023,25.6028349,59.9027299,37.0610655,31.4424316507577,37.3686804713719,3.16136364280263,3.57584760454412,3227.45762509776,6.66325180347457,10644851.0,,6.07,16.18058685902998,8.07944999330781,,31.4424316507577,3.479467184846038,,23,34.9679353875888,3.582627857883625,38.2025965034663,3.6687429819361457,35.7028493255269,3.6028543903445636
NIC,Nicaragua,2000,30.5290172,60.3426818,41.6351696,9.47710001137849,20.1081658866931,5.21568567857809,4.10159025073438,1017.3124434882,7.06991352252517,5022633.0,581000.0,7.181,15.429464856156851,6.924919569601626,13.272507757002963,9.47710001137849,2.3491919241283106,,0,,,,,,
NIC,Nicaragua,2002,31.1589843,59.5380496,46.1935501,10.7574705924444,18.8471358845682,3.90334311480045,0.753938876079573,1014.3339042591,3.75017465778466,5149909.0,579000.0,7.517,15.454489602580892,6.921987424086836,13.269059483669357,10.7574705924444,2.464488833659743,,2,9.47710001137849,2.3491919241283106,,,,
NIC,Nicaragua,2003,32.7728419,59.0118407,48.6352463,12.185846245133,20.704998914845,3.78225034215297,2.52073289551447,1021.35216668794,5.30238773219936,5210963.0,646000.0,7.6,15.46627523350153,6.9288826819909675,13.378556330751158,12.185846245133,2.5791440001599812,,3,10.7574705924444,2.464488833659743,9.47710001137849,2.3491919241283106,,
NIC,Nicaragua,2004,36.6115679,58.191765,47.3846099,12.2512960818705,23.0598557398256,4.31560328721207,5.31217056950739,1098.62118662335,8.47021063584077,5272912.0,735000.0,6.41,15.47809332958139,7.001811205833934,13.507627138738266,12.2512960818705,2.584095365148072,,4,12.185846245133,2.5791440001599812,10.7574705924444,2.464488833659743,9.47710001137849,2.3491919241283106
NIC,Nicaragua,2005,33.5312557,59.2174417,47.6396381,13.6463048137106,24.3821308946094,3.81407422484717,4.28239833770654,1183.30214010175,9.59909986064425,5342105.0,804000.0,5.37,15.49113032801859,7.076064232976514,13.597355791941425,13.6463048137106,2.6841880725014167,,5,12.2512960818705,2.584095365148072,12.185846245133,2.5791440001599812,10.7574705924444,2.464488833659743
NIC,Nicaragua,2006,33.0788655,61.1300036,46.3233394,13.3238467052683,31.2666288650856,4.24030000066427,4.15294559846254,1248.17371577788,9.1401996677772,5418855.0,891000.0,5.31,15.505395096485884,7.129436734577441,13.700100828786772,13.3238467052683,2.661925750128927,,6,13.6463048137106,2.6841880725014167,12.2512960818705,2.584095365148072,12.185846245133,2.5791440001599812
NIC,Nicaragua,2007,31.2376551,64.0501612,45.562215,12.9883276955078,33.0635730423674,5.14186605474194,5.0763520180987,1350.38145753377,11.1269347446118,5497243.0,978000.0,4.89,15.519757251796252,7.208142392655722,13.79326597151132,12.9883276955078,2.6382232458289114,,7,13.3238467052683,2.661925750128927,13.6463048137106,2.6841880725014167,12.2512960818705,2.584095365148072
NIC,Nicaragua,2008,31.1398338,62.3569202,44.3220203,13.1980225202019,34.4704620011048,7.38263377911966,3.43571693608081,1523.68437086409,19.8262031287429,5576593.0,1011000.0,6.2,15.534088574404898,7.328886609065013,13.826451487121803,13.1980225202019,2.653102695769049,,8,12.9883276955078,2.6382232458289114,13.3238467052683,2.661925750128927,13.6463048137106,2.6841880725014167
NIC,Nicaragua,2009,31.2991833,61.1846356,43.2645052,14.1781256977468,33.9814942096139,5.22852820149836,-3.2926651586197,1467.08288052845,3.68700160498797,5656601.0,1010000.0,8.16,15.548333739753645,7.291031273158185,13.825461878915961,14.1781256977468,2.719855292522525,,9,13.1980225202019,2.653102695769049,12.9883276955078,2.6382232458289114,13.3238467052683,2.661925750128927
NIC,Nicaragua,2010,30.684883,56.6908219,42.5282916,13.682036444762,40.4671151559929,5.59335824334059,4.41009911716546,1526.56706951408,5.45513425887423,5737450.0,1071000.0,7.83,15.562525418716016,7.330776748002456,13.884104283136265,13.682036444762,2.6866247359605393,,10,14.1781256977468,2.719855292522525,13.1980225202019,2.653102695769049,12.9883276955078,2.6382232458289114
NIC,Nicaragua,2011,30.6773896,58.0842927,43.591364,12.682480356333,45.0169781525763,9.5791738556055,6.31668553491842,1679.71192084633,8.082387980991,5819051.0,1122000.0,6.613,15.576647747992908,7.4263775820069595,13.93062425632998,12.682480356333,2.6161162083567033,,11,13.682036444762,2.6866247359605393,14.1781256977468,2.719855292522525,13.1980225202019,2.653102695769049
NIC,Nicaragua,2012,30.7862749,57.9889278,42.6398118,11.4042929452756,47.4691755587782,7.36516075625111,6.4961364710876,1784.69836017555,7.1935505333896,5901287.0,1233000.0,5.208,15.590681020681059,7.487004694037964,14.02496159317616,11.4042929452756,2.5180426179599382,,12,12.682480356333,2.6161162083567033,13.682036444762,2.6866247359605393,14.1781256977468,2.719855292522525
NIC,Nicaragua,2013,31.3427349,59.7097061,42.6323922,9.92672854383165,45.2142694902064,8.78722600899979,4.92709413447304,1835.43996363715,7.13546785289407,5983845.0,1273000.0,5.28,15.60457389589456,7.51503949395039,14.05688766308519,9.92672854383165,2.391211947581355,,13,11.4042929452756,2.5180426179599382,12.682480356333,2.6161162083567033,13.682036444762,2.6866247359605393
NIC,Nicaragua,2014,27.7066611,63.4318004,41.3797112,8.6540960289815,45.008072249634,9.06363827053251,4.78546013589983,1958.37047579547,6.03596861798425,6066492.0,1390000.0,4.52,15.618291071755648,7.579868016528035,14.144815024531075,8.6540960289815,2.267382284255486,,14,9.92672854383165,2.391211947581355,11.4042929452756,2.5180426179599382,12.682480356333,2.6161162083567033
NIC,Nicaragua,2015,27.2776863,62.884096,39.6740565,8.52113297894743,40.0837782888412,7.58033255797744,4.79226768332697,2074.45620634731,3.99737996694396,6149417.0,1456000.0,4.7,15.631867838541238,7.637454329088445,14.19120419455172,8.52113297894743,2.2535138521157365,,15,8.6540960289815,2.267382284255486,9.92672854383165,2.391211947581355,11.4042929452756,2.5180426179599382
NIC,Nicaragua,2016,25.7077346,63.0333858,40.2307418,7.26815838263741,38.8820263906579,7.44462628012218,4.56314739524967,2131.68704828322,3.52317317628473,6232666.0,1596000.0,3.9,15.64531472860197,7.66466898665169,14.283011683558112,7.26815838263741,2.1124117977363617,,16,8.52113297894743,2.2535138521157365,8.6540960289815,2.267382284255486,9.92672854383165,2.391211947581355
NIC,Nicaragua,2017,25.6669823,62.7940555,41.2427467,6.82368909372622,41.338969262606,7.51057620596971,4.63120757580209,2182.61380995674,3.85067166284727,6316231.0,1958000.0,3.3,15.658633227469739,7.6882784329551965,14.487434612797692,6.82368909372622,2.0571561944335306,,17,7.26815838263741,2.1124117977363617,8.52113297894743,2.2535138521157365,8.6540960289815,2.267382284255486
NIC,Nicaragua,2018,23.1967986,46.9001644,34.496984,10.65611679854,42.2771474372665,6.43060058137235,-3.3633566598573,2035.16549390507,4.94723728039886,6400080.0,1412000.0,5.2,15.671821048251775,7.6183324183563705,14.160518405250372,10.65611679854,2.455831089307696,,18,6.82368909372622,2.0571561944335306,7.26815838263741,2.1124117977363617,8.52113297894743,2.2535138521157365
NIC,Nicaragua,2019,23.4666749,49.7556204,34.0156849,7.94304819024202,44.8044297851925,3.96093444094211,-2.89686986728901,1958.62051528095,5.37628990844126,6483657.0,1455000.0,5.457,15.684795260993692,7.579995685693672,14.190517145872716,7.94304819024202,2.190876491948656,,19,10.65611679854,2.455831089307696,6.82368909372622,2.0571561944335306,7.26815838263741,2.1124117977363617
NIC,Nicaragua,2021,22.8056451,58.9330313,31.5897313,11.3473196321723,46.4042430642905,7.36996621393819,10.454389484408,2138.38588469449,4.92841396948968,6644741.0,,6.076,15.709336272695682,7.6678065639305375,,11.3473196321723,2.5134390056865334,,21,7.94304819024202,2.190876491948656,10.65611679854,2.455831089307696,6.82368909372622,2.0571561944335306
PAN,Panamá,2000,38.0423509,67.6657382,51.8636903,9.93233884821742,68.9601164522227,6.91764679868008,4.2090057360153,3975.09310275544,1.49896111605777,3010369.0,600000.0,6.188,14.917573220573479,8.28780344889098,13.304686600863562,9.93233884821742,2.391725263580463,,0,,,,,,
PAN,Panamá,2002,38.1984131,70.7766768,55.4063328,12.0152977748691,62.829057458876,1.93034037172558,2.50884408826073,4090.58616456082,1.00583090379039,3129344.0,800000.0,6.302,14.956333955885864,8.316443555286554,13.592368256649284,12.0152977748691,2.5661254175447,,2,9.93233884821742,2.391725263580463,,,,
PAN,Panamá,2003,39.5257255,67.3024826,55.4660436,10.5649025160456,58.1335706021341,7.72303743803259,5.09686013628365,4264.66428949623,0.391666666666657,3189807.0,897000.0,6.303,14.975470971363336,8.358118743931211,13.706812255867513,10.5649025160456,2.447974866425706,,3,12.0152977748691,2.5661254175447,9.93233884821742,2.391725263580463,,
PAN,Panamá,2004,39.6845183,67.6050062,56.7476249,9.47355777770635,60.5768245688004,8.46279993310649,8.1756535098435,4644.56581177581,0.474723078204336,3251155.0,1004000.0,6.097,14.994520875787149,8.443453172557264,13.819503575249252,9.47355777770635,2.348853774009918,,4,10.5649025160456,2.447974866425706,12.0152977748691,2.5661254175447,9.93233884821742,2.391725263580463
PAN,Panamá,2005,38.1384618,64.8954049,55.6340459,10.9869362611305,68.2355957470283,6.6434443919751,8.27618322400723,5017.74110414832,2.85588324760959,3313026.0,1070000.0,5.967,15.013372529123258,8.520735132161407,13.883170141017091,10.9869362611305,2.4838174118779235,,5,9.47355777770635,2.348853774009918,10.5649025160456,2.447974866425706,12.0152977748691,2.5661254175447
PAN,Panamá,2006,39.118731,67.3552989,55.9072744,6.54810061378814,69.1942341743752,15.7789064426648,9.8572387394466,5528.76705854901,2.45789346442096,3375024.0,1215000.0,5.792,15.031912993374595,8.61772011460378,14.010255457801716,6.54810061378814,2.021295957278106,,6,10.9869362611305,2.4838174118779235,9.47355777770635,2.348853774009918,10.5649025160456,2.447974866425706
PAN,Panamá,2007,38.1179794,67.8203779,56.5515657,8.11638724767199,71.9791727604966,10.2406205983382,13.1530653136012,6317.8173051466,4.16863300298887,3437490.0,1428000.0,5.665,15.050252111861823,8.751129064379615,14.171786122161533,8.11638724767199,2.2100735904803095,,7,6.54810061378814,2.021295957278106,10.9869362611305,2.4838174118779235,9.47355777770635,2.348853774009918
PAN,Panamá,2008,43.4541438,67.1081281,55.5747344,14.0831048875658,78.2985922617111,9.29189971900206,10.197432548532,7347.59049046839,8.75868317728784,3500648.0,1575000.0,5.639,15.068458652179961,8.90212771403464,14.269766465162304,14.0831048875658,2.713575235787382,,8,8.11638724767199,2.2100735904803095,6.54810061378814,2.021295957278106,10.9869362611305,2.4838174118779235
PAN,Panamá,2009,41.8105676,67.8726493,55.0315577,15.7671135605313,69.9648087248022,3.9059104779012,1.61186417596689,7796.92618363433,2.409053040822,3564381.0,1562000.0,5.857,15.08650096421609,8.9614848559869,14.261478249586428,15.7671135605313,2.819419441792,,9,14.0831048875658,2.713575235787382,8.11638724767199,2.2100735904803095,6.54810061378814,2.021295957278106
PAN,Panamá,2010,40.9835613,64.493439,54.817713,12.677292626363,70.025242051299,8.43207037866722,6.07339340909564,8331.46422259967,3.491288726188,3628535.0,1726000.0,5.845,15.104339543512978,9.027794496736687,14.361317729999618,12.677292626363,2.6157369851785397,,10,15.7671135605313,2.819419441792,14.0831048875658,2.713575235787382,8.11638724767199,2.2100735904803095
PAN,Panamá,2011,40.8264444,65.1686268,56.3915733,14.8639320731842,77.7456722088295,12.3168354603605,11.9088772241134,9662.29590911979,5.8758024367877,3693505.0,2004000.0,4.03,15.122086429679538,9.175986570718639,14.510656240188764,14.8639320731842,2.7640481093868576,,11,12.677292626363,2.6157369851785397,15.7671135605313,2.819419441792,14.0831048875658,2.713575235787382
PAN,Panamá,2012,38.5631332,64.8455984,52.2018806,16.9448445310514,74.5443156942107,8.13045858557062,9.62729355007232,11064.8063662003,5.69819959165992,3759256.0,2086000.0,3.691,15.139731623446337,9.311524752666443,14.550759393929125,16.9448445310514,2.8873028609260087,,12,14.8639320731842,2.7640481093868576,12.677292626363,2.6157369851785397,15.7671135605313,2.819419441792
PAN,Panamá,2013,39.1491722,64.1932128,51.8266046,17.3318403029072,64.5610772701238,8.09167357453305,6.32435373509259,12273.3224983788,4.0271599157106,3825329.0,2202000.0,3.674,15.157155034615757,9.415183283314018,14.604877050397265,17.3318403029072,2.908639455224862,,13,16.9448445310514,2.8873028609260087,14.8639320731842,2.7640481093868576,12.677292626363,2.6157369851785397
PAN,Panamá,2014,39.8747927,70.7028074,54.5146583,15.5186126360303,54.8890820604972,9.6921652724572,4.62581384604574,13213.1989591137,2.62652699929151,3892101.0,2305000.0,4.391,15.174459672619356,9.488971530131296,14.650591668252272,15.5186126360303,2.8044877836964046,,14,17.3318403029072,2.908639455224862,16.9448445310514,2.8873028609260087,14.8639320731842,2.7640481093868576
PAN,Panamá,2015,39.2716193,74.1501152,54.0341183,11.8938357734005,47.3866199170958,9.17966898909828,5.26691726402875,14082.6548434996,0.137492058461504,3960035.0,2553000.0,4.335,15.191763421575443,9.552699166163743,14.752780087919588,11.8938357734005,2.556749350139137,,15,15.5186126360303,2.8044877836964046,17.3318403029072,2.908639455224862,16.9448445310514,2.8873028609260087
PAN,Panamá,2016,37.6620671,73.7741202,54.6320009,10.0519063068018,41.7407554629987,8.78226076869208,4.57196696307969,14832.3611652459,0.739734025300033,4029086.0,2379000.0,4.717,15.209050109192637,9.604566637916795,14.68219120962969,10.0519063068018,2.4026029295371614,,16,11.8938357734005,2.556749350139137,15.5186126360303,2.8044877836964046,17.3318403029072,2.908639455224862
PAN,Panamá,2017,36.5408642,73.7176296,54.2168564,9.22242063167726,41.4710106747803,6.34573158684694,5.74405946988693,15694.6297518495,0.875585918759878,4098707.0,2517000.0,5.338,15.22618211608261,9.661073878800254,14.738578671415745,9.22242063167726,2.3245834091450583,,17,10.0519063068018,2.4026029295371614,11.8938357734005,2.556749350139137,15.5186126360303,2.8044877836964046
PAN,Panamá,2018,36.7609585,72.1174424,52.6321447,9.62124332136356,42.3471044405144,6.3940456399755,3.9181980847881,16151.3273433486,0.761578359399944,4167860.0,2487000.0,5.161,15.242913272599768,9.689757513716156,14.726588124876333,9.62124332136356,2.3628560825359397,,18,9.22242063167726,2.3245834091450583,10.0519063068018,2.4026029295371614,11.8938357734005,2.556749350139137
PAN,Panamá,2019,36.8493715,72.7148713,52.1697757,11.3349220328569,40.2141744857332,6.7135041995988,3.10306793272473,16477.9066268111,-0.355083821021245,4234700.0,2494000.0,6.256,15.258823045306487,9.709775770322953,14.729398806184347,11.3349220328569,2.512434429155255,,19,9.62124332136356,2.3628560825359397,9.22242063167726,2.3245834091450583,10.0519063068018,2.4026029295371614
PAN,Panamá,2020,37.3493253,71.6480793,52.8383789,11.6461589453797,36.2690881640488,-2.85980025111741,-17.8212299459324,13290.5608397749,-1.5502754080376,4293261.0,647000.0,14.663,15.27255714200436,9.494809350950442,13.380103119076898,11.6461589453797,2.537353528383917,,20,11.3349220328569,2.512434429155255,9.62124332136356,2.3628560825359397,9.22242063167726,2.3245834091450583
PAN,Panamá,2021,37.2569632,71.9384306,52.9991922,12.6570480772218,41.6067040108244,2.71982266254139,16.4671248604202,15509.8069124139,1.63070337301898,4345405.0,,10.177,15.284629522924675,9.649227806861235,,12.6570480772218,2.6142557310255823,,21,11.6461589453797,2.537353528383917,11.3349220328569,2.512434429155255,9.62124332136356,2.3628560825359397
PAN,Panamá,2022,36.4603293,73.2133637,53.2703159,11.3389170493456,48.0265978333415,3.2250848191713,11.0385475261766,17378.6070017557,2.85965128834711,4400773.0,,8.086,15.297290765276427,9.762995246111021,,11.3389170493456,2.512758255253845,,22,12.6570480772218,2.6142557310255823,11.6461589453797,2.537353528383917,11.3349220328569,2.512434429155255
PAN,Panamá,2023,36.3788591,72.2040085,53.0416321,11.7072934419645,45.6292440103821,2.84826789984183,7.16632946099945,18797.1933994045,1.48641355277038,4458759.0,,6.544,15.310381034156144,9.84146285040787,,11.7072934419645,2.5421761153938647,,23,11.3389170493456,2.512758255253845,12.6570480772218,2.6142557310255823,11.6461589453797,2.537353528383917
SLV,El Salvador,2000,33.280372,65.5818393,42.0473419,59.7472879846202,26.8272702258496,1.47137092746017,1.12790697674419,1982.87093542615,2.27128756828723,5943366.0,867000.0,6.96,15.597786197510567,7.5923010408878495,13.672795409164552,59.7472879846202,4.10672243899569,,0,,,,,,
SLV,El Salvador,2002,33.1580423,65.4443922,44.8278584,47.3555199373003,25.5130894550755,3.71125187529755,1.57291844759789,2115.41187355626,1.86552503610077,5986631.0,885000.0,6.2,15.60503937446873,7.657004811791247,13.69334405393293,47.3555199373003,3.8785803816144857,,2,59.7472879846202,4.10672243899569,,,,
SLV,El Salvador,2003,36.7660513,60.5493385,45.285145,55.9464014802791,25.9234207599485,1.06615183714648,1.56539303147618,2207.83089518069,2.1203909173333,5998599.0,798000.0,6.9,15.60703649992696,7.6997658171364405,13.589865129563993,55.9464014802791,4.042110500544356,,3,47.3555199373003,3.8785803816144857,59.7472879846202,4.10672243899569,,
SLV,El Salvador,2004,40.0908064,63.3848636,48.9116433,64.8994757581223,25.9062104819237,2.64681242347754,0.889404485692197,2285.68907438892,4.45194392395045,6004671.0,1030000.0,6.8,15.608048224318386,7.734422822150927,13.845070331079134,64.8994757581223,4.188130486364867,,4,55.9464014802791,4.042110500544356,47.3555199373003,3.8785803816144857,59.7472879846202,4.10672243899569
SLV,El Salvador,2005,39.2668625,64.70213,48.3868735,64.6399118153084,25.2665668798476,3.47761600217717,2.68083009363194,2447.39140845394,4.69094870903769,6005578.0,1306000.0,7.22,15.608199261986584,7.802778005066506,14.082480354515004,64.6399118153084,4.184183922761335,,5,64.8994757581223,4.188130486364867,55.9464014802791,4.042110500544356,47.3555199373003,3.8785803816144857
SLV,El Salvador,2006,40.2352499,62.3107418,45.6991141,65.4247078983383,25.9396783352886,1.50707286112592,4.3369986028604,2665.61807194853,4.03712359429612,6002319.0,1501000.0,6.57,15.607656452520445,7.888191231642117,14.221642776837895,65.4247078983383,4.196069094170469,,6,64.6399118153084,4.184183922761335,64.8994757581223,4.188130486364867,55.9464014802791,4.042110500544356
SLV,El Salvador,2007,39.4762309,65.7302391,45.1010249,58.1880552418794,25.5670345496495,9.11434743633077,1.84760220587859,2830.65693770733,4.57808572377153,6009824.0,1720000.0,6.41,15.6089060215568,7.948264097163967,14.357835430184815,58.1880552418794,4.080719751968895,,7,65.4247078983383,4.196069094170469,64.6399118153084,4.184183922761335,64.8994757581223,4.188130486364867
SLV,El Salvador,2008,39.5536527,66.8570269,45.4092015,52.7258860134014,26.7405871721015,5.0206011155903,2.15440298282768,2983.24829577976,6.70792293515939,6029297.0,1875000.0,5.88,15.612140978159028,8.000768017986637,14.444119750719839,52.7258860134014,3.9838949340333776,,8,58.1880552418794,4.080719751968895,65.4247078983383,4.196069094170469,64.6399118153084,4.184183922761335
SLV,El Salvador,2009,42.7294968,63.2527135,45.0488318,72.4503614995274,23.9512044914048,2.09486399547314,-2.10876837627522,2910.18651752011,1.05595029731201,6048279.0,1482000.0,7.33,15.615284326729887,7.975972453479253,14.208903759601775,72.4503614995274,4.296609824316793,,9,52.7258860134014,3.9838949340333776,58.1880552418794,4.080719751968895,65.4247078983383,4.196069094170469
SLV,El Salvador,2010,42.6730068,66.532444,43.1965315,65.7026379683301,26.9466693264064,-0.613406192808089,2.15419536693635,3040.07300952878,1.17933576873673,6068249.0,1606000.0,4.893,15.618580653546026,8.019636810404243,14.289257796153656,65.7026379683301,4.200244501889584,,10,72.4503614995274,4.296609824316793,52.7258860134014,3.9838949340333776,58.1880552418794,4.080719751968895
SLV,El Salvador,2011,44.45176,66.2860095,45.2329914,71.7719022936632,28.9817775582263,0.603930846788838,3.77358499834686,3330.60049486653,5.1289237668161,6090127.0,1634000.0,4.297,15.622179493327426,8.110907895505955,14.306542166397001,71.7719022936632,4.287329923197246,,11,65.7026379683301,4.200244501889584,72.4503614995274,4.296609824316793,52.7258860134014,3.9838949340333776
SLV,El Salvador,2012,39.4985633,69.2463755,43.0148003,42.4273897096406,28.5710611774443,2.01123945886672,2.88770010188691,3497.91256915509,1.72973481581383,6113975.0,1738000.0,3.843,15.626087692448436,8.15992166074219,14.368246160181302,42.4273897096406,3.7710903413474166,,12,71.7719022936632,4.287329923197246,65.7026379683301,4.200244501889584,72.4503614995274,4.296609824316793
SLV,El Salvador,2013,40.8632091,63.8876178,45.2381082,40.9360792814407,29.7248960481943,1.11490857279595,2.18295232499635,3582.26694005169,0.757669184522973,6138839.0,1822000.0,3.693,15.630146194296062,8.18375110247148,14.41544590564931,40.9360792814407,3.7361465371134273,,13,42.4273897096406,3.7710903413474166,71.7719022936632,4.287329923197246,65.7026379683301,4.200244501889584
SLV,El Salvador,2014,38.0404523,64.1791153,46.4711587,63.6220773963139,29.5528752334192,2.2408951362935,1.7293998423459,3666.01248913873,1.14134467538233,6162955.0,1886000.0,4.154,15.63406692827891,8.206859835142001,14.449969272398093,63.6220773963139,4.168556107764391,,14,40.9360792814407,3.7361465371134273,42.4273897096406,3.7710903413474166,71.7719022936632,4.287329923197246
SLV,El Salvador,2015,37.2559025,63.4839557,43.7543201,107.638231074992,29.4861730232304,2.10997804482034,2.40000008852115,3790.34089108162,-0.731384487387957,6183676.0,1973000.0,3.998,15.637423474603857,8.240211238908092,14.495066291846996,83.5987564733555,4.437919567607641,,15,63.6220773963139,4.168556107764391,40.9360792814407,3.7361465371134273,42.4273897096406,3.7710903413474166
SLV,El Salvador,2016,36.4629222,61.6051676,44.1267632,85.0858022421141,28.4585905008509,1.98198031581358,2.53906241135864,3901.34014965811,0.60404908699661,6200800.0,2052000.0,4.418,15.64018887394944,8.269075401208582,14.534325972602113,83.5987564733555,4.437919567607641,,16,107.638231074992,4.437919567607641,63.6220773963139,4.168556107764391,40.9360792814407,3.7361465371134273
SLV,El Salvador,2017,37.1622409,60.1543384,42.1456598,63.764040219627,29.0297643758665,2.01688451540263,2.24761908134138,4020.12671373919,1.0123540331558,6213533.0,2247000.0,4.385,15.642240213230417,8.29906870194694,14.625106996205195,63.764040219627,4.170750514442579,,17,85.0858022421141,4.437919567607641,107.638231074992,4.437919567607641,63.6220773963139,4.168556107764391
SLV,El Salvador,2018,36.12166,58.7190176,42.6501709,53.7958771232068,28.9343737810256,1.58620478716365,2.4124442237792,4183.54620971358,1.09033000581892,6219807.0,2536000.0,4.006,15.643249435295047,8.338914541381254,14.746098988860943,53.7958771232068,4.003614956145698,,18,63.764040219627,4.170750514442579,85.0858022421141,4.437919567607641,107.638231074992,4.437919567607641
SLV,El Salvador,2019,37.3123805,62.2422412,44.0743893,38.5386955905095,29.9559096080003,2.59024369040438,2.43747159065784,4320.11671534627,0.0753241350024612,6222318.0,2639000.0,4.17,15.643653064101878,8.371037698314458,14.785910994416803,38.5386955905095,3.6772798275804335,,19,53.7958771232068,4.003614956145698,63.764040219627,4.170750514442579,85.0858022421141,4.437919567607641
SLV,El Salvador,2020,37.5165892,63.3356789,45.071142,21.5087446038674,24.5267982788944,1.55101998611342,-7.893101359867,3997.19279583709,-0.371590212324095,6234673.0,707000.0,5.008,15.645636689850853,8.293347592683672,13.468787359304866,21.5087446038674,3.113903882766664,,20,38.5386955905095,3.6772798275804335,53.7958771232068,4.003614956145698,63.764040219627,4.170750514442579
SLV,El Salvador,2021,36.4858376,62.1021567,42.5917078,17.343956146806,28.7814953892726,2.7560499827498,11.9047617015957,4642.60743101342,3.46692585313082,6255782.0,,4.327,15.649016714052815,8.443031433726683,,17.343956146806,2.909300154951241,,21,21.5087446038674,3.113903882766664,38.5386955905095,3.6772798275804335,53.7958771232068,4.003614956145698
SLV,El Salvador,2022,34.0875275,64.1882591,40.3615724,7.89768799960639,32.433483149734,0.0823187568481088,2.95461516549889,5074.60210221806,7.19861615609867,6280319.0,,2.999,15.652931333332644,8.532003397332442,,7.89768799960639,2.1857914676655152,,22,17.343956146806,2.909300154951241,21.5087446038674,3.113903882766664,38.5386955905095,3.6772798275804335
SLV,El Salvador,2023,35.5083699,67.2989159,44.795442,2.24,31.3971431390261,1.89928827474734,3.5391566928735,5365.44491399171,4.04554694222477,6309624.0,,2.992,15.657586644786337,8.587734580608991,,5.425072047487148,1.860207844335088,,23,7.89768799960639,2.1857914676655152,17.343956146806,2.909300154951241,21.5087446038674,3.113903882766664
SLV,El Salvador,2024,36.1837975,65.9991479,44.6872968,1.9,32.7607043808335,2.61241857793703,2.60202016121069,5579.65969165029,0.853782292567288,6338193.0,,3.261,15.662104270015824,8.626883066356118,,5.425072047487148,1.860207844335088,,24,2.24,1.860207844335088,7.89768799960639,2.1857914676655152,17.343956146806,2.909300154951241
